{
  "overall": {
    "count": {
      "network_size": 648.0,
      "seed": 648.0
    },
    "mean": {
      "network_size": 116.66666666666667,
      "seed": 207.0
    },
    "std": {
      "network_size": 62.40913023205406,
      "seed": 179.2863751869231
    },
    "min": {
      "network_size": 50.0,
      "seed": 42.0
    },
    "25%": {
      "network_size": 50.0,
      "seed": 42.0
    },
    "50%": {
      "network_size": 100.0,
      "seed": 123.0
    },
    "75%": {
      "network_size": 200.0,
      "seed": 456.0
    },
    "max": {
      "network_size": 200.0,
      "seed": 456.0
    }
  },
  "by_topology": {
    "network_size": {
      "modular": {
        "count": 324.0,
        "mean": 116.66666666666667,
        "std": 62.457415833267234,
        "min": 50.0,
        "25%": 50.0,
        "50%": 100.0,
        "75%": 200.0,
        "max": 200.0
      },
      "small_world": {
        "count": 324.0,
        "mean": 116.66666666666667,
        "std": 62.457415833267234,
        "min": 50.0,
        "25%": 50.0,
        "50%": 100.0,
        "75%": 200.0,
        "max": 200.0
      }
    },
    "seed": {
      "modular": {
        "count": 324.0,
        "mean": 207.0,
        "std": 179.42508807048742,
        "min": 42.0,
        "25%": 42.0,
        "50%": 123.0,
        "75%": 456.0,
        "max": 456.0
      },
      "small_world": {
        "count": 324.0,
        "mean": 207.0,
        "std": 179.42508807048742,
        "min": 42.0,
        "25%": 42.0,
        "50%": 123.0,
        "75%": 456.0,
        "max": 456.0
      }
    }
  },
  "by_algorithm": {
    "network_size": {
      "A2C": {
        "count": 216.0,
        "mean": 116.66666666666667,
        "std": 62.505813683097095,
        "min": 50.0,
        "25%": 50.0,
        "50%": 100.0,
        "75%": 200.0,
        "max": 200.0
      },
      "PPO": {
        "count": 216.0,
        "mean": 116.66666666666667,
        "std": 62.505813683097095,
        "min": 50.0,
        "25%": 50.0,
        "50%": 100.0,
        "75%": 200.0,
        "max": 200.0
      },
      "SAC": {
        "count": 216.0,
        "mean": 116.66666666666667,
        "std": 62.505813683097095,
        "min": 50.0,
        "25%": 50.0,
        "50%": 100.0,
        "75%": 200.0,
        "max": 200.0
      }
    },
    "seed": {
      "A2C": {
        "count": 216.0,
        "mean": 207.0,
        "std": 179.56412341724794,
        "min": 42.0,
        "25%": 42.0,
        "50%": 123.0,
        "75%": 456.0,
        "max": 456.0
      },
      "PPO": {
        "count": 216.0,
        "mean": 207.0,
        "std": 179.56412341724794,
        "min": 42.0,
        "25%": 42.0,
        "50%": 123.0,
        "75%": 456.0,
        "max": 456.0
      },
      "SAC": {
        "count": 216.0,
        "mean": 207.0,
        "std": 179.56412341724794,
        "min": 42.0,
        "25%": 42.0,
        "50%": 123.0,
        "75%": 456.0,
        "max": 456.0
      }
    }
  },
  "by_strategy": {
    "network_size": {
      "centrality_based": {
        "count": 162.0,
        "mean": 116.66666666666667,
        "std": 62.55432421712243,
        "min": 50.0,
        "25%": 50.0,
        "50%": 100.0,
        "75%": 200.0,
        "max": 200.0
      },
      "distance_based": {
        "count": 162.0,
        "mean": 116.66666666666667,
        "std": 62.55432421712243,
        "min": 50.0,
        "25%": 50.0,
        "50%": 100.0,
        "75%": 200.0,
        "max": 200.0
      },
      "module_based": {
        "count": 162.0,
        "mean": 116.66666666666667,
        "std": 62.55432421712243,
        "min": 50.0,
        "25%": 50.0,
        "50%": 100.0,
        "75%": 200.0,
        "max": 200.0
      },
      "random": {
        "count": 162.0,
        "mean": 116.66666666666667,
        "std": 62.55432421712243,
        "min": 50.0,
        "25%": 50.0,
        "50%": 100.0,
        "75%": 200.0,
        "max": 200.0
      }
    },
    "seed": {
      "centrality_based": {
        "count": 162.0,
        "mean": 207.0,
        "std": 179.70348247851746,
        "min": 42.0,
        "25%": 42.0,
        "50%": 123.0,
        "75%": 456.0,
        "max": 456.0
      },
      "distance_based": {
        "count": 162.0,
        "mean": 207.0,
        "std": 179.70348247851746,
        "min": 42.0,
        "25%": 42.0,
        "50%": 123.0,
        "75%": 456.0,
        "max": 456.0
      },
      "module_based": {
        "count": 162.0,
        "mean": 207.0,
        "std": 179.70348247851746,
        "min": 42.0,
        "25%": 42.0,
        "50%": 123.0,
        "75%": 456.0,
        "max": 456.0
      },
      "random": {
        "count": 162.0,
        "mean": 207.0,
        "std": 179.70348247851746,
        "min": 42.0,
        "25%": 42.0,
        "50%": 123.0,
        "75%": 456.0,
        "max": 456.0
      }
    }
  },
  "by_network_size": {
    "seed": {
      "50": {
        "count": 216.0,
        "mean": 207.0,
        "std": 179.56412341724794,
        "min": 42.0,
        "25%": 42.0,
        "50%": 123.0,
        "75%": 456.0,
        "max": 456.0
      },
      "100": {
        "count": 216.0,
        "mean": 207.0,
        "std": 179.56412341724794,
        "min": 42.0,
        "25%": 42.0,
        "50%": 123.0,
        "75%": 456.0,
        "max": 456.0
      },
      "200": {
        "count": 216.0,
        "mean": 207.0,
        "std": 179.56412341724794,
        "min": 42.0,
        "25%": 42.0,
        "50%": 123.0,
        "75%": 456.0,
        "max": 456.0
      }
    }
  }
}