timesteps,wall_time,num_episodes,max_episode_rewards,mean_episode_rewards,min_episode_rewards,max_episode_len,mean_episode_len,min_episode_len
50.0,2.3978328704833984,1.0,4.0,4.0,4.0,50.0,50.0,50.0
100.0,2.959587335586548,3.0,4.0,2.3333332538604736,0.0,50.0,31.333333333333332,6.0
150.0,3.566215991973877,7.0,2.0,0.4000000059604645,0.0,32.0,11.2,6.0
200.0,4.1637351512908936,11.0,1.0,0.4000000059604645,0.0,22.0,11.2,6.0
250.0,4.759735822677612,17.0,0.0,0.0,0.0,6.0,6.0,6.0
300.0,5.359989404678345,20.0,1.0,0.6000000238418579,0.0,20.0,12.8,6.0
350.0,5.95719838142395,25.0,1.0,0.4000000059604645,0.0,18.0,10.4,6.0
400.0,6.564364910125732,33.0,0.0,0.0,0.0,6.0,6.0,6.0
450.0,7.167038679122925,38.0,1.0,0.20000000298023224,0.0,16.0,8.4,6.0
500.0,7.781722068786621,41.0,1.0,0.4000000059604645,0.0,26.0,12.0,6.0
550.0,8.416035175323486,44.0,2.0,0.6000000238418579,0.0,28.0,12.4,6.0
600.0,9.014776706695557,46.0,3.0,1.399999976158142,0.0,38.0,20.8,6.0
650.0,9.616292476654053,48.0,3.0,1.600000023841858,0.0,38.0,24.0,6.0
700.0,10.217938423156738,51.0,2.0,1.0,0.0,34.0,19.6,6.0
750.0,10.815476655960083,54.0,2.0,0.6000000238418579,0.0,28.0,14.4,6.0
800.0,11.415389776229858,57.0,2.0,0.800000011920929,0.0,28.0,14.4,6.0
850.0,12.016185998916626,61.0,2.0,0.800000011920929,0.0,28.0,14.4,6.0
900.0,12.614568710327148,68.0,0.0,0.0,0.0,6.0,6.0,6.0
950.0,13.223706245422363,73.0,1.0,0.20000000298023224,0.0,16.0,9.6,6.0
1000.0,13.84486436843872,78.0,1.0,0.4000000059604645,0.0,16.0,12.0,6.0
1050.0,14.443083763122559,83.0,1.0,0.4000000059604645,0.0,16.0,10.0,6.0
1100.0,15.046367406845093,88.0,1.0,0.4000000059604645,0.0,16.0,10.0,6.0
1150.0,15.644293785095215,94.0,0.0,0.0,0.0,6.0,6.0,6.0
1200.0,16.24498724937439,99.0,1.0,0.4000000059604645,0.0,16.0,10.8,6.0
1250.0,16.851659536361694,105.0,0.0,0.0,0.0,6.0,6.0,6.0
1300.0,17.451752424240112,109.0,2.0,0.6000000238418579,0.0,30.0,12.8,6.0
1350.0,18.05255436897278,114.0,1.0,0.4000000059604645,0.0,22.0,11.2,6.0
1400.0,18.66549324989319,116.0,2.0,0.800000011920929,0.0,28.0,14.4,6.0
1450.0,19.298299312591553,121.0,1.0,0.20000000298023224,0.0,16.0,9.2,6.0
1500.0,19.92331886291504,124.0,1.0,0.6000000238418579,0.0,26.0,14.0,6.0
1550.0,20.53480863571167,130.0,1.0,0.20000000298023224,0.0,16.0,8.0,6.0
1600.0,21.131861209869385,135.0,1.0,0.20000000298023224,0.0,16.0,8.8,6.0
1650.0,21.73608136177063,139.0,2.0,0.4000000059604645,0.0,28.0,12.4,6.0
1700.0,22.333816289901733,142.0,2.0,0.800000011920929,0.0,28.0,15.2,6.0
1750.0,22.928251028060913,147.0,1.0,0.6000000238418579,0.0,18.0,12.4,6.0
1800.0,23.530332565307617,152.0,1.0,0.4000000059604645,0.0,16.0,10.0,6.0
1850.0,24.127966165542603,157.0,1.0,0.20000000298023224,0.0,16.0,8.0,6.0
1900.0,24.720152139663696,160.0,1.0,0.6000000238418579,0.0,26.0,14.0,6.0
1950.0,25.31914210319519,165.0,0.0,0.0,0.0,8.0,6.4,6.0
2000.0,25.92116665840149,171.0,0.0,0.0,0.0,6.0,6.0,6.0
2050.0,26.51984143257141,174.0,2.0,0.6000000238418579,0.0,28.0,13.2,6.0
2100.0,27.12431001663208,179.0,1.0,0.4000000059604645,0.0,16.0,10.0,6.0
2150.0,27.731261730194092,181.0,2.0,0.6000000238418579,0.0,26.0,12.0,6.0
2200.0,28.331055402755737,184.0,2.0,1.2000000476837158,0.0,34.0,19.6,6.0
2250.0,28.943731784820557,189.0,2.0,0.4000000059604645,0.0,26.0,10.4,6.0
2300.0,29.571255445480347,193.0,1.0,0.4000000059604645,0.0,16.0,10.0,6.0
2350.0,30.15841031074524,199.0,1.0,0.20000000298023224,0.0,16.0,8.0,6.0
2400.0,30.756207704544067,205.0,0.0,0.0,0.0,6.0,6.0,6.0
2450.0,31.357680797576904,210.0,1.0,0.6000000238418579,0.0,20.0,12.8,6.0
2500.0,31.960262298583984,214.0,1.0,0.6000000238418579,0.0,16.0,12.0,6.0
2550.0,32.559630155563354,217.0,1.0,0.4000000059604645,0.0,16.0,11.2,6.0
2600.0,33.1736421585083,223.0,0.0,0.0,0.0,6.0,6.0,6.0
2650.0,33.799943923950195,228.0,1.0,0.4000000059604645,0.0,20.0,10.8,6.0
2700.0,34.4238600730896,234.0,1.0,0.20000000298023224,0.0,16.0,8.0,6.0
2750.0,35.03166723251343,238.0,2.0,0.4000000059604645,0.0,26.0,10.8,6.0
2800.0,35.631892919540405,242.0,1.0,0.20000000298023224,0.0,16.0,9.2,6.0
2850.0,36.23236584663391,247.0,2.0,0.6000000238418579,0.0,32.0,13.2,6.0
2900.0,36.83252215385437,253.0,1.0,0.20000000298023224,0.0,16.0,8.0,6.0
2950.0,37.43373465538025,256.0,2.0,0.6000000238418579,0.0,26.0,12.8,6.0
3000.0,38.030895948410034,261.0,1.0,0.4000000059604645,0.0,16.0,10.4,6.0
3050.0,38.6269896030426,266.0,1.0,0.20000000298023224,0.0,16.0,8.0,6.0
3100.0,39.26822876930237,270.0,1.0,0.4000000059604645,0.0,26.0,12.0,6.0
3150.0,39.89989614486694,272.0,2.0,0.800000011920929,0.0,26.0,15.2,6.0
3200.0,40.49537754058838,275.0,2.0,1.2000000476837158,1.0,26.0,20.8,16.0
3250.0,41.13365077972412,280.0,1.0,0.4000000059604645,0.0,18.0,10.4,6.0
3300.0,41.7392144203186,284.0,1.0,0.4000000059604645,0.0,16.0,10.0,6.0
3350.0,42.33688402175903,287.0,3.0,0.800000011920929,0.0,38.0,15.6,6.0
3400.0,42.94468951225281,290.0,3.0,1.2000000476837158,0.0,38.0,18.4,6.0
3450.0,43.57535171508789,294.0,2.0,0.6000000238418579,0.0,28.0,12.8,6.0
3500.0,44.20556402206421,296.0,2.0,0.800000011920929,0.0,30.0,15.2,6.0
3550.0,44.8353488445282,301.0,1.0,0.4000000059604645,0.0,24.0,11.6,6.0
3600.0,45.44381237030029,306.0,1.0,0.4000000059604645,0.0,16.0,12.0,6.0
3650.0,46.047688722610474,311.0,1.0,0.20000000298023224,0.0,16.0,8.0,6.0
3700.0,46.66142249107361,316.0,1.0,0.4000000059604645,0.0,26.0,12.0,6.0
3750.0,47.271358013153076,321.0,1.0,0.4000000059604645,0.0,16.0,10.0,6.0
3800.0,47.87127232551575,327.0,1.0,0.20000000298023224,0.0,16.0,8.0,6.0
3850.0,48.467344760894775,331.0,1.0,0.4000000059604645,0.0,16.0,10.8,6.0
3900.0,49.06461977958679,337.0,1.0,0.20000000298023224,0.0,16.0,8.0,6.0
3950.0,49.659982442855835,341.0,1.0,0.4000000059604645,0.0,16.0,10.8,6.0
4000.0,50.260528802871704,346.0,1.0,0.4000000059604645,0.0,22.0,11.2,6.0
4050.0,50.86652684211731,349.0,1.0,0.4000000059604645,0.0,16.0,10.0,6.0
4100.0,51.46840023994446,354.0,1.0,0.6000000238418579,0.0,18.0,12.4,6.0
4150.0,52.06823015213013,360.0,1.0,0.20000000298023224,0.0,16.0,8.0,6.0
4200.0,52.663116693496704,365.0,1.0,0.4000000059604645,0.0,16.0,10.8,6.0
4250.0,53.283777713775635,370.0,1.0,0.4000000059604645,0.0,16.0,10.0,6.0
4300.0,53.92286515235901,376.0,1.0,0.20000000298023224,0.0,16.0,8.0,6.0
4350.0,54.53211331367493,380.0,1.0,0.4000000059604645,0.0,20.0,10.8,6.0
4400.0,55.13162803649902,384.0,1.0,0.6000000238418579,0.0,22.0,13.2,6.0
4450.0,55.7280490398407,387.0,1.0,0.6000000238418579,0.0,22.0,13.2,6.0
4500.0,56.32475566864014,390.0,3.0,1.0,0.0,38.0,16.4,6.0
4550.0,56.92453193664551,396.0,0.0,0.0,0.0,6.0,6.0,6.0
4600.0,57.53508543968201,399.0,1.0,0.4000000059604645,0.0,20.0,10.8,6.0
4650.0,58.1737539768219,404.0,2.0,0.6000000238418579,0.0,28.0,12.4,6.0
4700.0,58.809274435043335,408.0,1.0,0.6000000238418579,0.0,16.0,12.0,6.0
4750.0,59.439095973968506,411.0,1.0,0.6000000238418579,0.0,16.0,13.2,6.0
4800.0,60.04517197608948,417.0,1.0,0.20000000298023224,0.0,16.0,8.0,6.0
4850.0,60.649633169174194,419.0,2.0,0.800000011920929,0.0,26.0,14.8,6.0
4900.0,61.27689862251282,425.0,1.0,0.20000000298023224,0.0,16.0,8.0,6.0
4950.0,61.892913818359375,427.0,2.0,0.6000000238418579,0.0,30.0,12.8,6.0
5000.0,62.501697301864624,430.0,2.0,0.6000000238418579,0.0,30.0,14.4,6.0
5050.0,63.10366749763489,436.0,1.0,0.20000000298023224,0.0,16.0,8.0,6.0
5100.0,63.731714487075806,441.0,1.0,0.4000000059604645,0.0,20.0,10.8,6.0
5150.0,64.37192106246948,444.0,1.0,0.4000000059604645,0.0,16.0,10.0,6.0
5200.0,64.99543786048889,449.0,1.0,0.6000000238418579,0.0,18.0,12.4,6.0
5250.0,65.61033344268799,453.0,1.0,0.4000000059604645,0.0,16.0,10.0,6.0
5300.0,66.21992564201355,456.0,3.0,1.0,0.0,42.0,17.2,6.0
5350.0,66.82171320915222,460.0,2.0,0.4000000059604645,0.0,28.0,10.8,6.0
5400.0,67.4323980808258,464.0,2.0,0.800000011920929,0.0,28.0,15.2,6.0
5450.0,68.06059265136719,469.0,1.0,0.4000000059604645,0.0,16.0,11.2,6.0
5500.0,68.69501543045044,472.0,2.0,0.800000011920929,0.0,26.0,14.0,6.0
5550.0,69.33050322532654,475.0,2.0,0.800000011920929,0.0,26.0,14.4,6.0
5600.0,69.95575833320618,480.0,2.0,0.6000000238418579,0.0,28.0,12.4,6.0
5650.0,70.55669069290161,486.0,1.0,0.20000000298023224,0.0,16.0,8.0,6.0
5700.0,71.16811895370483,488.0,1.0,0.4000000059604645,0.0,20.0,10.8,6.0
5750.0,71.77484583854675,492.0,1.0,0.800000011920929,0.0,24.0,15.6,6.0
5800.0,72.38030886650085,495.0,2.0,1.0,0.0,34.0,17.6,6.0
5850.0,72.98682713508606,499.0,1.0,0.6000000238418579,0.0,16.0,12.0,6.0
5900.0,73.60576963424683,502.0,1.0,1.0,1.0,22.0,17.2,16.0
5950.0,74.22265338897705,503.0,4.0,1.600000023841858,1.0,50.0,24.0,16.0
6000.0,74.85524916648865,506.0,4.0,1.600000023841858,0.0,50.0,23.6,8.0
6050.0,75.48364520072937,511.0,1.0,0.4000000059604645,0.0,16.0,10.0,6.0
6100.0,76.10973525047302,516.0,1.0,0.4000000059604645,0.0,16.0,10.0,6.0
6150.0,76.74040699005127,519.0,1.0,0.4000000059604645,0.0,16.0,10.0,6.0
6200.0,77.35654211044312,524.0,4.0,0.800000011920929,0.0,48.0,14.4,6.0
6250.0,77.97736310958862,527.0,1.0,0.20000000298023224,0.0,16.0,8.0,6.0
6300.0,78.60317873954773,531.0,2.0,1.0,0.0,28.0,16.4,6.0
6350.0,79.22857427597046,537.0,1.0,0.20000000298023224,0.0,16.0,8.0,6.0
6400.0,79.85146498680115,543.0,0.0,0.0,0.0,6.0,6.0,6.0
6450.0,80.47183227539062,545.0,1.0,0.4000000059604645,0.0,20.0,10.8,6.0
6500.0,81.09247398376465,546.0,4.0,1.2000000476837158,0.0,56.0,20.8,6.0
6550.0,81.72289228439331,549.0,4.0,1.7999999523162842,0.0,56.0,26.8,6.0
6600.0,82.3495261669159,551.0,2.0,1.399999976158142,0.0,28.0,21.2,6.0
6650.0,82.98307275772095,554.0,2.0,1.2000000476837158,0.0,34.0,20.0,6.0
6700.0,83.6128134727478,557.0,1.0,0.6000000238418579,0.0,16.0,12.0,6.0
6750.0,84.2350594997406,562.0,2.0,0.6000000238418579,0.0,28.0,12.4,6.0
6800.0,84.86117506027222,565.0,1.0,0.4000000059604645,0.0,16.0,10.0,6.0
6850.0,85.49360489845276,569.0,1.0,0.6000000238418579,0.0,18.0,12.4,6.0
6900.0,86.11247897148132,573.0,3.0,0.6000000238418579,0.0,44.0,13.6,6.0
6950.0,86.72751522064209,576.0,2.0,0.6000000238418579,0.0,26.0,12.8,6.0
7000.0,87.34703946113586,581.0,2.0,0.4000000059604645,0.0,28.0,10.4,6.0
7050.0,87.96246314048767,586.0,1.0,0.4000000059604645,0.0,16.0,10.0,6.0
7100.0,88.58508062362671,588.0,1.0,0.800000011920929,0.0,16.0,14.0,6.0
7150.0,89.21844482421875,591.0,3.0,1.0,0.0,46.0,18.0,6.0
7200.0,89.84064722061157,594.0,2.0,0.6000000238418579,0.0,38.0,14.4,6.0
7250.0,90.45937514305115,595.0,2.0,0.800000011920929,0.0,38.0,16.4,6.0
7300.0,91.07642030715942,598.0,3.0,1.2000000476837158,0.0,40.0,18.8,6.0
7350.0,91.69773364067078,601.0,3.0,1.2000000476837158,0.0,38.0,18.4,6.0
7400.0,92.32507514953613,604.0,2.0,1.0,0.0,28.0,16.8,8.0
7450.0,92.95262503623962,606.0,2.0,1.0,0.0,28.0,16.8,6.0
7500.0,93.5862238407135,609.0,2.0,1.0,0.0,34.0,17.6,6.0
7550.0,94.2207887172699,611.0,2.0,1.399999976158142,0.0,34.0,22.4,6.0
7600.0,94.84888696670532,616.0,1.0,0.4000000059604645,0.0,22.0,11.2,6.0
7650.0,95.46341705322266,619.0,2.0,0.4000000059604645,0.0,26.0,10.0,6.0
7700.0,96.06844329833984,623.0,2.0,1.0,0.0,28.0,16.4,6.0
7750.0,96.68094277381897,626.0,1.0,0.4000000059604645,0.0,16.0,11.2,6.0
7800.0,97.30477738380432,630.0,2.0,0.6000000238418579,0.0,28.0,12.4,6.0
7850.0,97.92017126083374,633.0,2.0,0.6000000238418579,0.0,32.0,13.2,6.0
7900.0,98.54102110862732,636.0,2.0,1.0,0.0,28.0,16.4,6.0
7950.0,99.15248775482178,637.0,2.0,1.399999976158142,1.0,28.0,20.8,16.0
8000.0,99.76458501815796,640.0,3.0,1.600000023841858,1.0,40.0,23.2,16.0
8050.0,100.37215065956116,642.0,3.0,1.399999976158142,0.0,40.0,21.2,6.0
8100.0,100.97954535484314,647.0,2.0,0.6000000238418579,0.0,34.0,13.6,6.0
8150.0,101.59003186225891,650.0,2.0,0.800000011920929,0.0,28.0,14.4,6.0
8200.0,102.21751141548157,653.0,2.0,0.800000011920929,0.0,28.0,14.4,6.0
8250.0,102.84004235267639,656.0,2.0,1.0,0.0,28.0,16.4,6.0
8300.0,103.45402240753174,659.0,2.0,1.0,0.0,26.0,16.4,6.0
8350.0,104.06803107261658,661.0,2.0,1.2000000476837158,1.0,26.0,18.8,16.0
8400.0,104.6722960472107,664.0,2.0,1.2000000476837158,0.0,36.0,20.4,6.0
8450.0,105.29297208786011,667.0,2.0,0.800000011920929,0.0,26.0,14.0,6.0
8500.0,105.91807317733765,671.0,2.0,0.4000000059604645,0.0,26.0,10.4,6.0
8550.0,106.54837894439697,674.0,3.0,0.800000011920929,0.0,42.0,15.2,6.0
8600.0,107.16415095329285,676.0,3.0,1.399999976158142,0.0,42.0,21.6,6.0
8650.0,107.77410387992859,678.0,2.0,1.600000023841858,1.0,34.0,24.4,16.0
8700.0,108.40802574157715,679.0,2.0,1.7999999523162842,1.0,34.0,27.6,16.0
8750.0,109.03909373283386,681.0,3.0,2.200000047683716,2.0,40.0,32.4,28.0
8800.0,109.67979574203491,685.0,2.0,0.800000011920929,0.0,28.0,16.0,6.0
8850.0,110.2938392162323,688.0,2.0,0.800000011920929,0.0,28.0,15.2,6.0
8900.0,110.88852071762085,690.0,2.0,1.2000000476837158,0.0,28.0,19.2,6.0
8950.0,111.50824856758118,695.0,1.0,0.4000000059604645,0.0,24.0,11.6,6.0
9000.0,112.11077189445496,697.0,2.0,0.6000000238418579,0.0,26.0,12.0,6.0
9050.0,112.72414827346802,698.0,2.0,1.0,0.0,36.0,18.0,6.0
9100.0,113.3567202091217,701.0,2.0,1.600000023841858,1.0,36.0,24.8,16.0
9150.0,113.99961614608765,704.0,2.0,1.2000000476837158,0.0,28.0,18.4,6.0
9200.0,114.63137531280518,706.0,2.0,1.2000000476837158,0.0,30.0,18.8,6.0
9250.0,115.26247334480286,709.0,2.0,1.2000000476837158,0.0,30.0,20.0,6.0
9300.0,115.88191366195679,712.0,2.0,1.0,0.0,28.0,16.8,6.0
9350.0,116.50686717033386,715.0,2.0,1.0,0.0,28.0,16.8,6.0
9400.0,117.12498068809509,718.0,2.0,1.2000000476837158,0.0,28.0,18.4,6.0
9450.0,117.72566413879395,720.0,2.0,1.2000000476837158,0.0,28.0,18.4,6.0
9500.0,118.32408666610718,723.0,2.0,1.0,0.0,28.0,18.0,6.0
9550.0,118.92739200592041,725.0,2.0,1.2000000476837158,0.0,28.0,20.0,6.0
9600.0,119.55606818199158,727.0,2.0,1.600000023841858,1.0,28.0,24.4,16.0
9650.0,120.19668793678284,730.0,2.0,1.2000000476837158,1.0,28.0,21.2,16.0
9700.0,120.83393502235413,732.0,2.0,1.2000000476837158,1.0,26.0,19.6,16.0
9750.0,121.44441556930542,734.0,2.0,1.399999976158142,1.0,36.0,22.4,16.0
9800.0,122.05279636383057,735.0,2.0,1.600000023841858,1.0,36.0,26.0,16.0
9850.0,122.66033124923706,737.0,4.0,2.0,1.0,48.0,30.0,16.0
9900.0,123.26378321647644,738.0,4.0,2.0,1.0,48.0,30.0,16.0
9950.0,123.87199664115906,741.0,3.0,1.600000023841858,0.0,38.0,24.8,6.0
10000.0,124.50307130813599,744.0,2.0,0.800000011920929,0.0,28.0,14.8,6.0
10050.0,125.12994313240051,746.0,2.0,1.0,0.0,28.0,18.4,6.0
10100.0,125.75802063941956,750.0,2.0,0.800000011920929,0.0,26.0,15.6,6.0
10150.0,126.35179018974304,753.0,2.0,0.800000011920929,0.0,26.0,15.2,6.0
10200.0,126.94796061515808,756.0,2.0,0.800000011920929,0.0,26.0,14.4,6.0
10250.0,127.5412175655365,758.0,2.0,1.2000000476837158,0.0,28.0,18.8,6.0
10300.0,128.14159417152405,761.0,2.0,1.399999976158142,0.0,28.0,22.0,14.0
10350.0,128.73379254341125,765.0,2.0,0.800000011920929,0.0,26.0,14.4,6.0
10400.0,129.33297991752625,768.0,1.0,0.6000000238418579,0.0,22.0,13.2,6.0
10450.0,129.9575378894806,771.0,2.0,1.0,0.0,28.0,16.4,6.0
10500.0,130.54726886749268,774.0,1.0,0.800000011920929,0.0,18.0,14.4,6.0
10550.0,131.10281682014465,780.0,1.0,0.20000000298023224,0.0,16.0,8.0,6.0
10600.0,131.6771743297577,782.0,2.0,0.800000011920929,0.0,30.0,14.8,6.0
10650.0,132.2358169555664,785.0,2.0,1.0,0.0,30.0,18.4,6.0
10700.0,132.82319617271423,787.0,2.0,1.2000000476837158,0.0,28.0,20.4,6.0
10750.0,133.3941740989685,789.0,2.0,1.600000023841858,1.0,28.0,24.0,16.0
10800.0,133.97138595581055,793.0,2.0,0.800000011920929,0.0,26.0,15.6,6.0
10850.0,134.53211736679077,796.0,1.0,0.6000000238418579,0.0,16.0,13.2,6.0
10900.0,135.0984332561493,798.0,3.0,1.2000000476837158,0.0,38.0,19.6,12.0
10950.0,135.67245364189148,801.0,3.0,1.399999976158142,0.0,38.0,22.0,6.0
11000.0,136.2562758922577,803.0,2.0,1.2000000476837158,0.0,28.0,20.0,6.0
11050.0,136.83769750595093,804.0,3.0,1.600000023841858,0.0,46.0,24.4,6.0
11100.0,137.42290544509888,805.0,3.0,1.7999999523162842,0.0,46.0,27.2,6.0
11150.0,138.00837922096252,808.0,3.0,2.200000047683716,1.0,46.0,31.2,16.0
11200.0,138.59137153625488,810.0,2.0,1.399999976158142,1.0,28.0,20.8,16.0
11250.0,139.17288541793823,814.0,2.0,0.800000011920929,0.0,28.0,16.0,6.0
11300.0,139.73889541625977,815.0,2.0,1.0,0.0,30.0,18.8,6.0
11350.0,140.3117926120758,817.0,3.0,1.399999976158142,0.0,40.0,21.6,6.0
11400.0,140.90446257591248,819.0,3.0,2.0,1.0,40.0,29.2,24.0
11450.0,141.4931161403656,821.0,2.0,1.600000023841858,1.0,28.0,25.6,24.0
11500.0,142.07672691345215,824.0,2.0,1.2000000476837158,0.0,28.0,21.6,12.0
11550.0,142.65607714653015,828.0,1.0,0.6000000238418579,0.0,16.0,12.0,6.0
11600.0,143.23354697227478,831.0,2.0,0.800000011920929,0.0,28.0,15.6,6.0
11650.0,143.82217693328857,834.0,2.0,0.800000011920929,0.0,28.0,14.4,6.0
11700.0,144.37807154655457,837.0,3.0,1.0,0.0,40.0,16.8,6.0
11750.0,144.9394588470459,840.0,2.0,0.6000000238418579,0.0,26.0,12.0,6.0
11800.0,145.5147864818573,843.0,2.0,1.2000000476837158,0.0,28.0,18.4,6.0
11850.0,146.09059762954712,845.0,2.0,1.2000000476837158,1.0,28.0,18.8,16.0
11900.0,146.67930483818054,848.0,3.0,1.2000000476837158,0.0,44.0,20.0,6.0
11950.0,147.2359116077423,851.0,1.0,0.800000011920929,0.0,18.0,14.4,6.0
12000.0,147.8146629333496,852.0,2.0,1.0,0.0,30.0,17.2,6.0
12050.0,148.39593505859375,854.0,3.0,1.7999999523162842,1.0,38.0,25.2,16.0
12100.0,148.98003482818604,855.0,4.0,2.4000000953674316,1.0,56.0,33.2,16.0
12150.0,149.5563361644745,858.0,4.0,1.600000023841858,0.0,56.0,24.4,6.0
12200.0,150.13742780685425,860.0,3.0,1.2000000476837158,0.0,40.0,19.2,6.0
12250.0,150.68832421302795,862.0,3.0,1.600000023841858,1.0,40.0,24.0,16.0
12300.0,151.27201509475708,865.0,2.0,1.2000000476837158,1.0,34.0,20.8,16.0
12350.0,151.8471486568451,867.0,2.0,1.399999976158142,1.0,34.0,22.4,16.0
12400.0,152.43529653549194,869.0,2.0,1.2000000476837158,1.0,28.0,20.0,16.0
12450.0,153.01688504219055,870.0,4.0,1.7999999523162842,1.0,56.0,28.0,16.0
12500.0,153.60119938850403,871.0,4.0,2.200000047683716,1.0,56.0,32.0,16.0
12550.0,154.14146208763123,872.0,4.0,2.5999999046325684,1.0,56.0,36.4,16.0
12600.0,154.69867587089539,873.0,4.0,3.200000047683716,1.0,56.0,42.0,16.0
12650.0,155.28053617477417,875.0,4.0,3.200000047683716,1.0,50.0,40.8,16.0
12700.0,155.86229610443115,877.0,4.0,2.4000000953674316,1.0,50.0,33.2,16.0
12750.0,156.43850588798523,878.0,4.0,2.0,1.0,50.0,30.4,16.0
12800.0,156.9944031238556,879.0,5.0,2.200000047683716,1.0,60.0,32.4,16.0
12850.0,157.55688405036926,880.0,5.0,2.4000000953674316,1.0,60.0,34.8,24.0
12900.0,158.1397099494934,882.0,5.0,3.0,2.0,60.0,40.4,28.0
12950.0,158.72326850891113,885.0,4.0,1.7999999523162842,1.0,50.0,26.4,16.0
13000.0,159.30072712898254,888.0,1.0,1.0,1.0,18.0,16.4,16.0
13050.0,159.86772966384888,890.0,2.0,1.2000000476837158,1.0,26.0,18.8,16.0
13100.0,160.44247579574585,892.0,2.0,1.399999976158142,1.0,28.0,22.4,16.0
13150.0,161.01212120056152,894.0,2.0,1.600000023841858,1.0,32.0,25.2,16.0
13200.0,161.5963490009308,897.0,2.0,1.2000000476837158,1.0,32.0,20.8,16.0
13250.0,162.1729235649109,900.0,1.0,1.0,1.0,18.0,16.4,16.0
13300.0,162.75620222091675,902.0,2.0,1.2000000476837158,1.0,28.0,19.2,16.0
13350.0,163.32806372642517,906.0,2.0,0.800000011920929,0.0,28.0,15.6,6.0
13400.0,163.88583159446716,908.0,1.0,0.800000011920929,0.0,22.0,15.2,6.0
13450.0,164.44450306892395,911.0,2.0,1.2000000476837158,1.0,34.0,20.8,16.0
13500.0,165.01498818397522,913.0,2.0,1.399999976158142,1.0,34.0,22.4,16.0
13550.0,165.5898733139038,915.0,2.0,1.399999976158142,1.0,32.0,22.0,16.0
13600.0,166.1863341331482,917.0,2.0,1.2000000476837158,1.0,32.0,20.8,16.0
13650.0,166.78278493881226,920.0,2.0,1.2000000476837158,1.0,34.0,21.2,16.0
13700.0,167.35081815719604,921.0,2.0,1.399999976158142,1.0,34.0,22.0,16.0
13750.0,167.91319155693054,924.0,2.0,1.600000023841858,1.0,30.0,23.6,16.0
13800.0,168.47107243537903,926.0,2.0,1.399999976158142,1.0,30.0,21.2,16.0
13850.0,169.02236008644104,927.0,3.0,1.600000023841858,1.0,46.0,24.4,16.0
13900.0,169.58059906959534,928.0,4.0,2.0,1.0,48.0,28.4,16.0
13950.0,170.15102219581604,931.0,4.0,2.4000000953674316,1.0,48.0,33.2,16.0
14000.0,170.752605676651,932.0,4.0,2.200000047683716,1.0,48.0,30.0,16.0
14050.0,171.33760523796082,935.0,2.0,1.399999976158142,1.0,30.0,21.2,16.0
14100.0,171.90682649612427,937.0,2.0,1.600000023841858,1.0,28.0,23.2,16.0
14150.0,172.44347190856934,939.0,2.0,1.600000023841858,1.0,34.0,24.4,16.0
14200.0,172.98750567436218,942.0,2.0,1.0,0.0,34.0,18.8,6.0
14250.0,173.5339159965515,943.0,3.0,1.2000000476837158,0.0,38.0,19.6,6.0
14300.0,174.07698345184326,945.0,4.0,1.7999999523162842,0.0,50.0,25.2,6.0
14350.0,174.61384391784668,946.0,4.0,2.0,0.0,50.0,29.2,6.0
14400.0,175.14901995658875,948.0,4.0,2.4000000953674316,1.0,50.0,33.2,16.0
14450.0,175.68415665626526,950.0,3.0,2.0,1.0,38.0,30.0,16.0
14500.0,176.24831652641296,952.0,2.0,1.399999976158142,1.0,34.0,23.2,16.0
14550.0,176.8448314666748,956.0,2.0,0.800000011920929,0.0,34.0,15.6,6.0
14600.0,177.44881677627563,958.0,2.0,0.800000011920929,0.0,34.0,15.6,6.0
14650.0,178.02401661872864,958.0,2.0,0.800000011920929,0.0,34.0,15.6,6.0
14700.0,178.5931339263916,959.0,5.0,1.7999999523162842,0.0,72.0,28.8,6.0
14750.0,179.16878008842468,962.0,5.0,2.4000000953674316,1.0,72.0,34.0,16.0
14800.0,179.74459600448608,965.0,1.0,0.800000011920929,0.0,16.0,14.4,8.0
14850.0,180.32083344459534,967.0,2.0,1.2000000476837158,0.0,28.0,18.8,8.0
14900.0,180.9002230167389,969.0,2.0,1.399999976158142,1.0,28.0,22.0,16.0
14950.0,181.5021049976349,970.0,2.0,1.600000023841858,1.0,34.0,25.6,16.0
15000.0,182.09509444236755,972.0,5.0,2.0,1.0,62.0,30.4,16.0
15050.0,182.660306930542,973.0,5.0,2.200000047683716,1.0,62.0,32.0,16.0
15100.0,183.214524269104,976.0,4.0,1.600000023841858,0.0,50.0,24.0,6.0
15150.0,183.76710104942322,977.0,4.0,2.200000047683716,0.0,50.0,30.8,6.0
15200.0,184.33146238327026,979.0,4.0,1.399999976158142,0.0,50.0,21.2,6.0
15250.0,184.9129672050476,982.0,2.0,1.0,0.0,34.0,18.0,6.0
15300.0,185.49242305755615,983.0,2.0,1.2000000476837158,0.0,34.0,20.0,6.0
15350.0,186.0674524307251,984.0,6.0,2.200000047683716,0.0,72.0,31.2,6.0
15400.0,186.6196367740631,987.0,6.0,2.4000000953674316,1.0,72.0,32.0,16.0
15450.0,187.19663310050964,989.0,2.0,1.399999976158142,1.0,30.0,21.2,16.0
15500.0,187.7759747505188,991.0,2.0,1.600000023841858,1.0,32.0,24.0,16.0
15550.0,188.3560106754303,993.0,2.0,1.399999976158142,1.0,32.0,22.8,16.0
15600.0,188.93459510803223,995.0,2.0,1.0,0.0,26.0,19.2,6.0
15650.0,189.51196479797363,996.0,4.0,1.600000023841858,0.0,54.0,26.8,6.0
15700.0,190.09288358688354,997.0,5.0,2.4000000953674316,0.0,62.0,34.4,6.0
15750.0,190.67186331748962,999.0,5.0,2.5999999046325684,0.0,62.0,35.2,6.0
15800.0,191.25747728347778,1000.0,5.0,3.200000047683716,2.0,62.0,43.2,26.0
15850.0,191.8455617427826,1001.0,5.0,3.200000047683716,2.0,62.0,42.4,26.0
15900.0,192.39009380340576,1004.0,4.0,2.200000047683716,1.0,50.0,31.2,16.0
15950.0,192.9311842918396,1006.0,2.0,1.399999976158142,1.0,26.0,20.8,16.0
16000.0,193.49008584022522,1008.0,2.0,1.399999976158142,1.0,34.0,22.0,16.0
16050.0,194.06133127212524,1011.0,2.0,1.2000000476837158,1.0,34.0,21.2,16.0
16100.0,194.6369857788086,1013.0,2.0,1.2000000476837158,1.0,28.0,20.0,16.0
16150.0,195.21727299690247,1015.0,2.0,1.399999976158142,1.0,28.0,22.0,16.0
16200.0,195.76878786087036,1017.0,2.0,1.399999976158142,1.0,34.0,23.2,16.0
16250.0,196.32917952537537,1018.0,3.0,1.7999999523162842,1.0,46.0,29.2,16.0
16300.0,196.89202404022217,1020.0,3.0,2.0,1.0,46.0,30.4,16.0
16350.0,197.46278715133667,1022.0,3.0,1.7999999523162842,1.0,46.0,28.0,16.0
16400.0,198.03081846237183,1024.0,3.0,1.7999999523162842,1.0,38.0,27.2,16.0
16450.0,198.60159754753113,1027.0,2.0,1.399999976158142,1.0,34.0,23.2,16.0
16500.0,199.1507444381714,1028.0,3.0,1.600000023841858,1.0,40.0,24.4,16.0
16550.0,199.70897364616394,1031.0,3.0,1.2000000476837158,0.0,40.0,19.2,6.0
16600.0,200.28370785713196,1032.0,5.0,2.0,0.0,60.0,28.0,6.0
16650.0,200.85579228401184,1035.0,5.0,1.7999999523162842,0.0,60.0,25.2,6.0
16700.0,201.40961456298828,1036.0,5.0,2.0,0.0,60.0,27.6,6.0
16750.0,201.942715883255,1038.0,4.0,1.600000023841858,0.0,50.0,23.2,6.0
16800.0,202.4747428894043,1041.0,4.0,1.600000023841858,0.0,50.0,24.4,6.0
16850.0,203.0258445739746,1042.0,3.0,1.399999976158142,0.0,38.0,22.0,6.0
16900.0,203.58507752418518,1045.0,3.0,1.7999999523162842,0.0,40.0,25.2,6.0
16950.0,204.13765144348145,1046.0,3.0,2.200000047683716,0.0,40.0,30.0,6.0
17000.0,204.67551732063293,1048.0,3.0,1.7999999523162842,0.0,40.0,25.2,6.0
17050.0,205.21918630599976,1049.0,3.0,2.0,0.0,46.0,29.2,6.0
17100.0,205.76633882522583,1050.0,3.0,2.5999999046325684,2.0,46.0,35.6,26.0
17150.0,206.31271743774414,1052.0,3.0,2.4000000953674316,1.0,46.0,33.2,16.0
17200.0,206.84517788887024,1055.0,3.0,1.600000023841858,1.0,40.0,24.4,16.0
17250.0,207.38565731048584,1058.0,2.0,1.0,0.0,26.0,16.4,8.0
17300.0,207.93532276153564,1059.0,3.0,1.399999976158142,0.0,40.0,21.2,8.0
17350.0,208.48684334754944,1061.0,3.0,1.7999999523162842,1.0,40.0,25.2,16.0
17400.0,209.04849290847778,1063.0,3.0,2.0,1.0,40.0,29.2,16.0
17450.0,209.616042137146,1065.0,2.0,1.600000023841858,1.0,34.0,25.2,16.0
17500.0,210.18108344078064,1067.0,2.0,1.399999976158142,1.0,32.0,23.2,16.0
17550.0,210.73113918304443,1069.0,2.0,1.399999976158142,1.0,34.0,23.2,16.0
17600.0,211.3005769252777,1071.0,2.0,1.399999976158142,1.0,34.0,23.2,16.0
17650.0,211.87371301651,1072.0,3.0,1.7999999523162842,1.0,44.0,28.8,16.0
17700.0,212.44445204734802,1074.0,3.0,2.0,1.0,44.0,30.0,16.0
17750.0,213.0177037715912,1077.0,3.0,1.600000023841858,1.0,40.0,24.4,16.0
17800.0,213.5956883430481,1078.0,2.0,1.2000000476837158,1.0,26.0,20.0,16.0
17850.0,214.1727659702301,1080.0,4.0,1.7999999523162842,1.0,50.0,25.6,16.0
17900.0,214.73547434806824,1081.0,4.0,2.200000047683716,1.0,50.0,31.2,16.0
17950.0,215.32622480392456,1084.0,3.0,1.7999999523162842,0.0,44.0,26.4,6.0
18000.0,215.91654658317566,1086.0,3.0,1.399999976158142,0.0,40.0,21.2,6.0
18050.0,216.49064350128174,1087.0,3.0,1.399999976158142,0.0,40.0,22.0,6.0
18100.0,217.0731270313263,1089.0,3.0,2.0,0.0,40.0,29.2,6.0
18150.0,217.6292200088501,1090.0,3.0,1.7999999523162842,0.0,38.0,28.0,6.0
18200.0,218.17111730575562,1093.0,3.0,2.0,1.0,38.0,28.4,16.0
18250.0,218.72146129608154,1094.0,3.0,2.0,1.0,40.0,28.8,16.0
18300.0,219.2623519897461,1096.0,3.0,2.0,1.0,40.0,27.2,16.0
18350.0,219.7935173511505,1099.0,2.0,1.2000000476837158,0.0,28.0,20.0,14.0
18400.0,220.3323268890381,1102.0,2.0,1.2000000476837158,1.0,28.0,18.4,16.0
18450.0,220.88704919815063,1105.0,1.0,0.800000011920929,0.0,16.0,14.4,8.0
18500.0,221.44172382354736,1106.0,2.0,1.0,0.0,28.0,16.8,8.0
18550.0,222.00500464439392,1107.0,7.0,2.200000047683716,0.0,82.0,30.0,8.0
18600.0,222.5662920475006,1108.0,7.0,2.5999999046325684,1.0,82.0,34.0,16.0
18650.0,223.12770318984985,1110.0,7.0,3.200000047683716,1.0,82.0,40.8,16.0
18700.0,223.69542694091797,1111.0,7.0,3.0,1.0,82.0,40.0,16.0
18750.0,224.2586853504181,1114.0,3.0,1.399999976158142,1.0,40.0,22.4,16.0
18800.0,224.8183524608612,1117.0,3.0,1.2000000476837158,0.0,38.0,18.4,6.0
18850.0,225.365820646286,1119.0,3.0,1.399999976158142,0.0,38.0,21.2,6.0
18900.0,225.91958141326904,1120.0,4.0,1.600000023841858,0.0,54.0,24.4,6.0
18950.0,226.48354649543762,1121.0,4.0,2.0,1.0,54.0,28.8,16.0
19000.0,227.0445830821991,1122.0,4.0,2.4000000953674316,1.0,54.0,33.6,16.0
19050.0,227.59525990486145,1123.0,5.0,3.0,1.0,60.0,39.6,16.0
19100.0,228.14248919487,1124.0,5.0,3.799999952316284,2.0,62.0,48.8,28.0
19150.0,228.69855332374573,1125.0,5.0,3.4000000953674316,2.0,62.0,43.6,28.0
19200.0,229.25399541854858,1126.0,5.0,4.0,2.0,62.0,50.0,28.0
19250.0,229.80410718917847,1127.0,6.0,4.599999904632568,2.0,72.0,56.4,28.0
19300.0,230.3563470840454,1128.0,6.0,4.199999809265137,2.0,72.0,52.4,28.0
19350.0,230.9172444343567,1129.0,6.0,4.199999809265137,2.0,72.0,52.0,28.0
19400.0,231.48640322685242,1131.0,6.0,3.4000000953674316,0.0,72.0,43.6,8.0
19450.0,232.04905104637146,1132.0,5.0,2.799999952316284,0.0,60.0,38.0,8.0
19500.0,232.6046392917633,1134.0,3.0,1.7999999523162842,0.0,44.0,26.8,8.0
19550.0,233.1656265258789,1136.0,3.0,1.7999999523162842,1.0,44.0,27.6,16.0
19600.0,233.72676944732666,1137.0,4.0,2.0,1.0,56.0,30.0,16.0
19650.0,234.2637026309967,1138.0,4.0,2.200000047683716,1.0,56.0,32.0,16.0
19700.0,234.7967255115509,1140.0,4.0,2.4000000953674316,1.0,56.0,33.2,16.0
19750.0,235.3378927707672,1142.0,3.0,2.0,0.0,44.0,28.8,6.0
19800.0,235.87909865379333,1145.0,3.0,1.399999976158142,0.0,44.0,23.2,6.0
19850.0,236.41981983184814,1146.0,3.0,1.399999976158142,0.0,40.0,22.4,6.0
19900.0,236.96035528182983,1147.0,3.0,1.7999999523162842,1.0,40.0,26.8,16.0
19950.0,237.50432896614075,1148.0,6.0,2.799999952316284,1.0,72.0,36.4,16.0
20000.0,238.0447747707367,1148.0,6.0,2.799999952316284,1.0,72.0,36.4,16.0
20050.0,238.59538197517395,1150.0,6.0,3.799999952316284,2.0,72.0,49.2,28.0
20100.0,239.15736317634583,1151.0,6.0,3.799999952316284,2.0,72.0,50.0,28.0
20150.0,239.7202467918396,1152.0,6.0,4.0,3.0,72.0,52.0,38.0
20200.0,240.28569269180298,1153.0,5.0,3.4000000953674316,3.0,68.0,45.6,38.0
20250.0,240.842791557312,1154.0,6.0,3.5999999046325684,3.0,72.0,46.4,38.0
20300.0,241.39642071723938,1157.0,6.0,2.5999999046325684,0.0,72.0,34.8,6.0
20350.0,241.95968675613403,1158.0,6.0,2.4000000953674316,0.0,72.0,32.0,6.0
20400.0,242.5238242149353,1159.0,5.0,2.200000047683716,0.0,62.0,30.0,6.0
20450.0,243.08354449272156,1161.0,5.0,2.200000047683716,0.0,62.0,30.0,6.0
20500.0,243.64479064941406,1164.0,3.0,1.399999976158142,0.0,38.0,22.4,6.0
20550.0,244.20499467849731,1167.0,1.0,0.800000011920929,0.0,16.0,14.0,6.0
20600.0,244.7626838684082,1168.0,3.0,1.2000000476837158,0.0,40.0,18.8,6.0
20650.0,245.32423949241638,1169.0,5.0,2.200000047683716,1.0,60.0,29.6,16.0
20700.0,245.88900637626648,1170.0,5.0,2.5999999046325684,1.0,60.0,34.4,16.0
20750.0,246.4543378353119,1171.0,5.0,3.0,1.0,60.0,38.8,16.0
20800.0,246.9995722770691,1174.0,3.0,2.0,1.0,40.0,28.0,16.0
20850.0,247.533771276474,1177.0,1.0,0.800000011920929,0.0,18.0,14.4,6.0
20900.0,248.09619760513306,1178.0,5.0,1.600000023841858,0.0,60.0,23.2,6.0
20950.0,248.63473558425903,1180.0,5.0,1.600000023841858,0.0,60.0,23.2,6.0
21000.0,249.17542171478271,1181.0,5.0,2.4000000953674316,0.0,66.0,33.2,6.0
21050.0,249.73171138763428,1182.0,5.0,3.0,0.0,66.0,39.6,6.0
21100.0,250.27997374534607,1183.0,5.0,2.799999952316284,0.0,66.0,37.6,6.0
21150.0,250.82630443572998,1185.0,5.0,3.4000000953674316,2.0,66.0,44.0,26.0
21200.0,251.37885117530823,1186.0,4.0,2.799999952316284,2.0,50.0,37.6,26.0
21250.0,251.92002844810486,1187.0,5.0,3.200000047683716,2.0,62.0,42.4,26.0
21300.0,252.47447991371155,1189.0,5.0,2.5999999046325684,1.0,62.0,35.2,16.0
21350.0,253.0235185623169,1191.0,5.0,2.4000000953674316,1.0,62.0,33.6,16.0
21400.0,253.5875928401947,1192.0,3.0,2.0,1.0,44.0,30.0,16.0
21450.0,254.13954329490662,1193.0,3.0,2.0,1.0,44.0,30.0,16.0
21500.0,254.68262338638306,1194.0,5.0,2.799999952316284,1.0,62.0,39.2,24.0
21550.0,255.24043035507202,1195.0,5.0,3.4000000953674316,2.0,62.0,44.4,28.0
21600.0,255.7792067527771,1196.0,5.0,3.5999999046325684,3.0,62.0,46.4,38.0
21650.0,256.3280305862427,1198.0,5.0,3.4000000953674316,2.0,62.0,43.2,26.0
21700.0,256.8759844303131,1199.0,4.0,3.200000047683716,2.0,56.0,42.0,26.0
21750.0,257.42965388298035,1200.0,4.0,2.5999999046325684,1.0,56.0,35.6,18.0
21800.0,257.9846131801605,1201.0,7.0,3.4000000953674316,1.0,82.0,44.4,18.0
21850.0,258.5302982330322,1203.0,7.0,2.799999952316284,1.0,82.0,38.0,16.0
21900.0,259.07905316352844,1204.0,7.0,2.5999999046325684,1.0,82.0,36.0,16.0
21950.0,259.618328332901,1205.0,7.0,3.5999999046325684,1.0,82.0,46.4,16.0
22000.0,260.1547029018402,1207.0,6.0,2.5999999046325684,1.0,70.0,35.6,16.0
22050.0,260.70103764533997,1210.0,2.0,1.2000000476837158,1.0,28.0,20.0,16.0
22100.0,261.2527780532837,1211.0,2.0,1.399999976158142,1.0,30.0,22.4,16.0
22150.0,261.80402874946594,1212.0,4.0,1.7999999523162842,1.0,48.0,26.4,16.0
22200.0,262.35870242118835,1214.0,4.0,2.4000000953674316,1.0,48.0,32.0,16.0
22250.0,262.9003164768219,1215.0,4.0,2.799999952316284,2.0,48.0,38.0,26.0
22300.0,263.45711040496826,1216.0,4.0,3.0,2.0,48.0,39.6,26.0
22350.0,264.007643699646,1217.0,5.0,3.200000047683716,2.0,62.0,42.4,26.0
22400.0,264.5568904876709,1220.0,5.0,2.200000047683716,1.0,62.0,30.0,16.0
22450.0,265.1038086414337,1221.0,5.0,2.4000000953674316,1.0,62.0,32.4,16.0
22500.0,265.64800238609314,1222.0,4.0,2.200000047683716,1.0,50.0,30.0,16.0
22550.0,266.1965630054474,1224.0,4.0,2.5999999046325684,1.0,50.0,34.4,16.0
22600.0,266.7424650192261,1224.0,4.0,2.5999999046325684,1.0,50.0,34.4,16.0
22650.0,267.2952606678009,1225.0,7.0,3.799999952316284,2.0,94.0,50.0,28.0
22700.0,267.8454580307007,1227.0,7.0,3.0,1.0,94.0,40.8,16.0
22750.0,268.3897616863251,1229.0,7.0,2.5999999046325684,1.0,94.0,37.6,16.0
22800.0,268.9497425556183,1230.0,3.0,1.600000023841858,1.0,38.0,25.6,16.0
22850.0,269.5047688484192,1232.0,4.0,1.7999999523162842,1.0,50.0,28.0,16.0
22900.0,270.05880308151245,1233.0,4.0,2.200000047683716,1.0,50.0,32.4,16.0
22950.0,270.6082646846771,1235.0,4.0,2.5999999046325684,1.0,50.0,35.6,16.0
23000.0,271.1341464519501,1236.0,4.0,2.4000000953674316,1.0,50.0,34.4,16.0
23050.0,271.6762626171112,1237.0,4.0,2.799999952316284,1.0,50.0,39.2,16.0
23100.0,272.2249972820282,1238.0,4.0,3.0,1.0,50.0,39.6,16.0
23150.0,272.7815339565277,1239.0,5.0,3.200000047683716,1.0,62.0,42.0,16.0
23200.0,273.33657932281494,1240.0,5.0,3.5999999046325684,3.0,62.0,46.4,38.0
23250.0,273.90477538108826,1241.0,5.0,4.0,3.0,62.0,50.0,38.0
23300.0,274.454149723053,1242.0,5.0,4.199999809265137,3.0,62.0,52.0,38.0
23350.0,274.9993715286255,1243.0,5.0,4.400000095367432,3.0,62.0,54.4,38.0
23400.0,275.55276703834534,1244.0,5.0,4.199999809265137,3.0,62.0,52.4,38.0
23450.0,276.1129810810089,1245.0,5.0,4.199999809265137,3.0,62.0,52.4,38.0
23500.0,276.6758108139038,1246.0,5.0,4.0,3.0,60.0,50.0,38.0
23550.0,277.23811864852905,1247.0,5.0,4.199999809265137,3.0,60.0,52.0,38.0
23600.0,277.81207823753357,1248.0,5.0,3.5999999046325684,2.0,60.0,45.6,28.0
23650.0,278.3871736526489,1249.0,5.0,3.799999952316284,2.0,62.0,47.6,28.0
23700.0,278.9600098133087,1250.0,5.0,3.799999952316284,2.0,62.0,48.0,28.0
23750.0,279.5318651199341,1251.0,6.0,4.199999809265137,2.0,70.0,52.0,28.0
23800.0,280.0790853500366,1252.0,6.0,3.799999952316284,2.0,70.0,48.0,28.0
23850.0,280.63417863845825,1253.0,6.0,4.0,3.0,70.0,50.4,40.0
23900.0,281.1926221847534,1254.0,6.0,4.0,3.0,70.0,50.0,40.0
23950.0,281.75281596183777,1256.0,5.0,3.0,1.0,60.0,38.8,16.0
24000.0,282.32017040252686,1257.0,5.0,3.0,1.0,60.0,40.0,16.0
24050.0,282.892826795578,1258.0,5.0,2.799999952316284,1.0,60.0,37.6,16.0
24100.0,283.4714684486389,1259.0,6.0,3.0,1.0,72.0,40.0,16.0
24150.0,284.0256848335266,1260.0,6.0,3.200000047683716,1.0,72.0,42.4,16.0
24200.0,284.59064388275146,1261.0,6.0,3.799999952316284,2.0,72.0,49.2,28.0
24250.0,285.155713558197,1262.0,6.0,4.199999809265137,2.0,72.0,52.0,28.0
24300.0,285.71239829063416,1263.0,6.0,4.400000095367432,3.0,72.0,54.4,40.0
24350.0,286.25274085998535,1264.0,5.0,4.0,3.0,60.0,50.0,40.0
24400.0,286.79131865501404,1265.0,5.0,4.0,3.0,60.0,50.0,40.0
24450.0,287.3550441265106,1266.0,5.0,4.0,3.0,60.0,50.0,40.0
24500.0,287.9104280471802,1267.0,5.0,4.0,3.0,60.0,50.0,40.0
24550.0,288.47318172454834,1268.0,5.0,4.199999809265137,4.0,60.0,52.0,50.0
24600.0,289.0322017669678,1269.0,5.0,4.0,3.0,60.0,50.0,40.0
24650.0,289.5940284729004,1270.0,5.0,4.199999809265137,3.0,60.0,52.0,40.0
24700.0,290.15453028678894,1271.0,5.0,4.0,3.0,60.0,50.0,40.0
24750.0,290.71596097946167,1272.0,5.0,3.4000000953674316,2.0,60.0,43.6,28.0
24800.0,291.2720811367035,1273.0,7.0,4.0,2.0,82.0,50.0,28.0
24850.0,291.8184461593628,1275.0,7.0,3.0,1.0,82.0,38.8,16.0
24900.0,292.35290813446045,1276.0,7.0,3.0,1.0,82.0,40.0,16.0
24950.0,292.91005206108093,1277.0,7.0,3.4000000953674316,1.0,82.0,44.4,16.0
25000.0,293.4683985710144,1278.0,4.0,2.799999952316284,1.0,50.0,38.0,16.0
25050.0,294.0176167488098,1279.0,5.0,3.4000000953674316,1.0,60.0,44.4,16.0
25100.0,294.55848121643066,1280.0,5.0,3.4000000953674316,1.0,60.0,44.8,18.0
25150.0,295.09970712661743,1281.0,6.0,4.0,1.0,72.0,50.0,18.0
25200.0,295.64511156082153,1282.0,6.0,4.0,1.0,72.0,50.0,18.0
25250.0,296.2075707912445,1283.0,6.0,4.0,1.0,72.0,50.0,18.0
25300.0,296.7702760696411,1284.0,6.0,3.5999999046325684,1.0,72.0,45.6,18.0
25350.0,297.33577275276184,1285.0,6.0,4.0,3.0,72.0,50.0,38.0
25400.0,297.9054260253906,1287.0,5.0,3.200000047683716,1.0,60.0,40.8,16.0
25450.0,298.4421353340149,1289.0,5.0,2.4000000953674316,1.0,60.0,33.6,16.0
25500.0,298.9878878593445,1290.0,5.0,2.200000047683716,1.0,60.0,32.4,16.0
25550.0,299.5414836406708,1291.0,4.0,2.0,1.0,48.0,30.0,16.0
25600.0,300.0974712371826,1292.0,4.0,2.5999999046325684,1.0,52.0,37.2,16.0
25650.0,300.66684651374817,1293.0,4.0,3.0,1.0,52.0,39.6,16.0
25700.0,301.2346932888031,1295.0,4.0,3.4000000953674316,1.0,52.0,42.8,16.0
25750.0,301.8044934272766,1296.0,4.0,3.200000047683716,1.0,52.0,42.4,16.0
25800.0,302.3534052371979,1299.0,3.0,1.600000023841858,0.0,46.0,24.4,6.0
25850.0,302.9110677242279,1302.0,2.0,1.0,0.0,26.0,16.4,6.0
25900.0,303.473876953125,1304.0,2.0,1.2000000476837158,1.0,30.0,19.2,16.0
25950.0,304.0266213417053,1305.0,2.0,1.399999976158142,1.0,34.0,22.4,16.0
26000.0,304.58623719215393,1306.0,3.0,1.7999999523162842,1.0,38.0,26.8,16.0
26050.0,305.1441926956177,1308.0,3.0,2.4000000953674316,1.0,40.0,33.2,16.0
26100.0,305.70093393325806,1309.0,3.0,2.799999952316284,2.0,44.0,38.8,34.0
26150.0,306.2602484226227,1310.0,5.0,3.4000000953674316,3.0,60.0,44.0,38.0
26200.0,306.8116660118103,1311.0,5.0,3.5999999046325684,3.0,60.0,46.8,38.0
26250.0,307.3668563365936,1313.0,5.0,2.5999999046325684,0.0,60.0,35.6,6.0
26300.0,307.9364297389984,1315.0,4.0,2.0,0.0,52.0,29.2,6.0
26350.0,308.49879002571106,1317.0,3.0,1.600000023841858,0.0,44.0,25.2,6.0
26400.0,309.0681004524231,1318.0,4.0,2.4000000953674316,1.0,56.0,35.2,22.0
26450.0,309.6183943748474,1319.0,4.0,2.4000000953674316,1.0,56.0,34.4,22.0
26500.0,310.1641595363617,1320.0,4.0,2.799999952316284,1.0,56.0,38.8,22.0
26550.0,310.7242796421051,1321.0,5.0,3.5999999046325684,2.0,60.0,46.4,26.0
26600.0,311.2682991027832,1323.0,5.0,3.0,1.0,60.0,38.8,16.0
26650.0,311.8050093650818,1324.0,5.0,2.799999952316284,1.0,60.0,37.6,16.0
26700.0,312.3457932472229,1325.0,5.0,3.0,1.0,62.0,40.0,16.0
26750.0,312.9086971282959,1326.0,5.0,3.0,1.0,62.0,40.0,16.0
26800.0,313.4833548069,1327.0,5.0,3.200000047683716,1.0,62.0,42.4,16.0
26850.0,314.04822039604187,1328.0,5.0,3.4000000953674316,2.0,62.0,44.8,28.0
26900.0,314.60541224479675,1329.0,7.0,4.400000095367432,2.0,82.0,54.4,28.0
26950.0,315.1469657421112,1330.0,7.0,4.0,2.0,82.0,50.0,28.0
27000.0,315.70420002937317,1331.0,7.0,4.0,2.0,82.0,50.0,28.0
27050.0,316.26768493652344,1332.0,7.0,3.799999952316284,2.0,82.0,47.6,28.0
27100.0,316.8329772949219,1333.0,7.0,4.199999809265137,2.0,82.0,52.0,28.0
27150.0,317.4055132865906,1335.0,5.0,3.200000047683716,1.0,60.0,40.8,16.0
27200.0,317.9696726799011,1337.0,4.0,2.4000000953674316,0.0,50.0,33.6,14.0
27250.0,318.52426314353943,1338.0,4.0,2.200000047683716,0.0,50.0,32.4,14.0
27300.0,319.08959126472473,1339.0,5.0,2.4000000953674316,0.0,60.0,34.4,14.0
27350.0,319.6340219974518,1340.0,5.0,2.5999999046325684,0.0,60.0,36.8,14.0
27400.0,320.1878819465637,1342.0,5.0,3.0,2.0,60.0,39.6,26.0
27450.0,320.7339949607849,1343.0,5.0,2.799999952316284,2.0,60.0,37.6,26.0
27500.0,321.28307938575745,1345.0,4.0,2.4000000953674316,1.0,50.0,33.2,16.0
27550.0,321.8339650630951,1346.0,4.0,2.4000000953674316,1.0,50.0,34.4,16.0
27600.0,322.3779556751251,1347.0,4.0,2.4000000953674316,1.0,50.0,34.8,16.0
27650.0,322.93155694007874,1348.0,6.0,3.200000047683716,1.0,72.0,42.4,16.0
27700.0,323.5004804134369,1349.0,6.0,3.200000047683716,1.0,72.0,42.4,16.0
27750.0,324.05228543281555,1351.0,6.0,3.200000047683716,1.0,72.0,41.2,16.0
27800.0,324.60118436813354,1352.0,6.0,3.200000047683716,1.0,72.0,42.0,16.0
27850.0,325.14678859710693,1354.0,3.0,2.200000047683716,1.0,40.0,30.8,16.0
27900.0,325.6997871398926,1355.0,3.0,2.0,1.0,40.0,29.6,16.0
27950.0,326.26623797416687,1356.0,4.0,2.5999999046325684,2.0,50.0,36.4,26.0
28000.0,326.8177754878998,1357.0,5.0,3.200000047683716,2.0,62.0,42.4,26.0
28050.0,327.36732721328735,1358.0,5.0,3.4000000953674316,2.0,62.0,44.4,26.0
28100.0,327.93245577812195,1359.0,5.0,3.799999952316284,2.0,62.0,49.2,34.0
28150.0,328.49926590919495,1360.0,5.0,4.199999809265137,4.0,62.0,52.4,50.0
28200.0,329.0646197795868,1361.0,5.0,4.400000095367432,4.0,62.0,54.4,50.0
28250.0,329.6249840259552,1363.0,5.0,3.200000047683716,0.0,60.0,41.2,8.0
28300.0,330.1928732395172,1364.0,5.0,3.0,0.0,60.0,40.0,8.0
28350.0,330.7660536766052,1365.0,5.0,3.0,0.0,60.0,40.0,8.0
28400.0,331.32097029685974,1366.0,4.0,2.799999952316284,0.0,50.0,38.0,8.0
28450.0,331.892217874527,1367.0,4.0,3.200000047683716,2.0,50.0,42.0,28.0
28500.0,332.45979619026184,1368.0,6.0,3.799999952316284,2.0,72.0,48.8,28.0
28550.0,333.04028940200806,1369.0,6.0,4.0,2.0,72.0,50.0,28.0
28600.0,333.61773443222046,1372.0,6.0,2.799999952316284,1.0,72.0,36.8,16.0
28650.0,334.19792318344116,1373.0,4.0,2.4000000953674316,1.0,50.0,32.0,16.0
28700.0,334.77802300453186,1373.0,4.0,2.4000000953674316,1.0,50.0,32.0,16.0
28750.0,335.35040163993835,1376.0,7.0,2.5999999046325684,0.0,90.0,35.6,6.0
28800.0,335.8992688655853,1377.0,7.0,2.5999999046325684,0.0,90.0,35.2,6.0
28850.0,336.47436022758484,1378.0,7.0,2.799999952316284,0.0,90.0,38.0,6.0
28900.0,337.05435395240784,1380.0,5.0,2.200000047683716,0.0,62.0,29.6,6.0
28950.0,337.6179213523865,1383.0,2.0,1.399999976158142,0.0,34.0,22.0,6.0
29000.0,338.1944274902344,1386.0,2.0,0.800000011920929,0.0,26.0,14.4,6.0
29050.0,338.76427960395813,1389.0,2.0,1.0,0.0,26.0,16.4,6.0
29100.0,339.32343578338623,1391.0,2.0,1.2000000476837158,0.0,28.0,19.2,6.0
29150.0,339.8903820514679,1394.0,2.0,1.2000000476837158,0.0,28.0,20.0,12.0
29200.0,340.4753158092499,1397.0,2.0,1.2000000476837158,1.0,26.0,18.4,16.0
29250.0,341.0438349246979,1400.0,2.0,1.0,0.0,26.0,16.4,6.0
29300.0,341.61209654808044,1401.0,2.0,1.2000000476837158,0.0,28.0,18.8,6.0
29350.0,342.18648171424866,1404.0,3.0,1.2000000476837158,0.0,40.0,19.2,6.0
29400.0,342.7370297908783,1409.0,2.0,0.6000000238418579,0.0,28.0,12.4,6.0
29450.0,343.3209774494171,1414.0,1.0,0.20000000298023224,0.0,16.0,8.0,6.0
29500.0,343.87451672554016,1417.0,2.0,0.6000000238418579,0.0,26.0,14.0,6.0
29550.0,344.4275107383728,1420.0,2.0,0.800000011920929,0.0,26.0,14.4,6.0
29600.0,344.9694037437439,1422.0,3.0,1.2000000476837158,0.0,38.0,18.8,6.0
29650.0,345.5508818626404,1423.0,3.0,1.600000023841858,0.0,46.0,24.4,6.0
29700.0,346.12173891067505,1424.0,4.0,2.4000000953674316,1.0,50.0,33.2,16.0
29750.0,346.68809843063354,1425.0,4.0,3.0,1.0,50.0,40.0,16.0
29800.0,347.25199007987976,1426.0,4.0,3.0,1.0,50.0,40.0,16.0
29850.0,347.82042717933655,1427.0,6.0,4.0,3.0,72.0,51.2,38.0
29900.0,348.36453008651733,1428.0,6.0,4.199999809265137,3.0,72.0,52.0,38.0
29950.0,348.91533732414246,1429.0,6.0,4.199999809265137,3.0,72.0,52.0,38.0
30000.0,349.4634861946106,1430.0,6.0,4.0,3.0,72.0,50.0,38.0
30050.0,350.0247452259064,1430.0,6.0,4.0,3.0,72.0,50.0,38.0
30100.0,350.5938904285431,1430.0,6.0,4.0,3.0,72.0,50.0,38.0
30150.0,351.16807985305786,1430.0,6.0,4.0,3.0,72.0,50.0,38.0
30200.0,351.7404501438141,1430.0,6.0,4.0,3.0,72.0,50.0,38.0
30250.0,352.30162501335144,1430.0,6.0,4.0,3.0,72.0,50.0,38.0
30300.0,352.8606653213501,1430.0,6.0,4.0,3.0,72.0,50.0,38.0
30350.0,353.4385688304901,1430.0,6.0,4.0,3.0,72.0,50.0,38.0
30400.0,354.0175976753235,1431.0,6.0,4.0,3.0,394.0,121.2,40.0
30450.0,354.5708453655243,1432.0,4.0,2.799999952316284,0.0,394.0,117.6,40.0
30500.0,355.15197372436523,1432.0,4.0,2.799999952316284,0.0,394.0,117.6,40.0
30550.0,355.7228524684906,1433.0,4.0,2.0,0.0,394.0,127.6,40.0
30600.0,356.28657627105713,1433.0,4.0,2.0,0.0,394.0,127.6,40.0
30650.0,356.85154962539673,1433.0,4.0,2.0,0.0,394.0,127.6,40.0
30700.0,357.4248836040497,1435.0,3.0,0.6000000238418579,0.0,394.0,139.4,24.0
30750.0,357.9761815071106,1435.0,3.0,0.6000000238418579,0.0,394.0,139.4,24.0
30800.0,358.52258014678955,1435.0,3.0,0.6000000238418579,0.0,394.0,139.4,24.0
30850.0,359.072927236557,1437.0,0.0,0.0,0.0,145.0,82.0,16.0
30900.0,359.63508892059326,1439.0,0.0,0.0,0.0,145.0,45.2,16.0
30950.0,360.2085087299347,1440.0,0.0,0.0,0.0,145.0,51.2,16.0
31000.0,360.78405141830444,1440.0,0.0,0.0,0.0,145.0,51.2,16.0
31050.0,361.3596200942993,1441.0,0.0,0.0,0.0,90.0,40.2,16.0
31100.0,361.9441993236542,1442.0,0.0,0.0,0.0,90.0,45.2,20.0
31150.0,362.511367559433,1442.0,0.0,0.0,0.0,90.0,45.2,20.0
31200.0,363.0830178260803,1443.0,1.0,0.20000000298023224,0.0,99.0,61.0,21.0
31250.0,363.6386442184448,1443.0,1.0,0.20000000298023224,0.0,99.0,61.0,21.0
31300.0,364.21897172927856,1443.0,1.0,0.20000000298023224,0.0,99.0,61.0,21.0
31350.0,364.7981286048889,1443.0,1.0,0.20000000298023224,0.0,99.0,61.0,21.0
31400.0,365.3818452358246,1443.0,1.0,0.20000000298023224,0.0,99.0,61.0,21.0
31450.0,365.96972465515137,1444.0,1.0,0.20000000298023224,0.0,278.0,112.4,41.0
31500.0,366.5352375507355,1444.0,1.0,0.20000000298023224,0.0,278.0,112.4,41.0
31550.0,367.0798614025116,1444.0,1.0,0.20000000298023224,0.0,278.0,112.4,41.0
31600.0,367.63012528419495,1444.0,1.0,0.20000000298023224,0.0,278.0,112.4,41.0
31650.0,368.1779029369354,1444.0,1.0,0.20000000298023224,0.0,278.0,112.4,41.0
31700.0,368.7407991886139,1444.0,1.0,0.20000000298023224,0.0,278.0,112.4,41.0
31750.0,369.30539298057556,1445.0,1.0,0.20000000298023224,0.0,292.0,160.0,41.0
31800.0,369.87183451652527,1447.0,1.0,0.20000000298023224,0.0,292.0,141.4,17.0
31850.0,370.4409966468811,1447.0,1.0,0.20000000298023224,0.0,292.0,141.4,17.0
31900.0,371.0151345729828,1447.0,1.0,0.20000000298023224,0.0,292.0,141.4,17.0
31950.0,371.59397864341736,1448.0,0.0,0.0,0.0,292.0,154.0,17.0
32000.0,372.1728241443634,1448.0,0.0,0.0,0.0,292.0,154.0,17.0
32050.0,372.7216784954071,1448.0,0.0,0.0,0.0,292.0,154.0,17.0
32100.0,373.2956199645996,1448.0,0.0,0.0,0.0,292.0,154.0,17.0
32150.0,373.8642635345459,1448.0,0.0,0.0,0.0,292.0,154.0,17.0
32200.0,374.4445822238922,1449.0,0.0,0.0,0.0,292.0,146.0,17.0
32250.0,375.00895977020264,1449.0,0.0,0.0,0.0,292.0,146.0,17.0
32300.0,375.5809211730957,1450.0,1.0,0.20000000298023224,0.0,238.0,111.0,17.0
32350.0,376.1517868041992,1450.0,1.0,0.20000000298023224,0.0,238.0,111.0,17.0
32400.0,376.6948206424713,1450.0,1.0,0.20000000298023224,0.0,238.0,111.0,17.0
32450.0,377.2495882511139,1450.0,1.0,0.20000000298023224,0.0,238.0,111.0,17.0
32500.0,377.8168067932129,1450.0,1.0,0.20000000298023224,0.0,238.0,111.0,17.0
32550.0,378.3837425708771,1451.0,1.0,0.4000000059604645,0.0,241.0,155.0,17.0
32600.0,378.9498109817505,1452.0,1.0,0.4000000059604645,0.0,241.0,162.4,54.0
32650.0,379.5190703868866,1452.0,1.0,0.4000000059604645,0.0,241.0,162.4,54.0
32700.0,380.0731632709503,1452.0,1.0,0.4000000059604645,0.0,241.0,162.4,54.0
32750.0,380.6264383792877,1452.0,1.0,0.4000000059604645,0.0,241.0,162.4,54.0
32800.0,381.19425988197327,1452.0,1.0,0.4000000059604645,0.0,241.0,162.4,54.0
32850.0,381.76811146736145,1453.0,1.0,0.6000000238418579,0.0,241.0,176.8,54.0
32900.0,382.3191628456116,1454.0,1.0,0.6000000238418579,0.0,241.0,138.2,45.0
32950.0,382.8851320743561,1455.0,1.0,0.4000000059604645,0.0,241.0,127.2,45.0
33000.0,383.46152424812317,1456.0,1.0,0.20000000298023224,0.0,234.0,87.8,44.0
33050.0,384.0371925830841,1456.0,1.0,0.20000000298023224,0.0,234.0,87.8,44.0
33100.0,384.58927369117737,1456.0,1.0,0.20000000298023224,0.0,234.0,87.8,44.0
33150.0,385.15331625938416,1456.0,1.0,0.20000000298023224,0.0,234.0,87.8,44.0
33200.0,385.7194097042084,1456.0,1.0,0.20000000298023224,0.0,234.0,87.8,44.0
33250.0,386.27312994003296,1456.0,1.0,0.20000000298023224,0.0,234.0,87.8,44.0
33300.0,386.83213353157043,1457.0,1.0,0.20000000298023224,0.0,315.0,140.0,44.0
33350.0,387.3911786079407,1457.0,1.0,0.20000000298023224,0.0,315.0,140.0,44.0
33400.0,387.9469532966614,1458.0,1.0,0.20000000298023224,0.0,315.0,107.2,44.0
33450.0,388.4995985031128,1458.0,1.0,0.20000000298023224,0.0,315.0,107.2,44.0
33500.0,389.075936794281,1458.0,1.0,0.20000000298023224,0.0,315.0,107.2,44.0
33550.0,389.63636350631714,1458.0,1.0,0.20000000298023224,0.0,315.0,107.2,44.0
33600.0,390.19162678718567,1458.0,1.0,0.20000000298023224,0.0,315.0,107.2,44.0
33650.0,390.73872923851013,1459.0,1.0,0.4000000059604645,0.0,315.0,148.4,44.0
33700.0,391.3039801120758,1459.0,1.0,0.4000000059604645,0.0,315.0,148.4,44.0
33750.0,391.8727431297302,1459.0,1.0,0.4000000059604645,0.0,315.0,148.4,44.0
33800.0,392.44871640205383,1459.0,1.0,0.4000000059604645,0.0,315.0,148.4,44.0
33850.0,393.00908970832825,1459.0,1.0,0.4000000059604645,0.0,315.0,148.4,44.0
33900.0,393.5807828903198,1459.0,1.0,0.4000000059604645,0.0,315.0,148.4,44.0
33950.0,394.15336084365845,1460.0,1.0,0.6000000238418579,0.0,315.0,196.6,44.0
34000.0,394.7287082672119,1461.0,1.0,0.6000000238418579,0.0,315.0,197.4,48.0
34050.0,395.2808213233948,1461.0,1.0,0.6000000238418579,0.0,315.0,197.4,48.0
34100.0,395.8564884662628,1461.0,1.0,0.6000000238418579,0.0,315.0,197.4,48.0
34150.0,396.41646218299866,1462.0,1.0,0.6000000238418579,0.0,303.0,171.0,48.0
34200.0,396.971964597702,1462.0,1.0,0.6000000238418579,0.0,303.0,171.0,48.0
34250.0,397.55062103271484,1463.0,1.0,0.6000000238418579,0.0,303.0,175.4,48.0
34300.0,398.11450815200806,1463.0,1.0,0.6000000238418579,0.0,303.0,175.4,48.0
34350.0,398.6860182285309,1463.0,1.0,0.6000000238418579,0.0,303.0,175.4,48.0
34400.0,399.26071643829346,1463.0,1.0,0.6000000238418579,0.0,303.0,175.4,48.0
34450.0,399.8483202457428,1463.0,1.0,0.6000000238418579,0.0,303.0,175.4,48.0
34500.0,400.4142429828644,1463.0,1.0,0.6000000238418579,0.0,303.0,175.4,48.0
34550.0,400.9960894584656,1463.0,1.0,0.6000000238418579,0.0,303.0,175.4,48.0
34600.0,401.5727541446686,1463.0,1.0,0.6000000238418579,0.0,303.0,175.4,48.0
34650.0,402.1609070301056,1464.0,1.0,0.4000000059604645,0.0,392.0,203.6,48.0
34700.0,402.7340250015259,1464.0,1.0,0.4000000059604645,0.0,392.0,203.6,48.0
34750.0,403.2904851436615,1464.0,1.0,0.4000000059604645,0.0,392.0,203.6,48.0
34800.0,403.863646030426,1465.0,1.0,0.4000000059604645,0.0,392.0,172.6,48.0
34850.0,404.42430996894836,1466.0,1.0,0.6000000238418579,0.0,392.0,172.4,47.0
34900.0,404.99130868911743,1466.0,1.0,0.6000000238418579,0.0,392.0,172.4,47.0
34950.0,405.5533139705658,1466.0,1.0,0.6000000238418579,0.0,392.0,172.4,47.0
35000.0,406.13886857032776,1466.0,1.0,0.6000000238418579,0.0,392.0,172.4,47.0
35050.0,406.70356798171997,1467.0,2.0,1.0,0.0,392.0,175.0,47.0
35100.0,407.2586600780487,1467.0,2.0,1.0,0.0,392.0,175.0,47.0
35150.0,407.80669474601746,1467.0,2.0,1.0,0.0,392.0,175.0,47.0
35200.0,408.35536789894104,1468.0,2.0,1.0,0.0,392.0,188.6,47.0
35250.0,408.93095541000366,1469.0,2.0,1.0,0.0,196.0,120.2,47.0
35300.0,409.4931752681732,1470.0,2.0,0.800000011920929,0.0,196.0,102.2,47.0
35350.0,410.061856508255,1470.0,2.0,0.800000011920929,0.0,196.0,102.2,47.0
35400.0,410.64103603363037,1470.0,2.0,0.800000011920929,0.0,196.0,102.2,47.0
35450.0,411.22868037223816,1471.0,2.0,0.6000000238418579,0.0,196.0,120.8,50.0
35500.0,411.7976756095886,1472.0,1.0,0.20000000298023224,0.0,160.0,94.0,50.0
35550.0,412.3692672252655,1472.0,1.0,0.20000000298023224,0.0,160.0,94.0,50.0
35600.0,412.9363622665405,1472.0,1.0,0.20000000298023224,0.0,160.0,94.0,50.0
35650.0,413.5048735141754,1472.0,1.0,0.20000000298023224,0.0,160.0,94.0,50.0
35700.0,414.06976771354675,1472.0,1.0,0.20000000298023224,0.0,160.0,94.0,50.0
35750.0,414.64126539230347,1473.0,1.0,0.20000000298023224,0.0,245.0,111.0,50.0
35800.0,415.2149746417999,1475.0,1.0,0.20000000298023224,0.0,245.0,100.6,25.0
35850.0,415.80153036117554,1476.0,1.0,0.20000000298023224,0.0,245.0,82.4,25.0
35900.0,416.3765971660614,1476.0,1.0,0.20000000298023224,0.0,245.0,82.4,25.0
35950.0,416.9506001472473,1477.0,1.0,0.20000000298023224,0.0,245.0,86.6,25.0
36000.0,417.5317385196686,1477.0,1.0,0.20000000298023224,0.0,245.0,86.6,25.0
36050.0,418.116224527359,1478.0,1.0,0.20000000298023224,0.0,122.0,62.0,25.0
36100.0,418.6961815357208,1478.0,1.0,0.20000000298023224,0.0,122.0,62.0,25.0
36150.0,419.28396368026733,1478.0,1.0,0.20000000298023224,0.0,122.0,62.0,25.0
36200.0,419.8212561607361,1478.0,1.0,0.20000000298023224,0.0,122.0,62.0,25.0
36250.0,420.3876976966858,1478.0,1.0,0.20000000298023224,0.0,122.0,62.0,25.0
36300.0,420.9618310928345,1478.0,1.0,0.20000000298023224,0.0,122.0,62.0,25.0
36350.0,421.5375647544861,1478.0,1.0,0.20000000298023224,0.0,122.0,62.0,25.0
36400.0,422.120756149292,1478.0,1.0,0.20000000298023224,0.0,122.0,62.0,25.0
36450.0,422.7058277130127,1478.0,1.0,0.20000000298023224,0.0,122.0,62.0,25.0
36500.0,423.26954793930054,1479.0,1.0,0.4000000059604645,0.0,445.0,146.0,31.0
36550.0,423.82644534111023,1479.0,1.0,0.4000000059604645,0.0,445.0,146.0,31.0
36600.0,424.40448546409607,1479.0,1.0,0.4000000059604645,0.0,445.0,146.0,31.0
36650.0,424.9910316467285,1479.0,1.0,0.4000000059604645,0.0,445.0,146.0,31.0
36700.0,425.54661560058594,1480.0,1.0,0.4000000059604645,0.0,445.0,176.0,49.0
36750.0,426.08274030685425,1480.0,1.0,0.4000000059604645,0.0,445.0,176.0,49.0
36800.0,426.6627998352051,1480.0,1.0,0.4000000059604645,0.0,445.0,176.0,49.0
36850.0,427.2335228919983,1481.0,2.0,0.800000011920929,0.0,445.0,201.8,83.0
36900.0,427.8093101978302,1482.0,2.0,0.800000011920929,0.0,445.0,189.8,23.0
36950.0,428.384397983551,1483.0,2.0,0.6000000238418579,0.0,445.0,176.0,23.0
37000.0,428.9573793411255,1483.0,2.0,0.6000000238418579,0.0,445.0,176.0,23.0
37050.0,429.50722002983093,1483.0,2.0,0.6000000238418579,0.0,445.0,176.0,23.0
37100.0,430.05752420425415,1483.0,2.0,0.6000000238418579,0.0,445.0,176.0,23.0
37150.0,430.60434770584106,1485.0,2.0,0.6000000238418579,0.0,200.0,95.0,21.0
37200.0,431.149765253067,1486.0,1.0,0.20000000298023224,0.0,200.0,66.2,21.0
37250.0,431.7166769504547,1486.0,1.0,0.20000000298023224,0.0,200.0,66.2,21.0
37300.0,432.2836048603058,1486.0,1.0,0.20000000298023224,0.0,200.0,66.2,21.0
37350.0,432.8344781398773,1486.0,1.0,0.20000000298023224,0.0,200.0,66.2,21.0
37400.0,433.3962993621826,1486.0,1.0,0.20000000298023224,0.0,200.0,66.2,21.0
37450.0,433.95879888534546,1487.0,1.0,0.20000000298023224,0.0,250.0,111.6,21.0
37500.0,434.5236089229584,1487.0,1.0,0.20000000298023224,0.0,250.0,111.6,21.0
37550.0,435.08490920066833,1487.0,1.0,0.20000000298023224,0.0,250.0,111.6,21.0
37600.0,435.66725873947144,1487.0,1.0,0.20000000298023224,0.0,250.0,111.6,21.0
37650.0,436.25661158561707,1488.0,1.0,0.4000000059604645,0.0,250.0,141.8,21.0
37700.0,436.83629608154297,1488.0,1.0,0.4000000059604645,0.0,250.0,141.8,21.0
37750.0,437.4088237285614,1488.0,1.0,0.4000000059604645,0.0,250.0,141.8,21.0
37800.0,438.00450706481934,1488.0,1.0,0.4000000059604645,0.0,250.0,141.8,21.0
37850.0,438.574645280838,1489.0,2.0,0.6000000238418579,0.0,250.0,138.8,21.0
37900.0,439.14097452163696,1489.0,2.0,0.6000000238418579,0.0,250.0,138.8,21.0
37950.0,439.70671796798706,1490.0,2.0,0.6000000238418579,0.0,250.0,158.6,34.0
38000.0,440.26578521728516,1491.0,2.0,0.6000000238418579,0.0,250.0,163.8,60.0
38050.0,440.8457581996918,1491.0,2.0,0.6000000238418579,0.0,250.0,163.8,60.0
38100.0,441.42591881752014,1491.0,2.0,0.6000000238418579,0.0,250.0,163.8,60.0
38150.0,441.99121260643005,1491.0,2.0,0.6000000238418579,0.0,250.0,163.8,60.0
38200.0,442.5574674606323,1492.0,2.0,0.6000000238418579,0.0,204.0,152.0,60.0
38250.0,443.14567470550537,1494.0,0.0,0.0,0.0,191.0,85.0,16.0
38300.0,443.7215476036072,1494.0,0.0,0.0,0.0,191.0,85.0,16.0
38350.0,444.2811381816864,1494.0,0.0,0.0,0.0,191.0,85.0,16.0
38400.0,444.8430166244507,1494.0,0.0,0.0,0.0,191.0,85.0,16.0
38450.0,445.4092845916748,1494.0,0.0,0.0,0.0,191.0,85.0,16.0
38500.0,445.98483180999756,1494.0,0.0,0.0,0.0,191.0,85.0,16.0
38550.0,446.55731081962585,1494.0,0.0,0.0,0.0,191.0,85.0,16.0
38600.0,447.1526424884796,1494.0,0.0,0.0,0.0,191.0,85.0,16.0
38650.0,447.74681305885315,1495.0,2.0,0.4000000059604645,0.0,386.0,138.2,16.0
38700.0,448.30394887924194,1496.0,2.0,0.4000000059604645,0.0,386.0,134.2,16.0
38750.0,448.88420248031616,1497.0,2.0,0.4000000059604645,0.0,386.0,108.0,16.0
38800.0,449.46526861190796,1497.0,2.0,0.4000000059604645,0.0,386.0,108.0,16.0
38850.0,450.0612666606903,1497.0,2.0,0.4000000059604645,0.0,386.0,108.0,16.0
38900.0,450.6464376449585,1497.0,2.0,0.4000000059604645,0.0,386.0,108.0,16.0
38950.0,451.2148621082306,1498.0,2.0,0.4000000059604645,0.0,386.0,140.4,16.0
39000.0,451.77305912971497,1498.0,2.0,0.4000000059604645,0.0,386.0,140.4,16.0
39050.0,452.32606291770935,1498.0,2.0,0.4000000059604645,0.0,386.0,140.4,16.0
39100.0,452.8885724544525,1498.0,2.0,0.4000000059604645,0.0,386.0,140.4,16.0
39150.0,453.44874572753906,1499.0,2.0,0.6000000238418579,0.0,386.0,178.2,40.0
39200.0,453.98971915245056,1499.0,2.0,0.6000000238418579,0.0,386.0,178.2,40.0
39250.0,454.5265395641327,1499.0,2.0,0.6000000238418579,0.0,386.0,178.2,40.0
39300.0,455.0887608528137,1500.0,1.0,0.20000000298023224,0.0,205.0,129.6,40.0
39350.0,455.65326833724976,1500.0,1.0,0.20000000298023224,0.0,205.0,129.6,40.0
39400.0,456.2190217971802,1500.0,1.0,0.20000000298023224,0.0,205.0,129.6,40.0
39450.0,456.79302620887756,1500.0,1.0,0.20000000298023224,0.0,205.0,129.6,40.0
39500.0,457.38931226730347,1500.0,1.0,0.20000000298023224,0.0,205.0,129.6,40.0
39550.0,457.9652752876282,1501.0,3.0,0.800000011920929,0.0,252.0,172.0,60.0
39600.0,458.525057554245,1501.0,3.0,0.800000011920929,0.0,252.0,172.0,60.0
39650.0,459.0867872238159,1501.0,3.0,0.800000011920929,0.0,252.0,172.0,60.0
39700.0,459.66582131385803,1501.0,3.0,0.800000011920929,0.0,252.0,172.0,60.0
39750.0,460.2412374019623,1501.0,3.0,0.800000011920929,0.0,252.0,172.0,60.0
39800.0,460.79337668418884,1501.0,3.0,0.800000011920929,0.0,252.0,172.0,60.0
39850.0,461.32813572883606,1501.0,3.0,0.800000011920929,0.0,252.0,172.0,60.0
39900.0,461.8867681026459,1501.0,3.0,0.800000011920929,0.0,252.0,172.0,60.0
39950.0,462.44956636428833,1502.0,3.0,0.800000011920929,0.0,415.0,243.0,143.0
40000.0,463.01680421829224,1502.0,3.0,0.800000011920929,0.0,415.0,243.0,143.0
40050.0,463.58422780036926,1502.0,3.0,0.800000011920929,0.0,415.0,243.0,143.0
40100.0,464.16471338272095,1502.0,3.0,0.800000011920929,0.0,415.0,243.0,143.0
40150.0,464.74218821525574,1502.0,3.0,0.800000011920929,0.0,415.0,243.0,143.0
40200.0,465.30609345436096,1502.0,3.0,0.800000011920929,0.0,415.0,243.0,143.0
40250.0,465.8860008716583,1502.0,3.0,0.800000011920929,0.0,415.0,243.0,143.0
40300.0,466.46470165252686,1502.0,3.0,0.800000011920929,0.0,415.0,243.0,143.0
40350.0,467.0425555706024,1502.0,3.0,0.800000011920929,0.0,415.0,243.0,143.0
40400.0,467.61605978012085,1502.0,3.0,0.800000011920929,0.0,415.0,243.0,143.0
40450.0,468.1742858886719,1502.0,3.0,0.800000011920929,0.0,415.0,243.0,143.0
40500.0,468.7540874481201,1502.0,3.0,0.800000011920929,0.0,415.0,243.0,143.0
40550.0,469.3192045688629,1502.0,3.0,0.800000011920929,0.0,415.0,243.0,143.0
40600.0,469.89259910583496,1503.0,3.0,1.0,0.0,636.0,330.2,143.0
40650.0,470.45091247558594,1503.0,3.0,1.0,0.0,636.0,330.2,143.0
40700.0,471.0253441333771,1504.0,3.0,1.0,0.0,636.0,311.0,109.0
40750.0,471.5881164073944,1504.0,3.0,1.0,0.0,636.0,311.0,109.0
40800.0,472.15693044662476,1505.0,3.0,1.2000000476837158,0.0,636.0,297.8,77.0
40850.0,472.7357246875763,1506.0,1.0,0.6000000238418579,0.0,636.0,256.6,46.0
40900.0,473.30532121658325,1506.0,1.0,0.6000000238418579,0.0,636.0,256.6,46.0
40950.0,473.8838839530945,1506.0,1.0,0.6000000238418579,0.0,636.0,256.6,46.0
41000.0,474.44402956962585,1506.0,1.0,0.6000000238418579,0.0,636.0,256.6,46.0
41050.0,475.0079855918884,1506.0,1.0,0.6000000238418579,0.0,636.0,256.6,46.0
41100.0,475.57035183906555,1507.0,1.0,0.800000011920929,0.0,636.0,229.0,46.0
41150.0,476.13652753829956,1507.0,1.0,0.800000011920929,0.0,636.0,229.0,46.0
41200.0,476.6843991279602,1508.0,1.0,0.6000000238418579,0.0,277.0,118.0,46.0
41250.0,477.23427724838257,1509.0,1.0,0.4000000059604645,0.0,277.0,108.0,46.0
41300.0,477.79924154281616,1509.0,1.0,0.4000000059604645,0.0,277.0,108.0,46.0
41350.0,478.34846234321594,1510.0,1.0,0.20000000298023224,0.0,277.0,111.6,46.0
41400.0,478.90783309936523,1511.0,1.0,0.20000000298023224,0.0,277.0,115.4,59.0
41450.0,479.4592626094818,1511.0,1.0,0.20000000298023224,0.0,277.0,115.4,59.0
41500.0,480.0187861919403,1512.0,1.0,0.20000000298023224,0.0,108.0,81.6,59.0
41550.0,480.58737778663635,1512.0,1.0,0.20000000298023224,0.0,108.0,81.6,59.0
41600.0,481.15174078941345,1512.0,1.0,0.20000000298023224,0.0,108.0,81.6,59.0
41650.0,481.7113115787506,1512.0,1.0,0.20000000298023224,0.0,108.0,81.6,59.0
41700.0,482.2744574546814,1512.0,1.0,0.20000000298023224,0.0,108.0,81.6,59.0
41750.0,482.84820795059204,1512.0,1.0,0.20000000298023224,0.0,108.0,81.6,59.0
41800.0,483.4291296005249,1513.0,2.0,0.6000000238418579,0.0,289.0,123.2,59.0
41850.0,484.00017285346985,1514.0,2.0,0.6000000238418579,0.0,289.0,122.4,55.0
41900.0,484.5643484592438,1514.0,2.0,0.6000000238418579,0.0,289.0,122.4,55.0
41950.0,485.1179950237274,1514.0,2.0,0.6000000238418579,0.0,289.0,122.4,55.0
42000.0,485.6857717037201,1514.0,2.0,0.6000000238418579,0.0,289.0,122.4,55.0
42050.0,486.2509796619415,1514.0,2.0,0.6000000238418579,0.0,289.0,122.4,55.0
42100.0,486.8184726238251,1514.0,2.0,0.6000000238418579,0.0,289.0,122.4,55.0
42150.0,487.378954410553,1514.0,2.0,0.6000000238418579,0.0,289.0,122.4,55.0
42200.0,487.9391498565674,1514.0,2.0,0.6000000238418579,0.0,289.0,122.4,55.0
42250.0,488.51316809654236,1514.0,2.0,0.6000000238418579,0.0,289.0,122.4,55.0
42300.0,489.05387020111084,1515.0,2.0,1.0,0.0,427.0,188.8,55.0
42350.0,489.6048893928528,1515.0,2.0,1.0,0.0,427.0,188.8,55.0
42400.0,490.1736605167389,1516.0,2.0,1.2000000476837158,0.0,427.0,196.6,55.0
42450.0,490.7484691143036,1516.0,2.0,1.2000000476837158,0.0,427.0,196.6,55.0
42500.0,491.3154046535492,1517.0,2.0,1.0,0.0,427.0,199.0,55.0
42550.0,491.8682804107666,1517.0,2.0,1.0,0.0,427.0,199.0,55.0
42600.0,492.4338824748993,1518.0,2.0,0.6000000238418579,0.0,427.0,161.6,55.0
42650.0,493.0055820941925,1519.0,2.0,0.6000000238418579,0.0,427.0,157.6,35.0
42700.0,493.58888959884644,1520.0,1.0,0.20000000298023224,0.0,120.0,82.2,35.0
42750.0,494.1682960987091,1520.0,1.0,0.20000000298023224,0.0,120.0,82.2,35.0
42800.0,494.72916412353516,1521.0,0.0,0.0,0.0,120.0,84.4,35.0
42850.0,495.2734682559967,1521.0,0.0,0.0,0.0,120.0,84.4,35.0
42900.0,495.8492877483368,1522.0,0.0,0.0,0.0,115.0,79.0,35.0
42950.0,496.4292333126068,1522.0,0.0,0.0,0.0,115.0,79.0,35.0
43000.0,497.0156738758087,1522.0,0.0,0.0,0.0,115.0,79.0,35.0
43050.0,497.59662652015686,1523.0,0.0,0.0,0.0,148.0,88.2,35.0
43100.0,498.16631984710693,1523.0,0.0,0.0,0.0,148.0,88.2,35.0
43150.0,498.72964119911194,1524.0,0.0,0.0,0.0,148.0,98.0,50.0
43200.0,499.2814087867737,1524.0,0.0,0.0,0.0,148.0,98.0,50.0
43250.0,499.8284513950348,1525.0,1.0,0.20000000298023224,0.0,148.0,111.6,84.0
43300.0,500.3933002948761,1525.0,1.0,0.20000000298023224,0.0,148.0,111.6,84.0
43350.0,500.9744715690613,1525.0,1.0,0.20000000298023224,0.0,148.0,111.6,84.0
43400.0,501.552206993103,1525.0,1.0,0.20000000298023224,0.0,148.0,111.6,84.0
43450.0,502.1086163520813,1525.0,1.0,0.20000000298023224,0.0,148.0,111.6,84.0
43500.0,502.67320489883423,1526.0,2.0,0.6000000238418579,0.0,257.0,140.0,84.0
43550.0,503.24465131759644,1526.0,2.0,0.6000000238418579,0.0,257.0,140.0,84.0
43600.0,503.82481598854065,1527.0,2.0,0.6000000238418579,0.0,257.0,141.2,84.0
43650.0,504.3928151130676,1527.0,2.0,0.6000000238418579,0.0,257.0,141.2,84.0
43700.0,504.95802879333496,1528.0,2.0,0.6000000238418579,0.0,257.0,130.0,84.0
43750.0,505.51560497283936,1528.0,2.0,0.6000000238418579,0.0,257.0,130.0,84.0
43800.0,506.0528028011322,1528.0,2.0,0.6000000238418579,0.0,257.0,130.0,84.0
43850.0,506.6130859851837,1528.0,2.0,0.6000000238418579,0.0,257.0,130.0,84.0
43900.0,507.17637491226196,1528.0,2.0,0.6000000238418579,0.0,257.0,130.0,84.0
43950.0,507.72351717948914,1529.0,2.0,1.0,0.0,257.0,159.6,92.0
44000.0,508.28476643562317,1530.0,2.0,0.800000011920929,0.0,257.0,147.0,55.0
44050.0,508.8566656112671,1531.0,2.0,0.4000000059604645,0.0,232.0,108.2,55.0
44100.0,509.41582441329956,1532.0,2.0,0.4000000059604645,0.0,232.0,100.4,55.0
44150.0,509.982791185379,1534.0,1.0,0.20000000298023224,0.0,63.0,45.6,17.0
44200.0,510.551141500473,1535.0,1.0,0.20000000298023224,0.0,63.0,41.8,17.0
44250.0,511.1278700828552,1536.0,1.0,0.20000000298023224,0.0,60.0,41.2,17.0
44300.0,511.70533776283264,1536.0,1.0,0.20000000298023224,0.0,60.0,41.2,17.0
44350.0,512.2806072235107,1537.0,1.0,0.4000000059604645,0.0,107.0,50.6,17.0
44400.0,512.828488111496,1538.0,1.0,0.4000000059604645,0.0,107.0,54.4,33.0
44450.0,513.3943269252777,1539.0,1.0,0.4000000059604645,0.0,107.0,58.2,36.0
44500.0,513.9738218784332,1541.0,1.0,0.4000000059604645,0.0,107.0,50.4,11.0
44550.0,514.5466094017029,1542.0,1.0,0.20000000298023224,0.0,52.0,33.6,11.0
44600.0,515.1201198101044,1542.0,1.0,0.20000000298023224,0.0,52.0,33.6,11.0
44650.0,515.6760032176971,1542.0,1.0,0.20000000298023224,0.0,52.0,33.6,11.0
44700.0,516.2206881046295,1542.0,1.0,0.20000000298023224,0.0,52.0,33.6,11.0
44750.0,516.763335943222,1543.0,1.0,0.4000000059604645,0.0,208.0,68.0,11.0
44800.0,517.3146178722382,1544.0,1.0,0.20000000298023224,0.0,208.0,69.4,11.0
44850.0,517.8904070854187,1545.0,1.0,0.20000000298023224,0.0,208.0,67.2,11.0
44900.0,518.4643983840942,1546.0,1.0,0.4000000059604645,0.0,208.0,80.2,23.0
44950.0,519.03759598732,1546.0,1.0,0.4000000059604645,0.0,208.0,80.2,23.0
45000.0,519.6125648021698,1546.0,1.0,0.4000000059604645,0.0,208.0,80.2,23.0
45050.0,520.157961845398,1546.0,1.0,0.4000000059604645,0.0,208.0,80.2,23.0
45100.0,520.7149488925934,1547.0,2.0,0.800000011920929,0.0,208.0,115.6,35.0
45150.0,521.2800929546356,1547.0,2.0,0.800000011920929,0.0,208.0,115.6,35.0
45200.0,521.8481464385986,1548.0,2.0,0.800000011920929,0.0,200.0,94.8,35.0
45250.0,522.4083852767944,1548.0,2.0,0.800000011920929,0.0,200.0,94.8,35.0
45300.0,522.9626882076263,1549.0,2.0,0.800000011920929,0.0,200.0,98.2,35.0
45350.0,523.5308208465576,1549.0,2.0,0.800000011920929,0.0,200.0,98.2,35.0
45400.0,524.1040008068085,1550.0,2.0,1.0,0.0,200.0,111.6,76.0
45450.0,524.6807971000671,1550.0,2.0,1.0,0.0,200.0,111.6,76.0
45500.0,525.2586734294891,1550.0,2.0,1.0,0.0,200.0,111.6,76.0
45550.0,525.814483165741,1550.0,2.0,1.0,0.0,200.0,111.6,76.0
45600.0,526.3601200580597,1550.0,2.0,1.0,0.0,200.0,111.6,76.0
45650.0,526.9251778125763,1550.0,2.0,1.0,0.0,200.0,111.6,76.0
45700.0,527.501029253006,1550.0,2.0,1.0,0.0,200.0,111.6,76.0
45750.0,528.0716500282288,1551.0,2.0,1.0,0.0,362.0,168.8,76.0
45800.0,528.635486125946,1551.0,2.0,1.0,0.0,362.0,168.8,76.0
45850.0,529.2009537220001,1552.0,1.0,0.800000011920929,0.0,362.0,149.0,76.0
45900.0,529.7661733627319,1553.0,1.0,0.6000000238418579,0.0,362.0,135.2,35.0
45950.0,530.3314208984375,1554.0,1.0,0.6000000238418579,0.0,362.0,133.8,35.0
46000.0,530.8899643421173,1554.0,1.0,0.6000000238418579,0.0,362.0,133.8,35.0
46050.0,531.4527404308319,1554.0,1.0,0.6000000238418579,0.0,362.0,133.8,35.0
46100.0,532.0068955421448,1555.0,1.0,0.4000000059604645,0.0,362.0,140.6,35.0
46150.0,532.5472798347473,1555.0,1.0,0.4000000059604645,0.0,362.0,140.6,35.0
46200.0,533.116028547287,1556.0,1.0,0.20000000298023224,0.0,136.0,87.2,35.0
46250.0,533.7013540267944,1556.0,1.0,0.20000000298023224,0.0,136.0,87.2,35.0
46300.0,534.2661828994751,1556.0,1.0,0.20000000298023224,0.0,136.0,87.2,35.0
46350.0,534.8233668804169,1556.0,1.0,0.20000000298023224,0.0,136.0,87.2,35.0
46400.0,535.3730576038361,1557.0,0.0,0.0,0.0,215.0,110.0,35.0
46450.0,535.9185605049133,1557.0,0.0,0.0,0.0,215.0,110.0,35.0
46500.0,536.477765083313,1558.0,0.0,0.0,0.0,215.0,121.0,69.0
46550.0,537.0432236194611,1558.0,0.0,0.0,0.0,215.0,121.0,69.0
46600.0,537.5963191986084,1558.0,0.0,0.0,0.0,215.0,121.0,69.0
46650.0,538.1482572555542,1558.0,0.0,0.0,0.0,215.0,121.0,69.0
46700.0,538.6964938640594,1558.0,0.0,0.0,0.0,215.0,121.0,69.0
46750.0,539.2638421058655,1558.0,0.0,0.0,0.0,215.0,121.0,69.0
46800.0,539.8286421298981,1558.0,0.0,0.0,0.0,215.0,121.0,69.0
46850.0,540.419976234436,1558.0,0.0,0.0,0.0,215.0,121.0,69.0
46900.0,540.9957740306854,1559.0,1.0,0.20000000298023224,0.0,395.0,186.2,90.0
46950.0,541.5661380290985,1559.0,1.0,0.20000000298023224,0.0,395.0,186.2,90.0
47000.0,542.1485953330994,1559.0,1.0,0.20000000298023224,0.0,395.0,186.2,90.0
47050.0,542.7313709259033,1559.0,1.0,0.20000000298023224,0.0,395.0,186.2,90.0
47100.0,543.3038718700409,1559.0,1.0,0.20000000298023224,0.0,395.0,186.2,90.0
47150.0,543.8729057312012,1559.0,1.0,0.20000000298023224,0.0,395.0,186.2,90.0
47200.0,544.4362788200378,1559.0,1.0,0.20000000298023224,0.0,395.0,186.2,90.0
47250.0,544.9847147464752,1559.0,1.0,0.20000000298023224,0.0,395.0,186.2,90.0
47300.0,545.5459206104279,1559.0,1.0,0.20000000298023224,0.0,395.0,186.2,90.0
47350.0,546.1267738342285,1559.0,1.0,0.20000000298023224,0.0,395.0,186.2,90.0
47400.0,546.692296743393,1559.0,1.0,0.20000000298023224,0.0,395.0,186.2,90.0
47450.0,547.2450785636902,1559.0,1.0,0.20000000298023224,0.0,395.0,186.2,90.0
47500.0,547.8175029754639,1559.0,1.0,0.20000000298023224,0.0,395.0,186.2,90.0
47550.0,548.405012845993,1560.0,1.0,0.4000000059604645,0.0,655.0,290.0,90.0
47600.0,548.9835290908813,1560.0,1.0,0.4000000059604645,0.0,655.0,290.0,90.0
47650.0,549.5664608478546,1560.0,1.0,0.4000000059604645,0.0,655.0,290.0,90.0
47700.0,550.1427693367004,1560.0,1.0,0.4000000059604645,0.0,655.0,290.0,90.0
47750.0,550.722692489624,1560.0,1.0,0.4000000059604645,0.0,655.0,290.0,90.0
47800.0,551.3046090602875,1560.0,1.0,0.4000000059604645,0.0,655.0,290.0,90.0
47850.0,551.8927581310272,1561.0,3.0,1.0,0.0,655.0,332.0,90.0
47900.0,552.459527015686,1561.0,3.0,1.0,0.0,655.0,332.0,90.0
47950.0,553.0422484874725,1561.0,3.0,1.0,0.0,655.0,332.0,90.0
48000.0,553.6183717250824,1562.0,3.0,1.0,0.0,655.0,316.8,90.0
48050.0,554.1839954853058,1562.0,3.0,1.0,0.0,655.0,316.8,90.0
48100.0,554.7382497787476,1562.0,3.0,1.0,0.0,655.0,316.8,90.0
48150.0,555.3025853633881,1563.0,3.0,1.0,0.0,655.0,328.0,139.0
48200.0,555.8802258968353,1563.0,3.0,1.0,0.0,655.0,328.0,139.0
48250.0,556.4599440097809,1564.0,3.0,0.800000011920929,0.0,655.0,270.2,106.0
48300.0,557.0406265258789,1564.0,3.0,0.800000011920929,0.0,655.0,270.2,106.0
48350.0,557.6140429973602,1564.0,3.0,0.800000011920929,0.0,655.0,270.2,106.0
48400.0,558.1812615394592,1565.0,3.0,1.0,0.0,305.0,171.0,106.0
48450.0,558.7464079856873,1565.0,3.0,1.0,0.0,305.0,171.0,106.0
48500.0,559.3137531280518,1565.0,3.0,1.0,0.0,305.0,171.0,106.0
48550.0,559.8973615169525,1566.0,2.0,0.4000000059604645,0.0,159.0,141.0,106.0
48600.0,560.4785108566284,1566.0,2.0,0.4000000059604645,0.0,159.0,141.0,106.0
48650.0,561.0451402664185,1567.0,2.0,0.4000000059604645,0.0,159.0,128.0,74.0
48700.0,561.5987777709961,1567.0,2.0,0.4000000059604645,0.0,159.0,128.0,74.0
48750.0,562.1498506069183,1567.0,2.0,0.4000000059604645,0.0,159.0,128.0,74.0
48800.0,562.6962549686432,1567.0,2.0,0.4000000059604645,0.0,159.0,128.0,74.0
48850.0,563.2642948627472,1567.0,2.0,0.4000000059604645,0.0,159.0,128.0,74.0
48900.0,563.8359785079956,1568.0,2.0,0.6000000238418579,0.0,261.0,151.0,74.0
48950.0,564.3909556865692,1568.0,2.0,0.6000000238418579,0.0,261.0,151.0,74.0
49000.0,564.9734559059143,1568.0,2.0,0.6000000238418579,0.0,261.0,151.0,74.0
49050.0,565.5439248085022,1569.0,2.0,1.0,0.0,261.0,163.8,74.0
49100.0,566.1238739490509,1570.0,2.0,0.6000000238418579,0.0,261.0,136.6,23.0
49150.0,566.67001080513,1570.0,2.0,0.6000000238418579,0.0,261.0,136.6,23.0
49200.0,567.2241108417511,1570.0,2.0,0.6000000238418579,0.0,261.0,136.6,23.0
49250.0,567.7879056930542,1570.0,2.0,0.6000000238418579,0.0,261.0,136.6,23.0
49300.0,568.3462181091309,1570.0,2.0,0.6000000238418579,0.0,261.0,136.6,23.0
49350.0,568.9252262115479,1570.0,2.0,0.6000000238418579,0.0,261.0,136.6,23.0
49400.0,569.511684179306,1570.0,2.0,0.6000000238418579,0.0,261.0,136.6,23.0
49450.0,570.1042947769165,1570.0,2.0,0.6000000238418579,0.0,261.0,136.6,23.0
49500.0,570.6959886550903,1571.0,2.0,0.800000011920929,0.0,427.0,191.0,23.0
49550.0,571.2689752578735,1571.0,2.0,0.800000011920929,0.0,427.0,191.0,23.0
49600.0,571.8502039909363,1571.0,2.0,0.800000011920929,0.0,427.0,191.0,23.0
49650.0,572.4009366035461,1571.0,2.0,0.800000011920929,0.0,427.0,191.0,23.0
49700.0,572.9540235996246,1571.0,2.0,0.800000011920929,0.0,427.0,191.0,23.0
49750.0,573.5312495231628,1571.0,2.0,0.800000011920929,0.0,427.0,191.0,23.0
49800.0,574.1035158634186,1571.0,2.0,0.800000011920929,0.0,427.0,191.0,23.0
49850.0,574.6756494045258,1571.0,2.0,0.800000011920929,0.0,427.0,191.0,23.0
49900.0,575.2432634830475,1571.0,2.0,0.800000011920929,0.0,427.0,191.0,23.0
49950.0,575.8080487251282,1571.0,2.0,0.800000011920929,0.0,427.0,191.0,23.0
50000.0,576.3980503082275,1572.0,6.0,2.0,0.0,491.0,274.4,23.0
50050.0,576.9539651870728,1572.0,6.0,2.0,0.0,491.0,274.4,23.0
50100.0,577.5269241333008,1572.0,6.0,2.0,0.0,491.0,274.4,23.0
50150.0,578.1022365093231,1572.0,6.0,2.0,0.0,491.0,274.4,23.0
50200.0,578.665851354599,1573.0,6.0,2.200000047683716,0.0,491.0,259.8,23.0
50250.0,579.2190308570862,1573.0,6.0,2.200000047683716,0.0,491.0,259.8,23.0
50300.0,579.8006463050842,1574.0,6.0,1.7999999523162842,0.0,491.0,243.8,23.0
50350.0,580.3834817409515,1574.0,6.0,1.7999999523162842,0.0,491.0,243.8,23.0
50400.0,580.9717710018158,1574.0,6.0,1.7999999523162842,0.0,491.0,243.8,23.0
50450.0,581.5522558689117,1574.0,6.0,1.7999999523162842,0.0,491.0,243.8,23.0
50500.0,582.1235628128052,1574.0,6.0,1.7999999523162842,0.0,491.0,243.8,23.0
50550.0,582.6723670959473,1574.0,6.0,1.7999999523162842,0.0,491.0,243.8,23.0
50600.0,583.232164144516,1575.0,6.0,2.200000047683716,0.0,491.0,303.8,90.0
50650.0,583.8087708950043,1575.0,6.0,2.200000047683716,0.0,491.0,303.8,90.0
50700.0,584.3792271614075,1575.0,6.0,2.200000047683716,0.0,491.0,303.8,90.0
50750.0,584.9400949478149,1576.0,6.0,2.0,0.0,491.0,245.8,90.0
50800.0,585.492598772049,1576.0,6.0,2.0,0.0,491.0,245.8,90.0
50850.0,586.0577056407928,1576.0,6.0,2.0,0.0,491.0,245.8,90.0
50900.0,586.6284883022308,1576.0,6.0,2.0,0.0,491.0,245.8,90.0
50950.0,587.2123930454254,1576.0,6.0,2.0,0.0,491.0,245.8,90.0
51000.0,587.7603924274445,1576.0,6.0,2.0,0.0,491.0,245.8,90.0
51050.0,588.3046607971191,1576.0,6.0,2.0,0.0,491.0,245.8,90.0
51100.0,588.8657855987549,1576.0,6.0,2.0,0.0,491.0,245.8,90.0
51150.0,589.4303405284882,1576.0,6.0,2.0,0.0,491.0,245.8,90.0
51200.0,589.9868347644806,1576.0,6.0,2.0,0.0,491.0,245.8,90.0
51250.0,590.5565202236176,1576.0,6.0,2.0,0.0,491.0,245.8,90.0
51300.0,591.1124956607819,1578.0,3.0,1.0,0.0,541.0,222.6,22.0
51350.0,591.6824164390564,1579.0,3.0,1.0,0.0,541.0,214.2,22.0
51400.0,592.2352650165558,1579.0,3.0,1.0,0.0,541.0,214.2,22.0
51450.0,592.8022668361664,1580.0,3.0,0.800000011920929,0.0,541.0,168.6,22.0
51500.0,593.3607220649719,1580.0,3.0,0.800000011920929,0.0,541.0,168.6,22.0
51550.0,593.9193358421326,1580.0,3.0,0.800000011920929,0.0,541.0,168.6,22.0
51600.0,594.4874172210693,1581.0,3.0,0.800000011920929,0.0,541.0,173.2,22.0
51650.0,595.0592525005341,1581.0,3.0,0.800000011920929,0.0,541.0,173.2,22.0
51700.0,595.6283037662506,1581.0,3.0,0.800000011920929,0.0,541.0,173.2,22.0
51750.0,596.1981711387634,1581.0,3.0,0.800000011920929,0.0,541.0,173.2,22.0
51800.0,596.7480008602142,1581.0,3.0,0.800000011920929,0.0,541.0,173.2,22.0
51850.0,597.315936088562,1582.0,1.0,0.20000000298023224,0.0,258.0,116.6,22.0
51900.0,597.8818693161011,1582.0,1.0,0.20000000298023224,0.0,258.0,116.6,22.0
51950.0,598.4338181018829,1583.0,1.0,0.20000000298023224,0.0,258.0,124.6,48.0
52000.0,599.0010538101196,1583.0,1.0,0.20000000298023224,0.0,258.0,124.6,48.0
52050.0,599.5813837051392,1583.0,1.0,0.20000000298023224,0.0,258.0,124.6,48.0
52100.0,600.1426136493683,1584.0,1.0,0.20000000298023224,0.0,258.0,147.6,62.0
52150.0,600.718138217926,1584.0,1.0,0.20000000298023224,0.0,258.0,147.6,62.0
52200.0,601.2869913578033,1585.0,0.0,0.0,0.0,258.0,150.0,62.0
52250.0,601.8534724712372,1586.0,0.0,0.0,0.0,258.0,130.4,62.0
52300.0,602.4186081886292,1586.0,0.0,0.0,0.0,258.0,130.4,62.0
52350.0,602.9747316837311,1586.0,0.0,0.0,0.0,258.0,130.4,62.0
52400.0,603.5565514564514,1586.0,0.0,0.0,0.0,258.0,130.4,62.0
52450.0,604.1115407943726,1586.0,0.0,0.0,0.0,258.0,130.4,62.0
52500.0,604.673300743103,1586.0,0.0,0.0,0.0,258.0,130.4,62.0
52550.0,605.251546382904,1587.0,1.0,0.20000000298023224,0.0,291.0,137.0,62.0
52600.0,605.8232951164246,1587.0,1.0,0.20000000298023224,0.0,291.0,137.0,62.0
52650.0,606.3876640796661,1587.0,1.0,0.20000000298023224,0.0,291.0,137.0,62.0
52700.0,606.9373774528503,1587.0,1.0,0.20000000298023224,0.0,291.0,137.0,62.0
52750.0,607.5201907157898,1587.0,1.0,0.20000000298023224,0.0,291.0,137.0,62.0
52800.0,608.0843420028687,1587.0,1.0,0.20000000298023224,0.0,291.0,137.0,62.0
52850.0,608.6303417682648,1587.0,1.0,0.20000000298023224,0.0,291.0,137.0,62.0
52900.0,609.1800711154938,1587.0,1.0,0.20000000298023224,0.0,291.0,137.0,62.0
52950.0,609.7516872882843,1588.0,1.0,0.4000000059604645,0.0,407.0,206.0,62.0
53000.0,610.3074600696564,1588.0,1.0,0.4000000059604645,0.0,407.0,206.0,62.0
53050.0,610.8834030628204,1590.0,1.0,0.4000000059604645,0.0,407.0,171.4,21.0
53100.0,611.4561822414398,1590.0,1.0,0.4000000059604645,0.0,407.0,171.4,21.0
53150.0,612.0285999774933,1590.0,1.0,0.4000000059604645,0.0,407.0,171.4,21.0
53200.0,612.6062939167023,1590.0,1.0,0.4000000059604645,0.0,407.0,171.4,21.0
53250.0,613.1925730705261,1590.0,1.0,0.4000000059604645,0.0,407.0,171.4,21.0
53300.0,613.7683763504028,1590.0,1.0,0.4000000059604645,0.0,407.0,171.4,21.0
53350.0,614.3276329040527,1590.0,1.0,0.4000000059604645,0.0,407.0,171.4,21.0
53400.0,614.9083781242371,1590.0,1.0,0.4000000059604645,0.0,407.0,171.4,21.0
53450.0,615.4850544929504,1590.0,1.0,0.4000000059604645,0.0,407.0,171.4,21.0
53500.0,616.0568981170654,1590.0,1.0,0.4000000059604645,0.0,407.0,171.4,21.0
53550.0,616.6364932060242,1591.0,2.0,0.800000011920929,0.0,503.0,259.6,21.0
53600.0,617.2247383594513,1591.0,2.0,0.800000011920929,0.0,503.0,259.6,21.0
53650.0,617.7931017875671,1592.0,2.0,0.6000000238418579,0.0,503.0,221.4,21.0
53700.0,618.3596189022064,1592.0,2.0,0.6000000238418579,0.0,503.0,221.4,21.0
53750.0,618.9110658168793,1593.0,2.0,0.4000000059604645,0.0,503.0,158.8,21.0
53800.0,619.4857394695282,1595.0,2.0,0.4000000059604645,0.0,503.0,152.0,17.0
53850.0,620.0549981594086,1596.0,0.0,0.0,0.0,100.0,60.0,17.0
53900.0,620.6073298454285,1596.0,0.0,0.0,0.0,100.0,60.0,17.0
53950.0,621.1834800243378,1598.0,0.0,0.0,0.0,71.0,38.8,17.0
54000.0,621.772374868393,1599.0,0.0,0.0,0.0,71.0,39.6,17.0
54050.0,622.351557970047,1600.0,0.0,0.0,0.0,71.0,46.6,17.0
54100.0,622.9371049404144,1601.0,0.0,0.0,0.0,71.0,46.0,17.0
54150.0,623.51997423172,1601.0,0.0,0.0,0.0,71.0,46.0,17.0
54200.0,624.10089635849,1601.0,0.0,0.0,0.0,71.0,46.0,17.0
54250.0,624.6791324615479,1601.0,0.0,0.0,0.0,71.0,46.0,17.0
54300.0,625.247950553894,1601.0,0.0,0.0,0.0,71.0,46.0,17.0
54350.0,625.8193883895874,1602.0,0.0,0.0,0.0,260.0,83.8,17.0
54400.0,626.3930821418762,1603.0,0.0,0.0,0.0,260.0,92.2,40.0
54450.0,626.9807949066162,1603.0,0.0,0.0,0.0,260.0,92.2,40.0
54500.0,627.5619208812714,1604.0,1.0,0.20000000298023224,0.0,260.0,102.4,40.0
54550.0,628.1355745792389,1605.0,1.0,0.20000000298023224,0.0,260.0,102.6,40.0
54600.0,628.7178604602814,1605.0,1.0,0.20000000298023224,0.0,260.0,102.6,40.0
54650.0,629.3049001693726,1605.0,1.0,0.20000000298023224,0.0,260.0,102.6,40.0
54700.0,629.8750829696655,1605.0,1.0,0.20000000298023224,0.0,260.0,102.6,40.0
54750.0,630.4381206035614,1605.0,1.0,0.20000000298023224,0.0,260.0,102.6,40.0
54800.0,630.9953927993774,1605.0,1.0,0.20000000298023224,0.0,260.0,102.6,40.0
54850.0,631.5526099205017,1606.0,2.0,0.6000000238418579,0.0,272.0,149.0,53.0
54900.0,632.1373062133789,1606.0,2.0,0.6000000238418579,0.0,272.0,149.0,53.0
54950.0,632.7168598175049,1607.0,2.0,0.6000000238418579,0.0,272.0,116.8,53.0
55000.0,633.3079550266266,1607.0,2.0,0.6000000238418579,0.0,272.0,116.8,53.0
55050.0,633.8808619976044,1607.0,2.0,0.6000000238418579,0.0,272.0,116.8,53.0
55100.0,634.4619681835175,1607.0,2.0,0.6000000238418579,0.0,272.0,116.8,53.0
55150.0,635.043751001358,1607.0,2.0,0.6000000238418579,0.0,272.0,116.8,53.0
55200.0,635.6243641376495,1607.0,2.0,0.6000000238418579,0.0,272.0,116.8,53.0
55250.0,636.1988389492035,1607.0,2.0,0.6000000238418579,0.0,272.0,116.8,53.0
55300.0,636.7638463973999,1607.0,2.0,0.6000000238418579,0.0,272.0,116.8,53.0
55350.0,637.3102426528931,1607.0,2.0,0.6000000238418579,0.0,272.0,116.8,53.0
55400.0,637.8815259933472,1607.0,2.0,0.6000000238418579,0.0,272.0,116.8,53.0
55450.0,638.462167263031,1607.0,2.0,0.6000000238418579,0.0,272.0,116.8,53.0
55500.0,639.0067663192749,1607.0,2.0,0.6000000238418579,0.0,272.0,116.8,53.0
55550.0,639.5457837581635,1608.0,2.0,0.800000011920929,0.0,626.0,230.2,53.0
55600.0,640.1162350177765,1609.0,2.0,0.6000000238418579,0.0,626.0,220.0,50.0
55650.0,640.6949980258942,1609.0,2.0,0.6000000238418579,0.0,626.0,220.0,50.0
55700.0,641.2604334354401,1609.0,2.0,0.6000000238418579,0.0,626.0,220.0,50.0
55750.0,641.8368988037109,1610.0,2.0,0.6000000238418579,0.0,626.0,238.2,50.0
55800.0,642.3855426311493,1610.0,2.0,0.6000000238418579,0.0,626.0,238.2,50.0
55850.0,642.9322893619537,1612.0,1.0,0.20000000298023224,0.0,626.0,185.8,23.0
55900.0,643.502583026886,1612.0,1.0,0.20000000298023224,0.0,626.0,185.8,23.0
55950.0,644.0649280548096,1613.0,0.0,0.0,0.0,144.0,76.6,23.0
56000.0,644.6439969539642,1614.0,0.0,0.0,0.0,144.0,79.0,23.0
56050.0,645.2202172279358,1614.0,0.0,0.0,0.0,144.0,79.0,23.0
56100.0,645.7951171398163,1614.0,0.0,0.0,0.0,144.0,79.0,23.0
56150.0,646.3769135475159,1614.0,0.0,0.0,0.0,144.0,79.0,23.0
56200.0,646.9303545951843,1614.0,0.0,0.0,0.0,144.0,79.0,23.0
56250.0,647.4736375808716,1614.0,0.0,0.0,0.0,144.0,79.0,23.0
56300.0,648.0189409255981,1614.0,0.0,0.0,0.0,144.0,79.0,23.0
56350.0,648.5585725307465,1614.0,0.0,0.0,0.0,144.0,79.0,23.0
56400.0,649.0966296195984,1614.0,0.0,0.0,0.0,144.0,79.0,23.0
56450.0,649.6469781398773,1614.0,0.0,0.0,0.0,144.0,79.0,23.0
56500.0,650.2273378372192,1614.0,0.0,0.0,0.0,144.0,79.0,23.0
56550.0,650.8069348335266,1614.0,0.0,0.0,0.0,144.0,79.0,23.0
56600.0,651.3775017261505,1615.0,1.0,0.20000000298023224,0.0,585.0,167.2,23.0
56650.0,651.9627115726471,1616.0,1.0,0.20000000298023224,0.0,585.0,164.6,23.0
56700.0,652.5175030231476,1616.0,1.0,0.20000000298023224,0.0,585.0,164.6,23.0
56750.0,653.0892703533173,1616.0,1.0,0.20000000298023224,0.0,585.0,164.6,23.0
56800.0,653.6570250988007,1616.0,1.0,0.20000000298023224,0.0,585.0,164.6,23.0
56850.0,654.2307162284851,1616.0,1.0,0.20000000298023224,0.0,585.0,164.6,23.0
56900.0,654.8003914356232,1616.0,1.0,0.20000000298023224,0.0,585.0,164.6,23.0
56950.0,655.3665862083435,1616.0,1.0,0.20000000298023224,0.0,585.0,164.6,23.0
57000.0,655.9399073123932,1617.0,1.0,0.4000000059604645,0.0,585.0,226.4,62.0
57050.0,656.5012583732605,1617.0,1.0,0.4000000059604645,0.0,585.0,226.4,62.0
57100.0,657.0547969341278,1617.0,1.0,0.4000000059604645,0.0,585.0,226.4,62.0
57150.0,657.589513540268,1617.0,1.0,0.4000000059604645,0.0,585.0,226.4,62.0
57200.0,658.1376030445099,1617.0,1.0,0.4000000059604645,0.0,585.0,226.4,62.0
57250.0,658.6965913772583,1618.0,1.0,0.4000000059604645,0.0,585.0,259.8,62.0
57300.0,659.2715620994568,1618.0,1.0,0.4000000059604645,0.0,585.0,259.8,62.0
57350.0,659.84699177742,1618.0,1.0,0.4000000059604645,0.0,585.0,259.8,62.0
57400.0,660.4282248020172,1618.0,1.0,0.4000000059604645,0.0,585.0,259.8,62.0
57450.0,661.0074691772461,1618.0,1.0,0.4000000059604645,0.0,585.0,259.8,62.0
57500.0,661.5879466533661,1619.0,1.0,0.4000000059604645,0.0,585.0,299.4,73.0
57550.0,662.1705794334412,1619.0,1.0,0.4000000059604645,0.0,585.0,299.4,73.0
57600.0,662.7490518093109,1619.0,1.0,0.4000000059604645,0.0,585.0,299.4,73.0
57650.0,663.3072991371155,1619.0,1.0,0.4000000059604645,0.0,585.0,299.4,73.0
57700.0,663.8915660381317,1620.0,1.0,0.4000000059604645,0.0,332.0,225.0,73.0
57750.0,664.4756321907043,1620.0,1.0,0.4000000059604645,0.0,332.0,225.0,73.0
57800.0,665.0558729171753,1621.0,1.0,0.4000000059604645,0.0,332.0,230.8,102.0
57850.0,665.6360638141632,1622.0,1.0,0.20000000298023224,0.0,260.0,171.0,33.0
57900.0,666.1794013977051,1623.0,1.0,0.20000000298023224,0.0,260.0,131.6,33.0
57950.0,666.7375204563141,1623.0,1.0,0.20000000298023224,0.0,260.0,131.6,33.0
58000.0,667.2860560417175,1623.0,1.0,0.20000000298023224,0.0,260.0,131.6,33.0
58050.0,667.8279910087585,1623.0,1.0,0.20000000298023224,0.0,260.0,131.6,33.0
58100.0,668.384176492691,1623.0,1.0,0.20000000298023224,0.0,260.0,131.6,33.0
58150.0,668.9516785144806,1623.0,1.0,0.20000000298023224,0.0,260.0,131.6,33.0
58200.0,669.5336952209473,1624.0,1.0,0.20000000298023224,0.0,305.0,140.6,33.0
58250.0,670.1090128421783,1624.0,1.0,0.20000000298023224,0.0,305.0,140.6,33.0
58300.0,670.6507902145386,1624.0,1.0,0.20000000298023224,0.0,305.0,140.6,33.0
58350.0,671.1830425262451,1624.0,1.0,0.20000000298023224,0.0,305.0,140.6,33.0
58400.0,671.7274997234344,1624.0,1.0,0.20000000298023224,0.0,305.0,140.6,33.0
58450.0,672.2789351940155,1625.0,1.0,0.20000000298023224,0.0,305.0,150.8,33.0
58500.0,672.8489532470703,1626.0,1.0,0.20000000298023224,0.0,305.0,133.2,14.0
58550.0,673.4170732498169,1626.0,1.0,0.20000000298023224,0.0,305.0,133.2,14.0
58600.0,673.9880335330963,1627.0,1.0,0.20000000298023224,0.0,305.0,151.2,14.0
58650.0,674.5481576919556,1627.0,1.0,0.20000000298023224,0.0,305.0,151.2,14.0
58700.0,675.0921289920807,1627.0,1.0,0.20000000298023224,0.0,305.0,151.2,14.0
58750.0,675.6482698917389,1628.0,1.0,0.20000000298023224,0.0,305.0,171.0,14.0
58800.0,676.2209005355835,1628.0,1.0,0.20000000298023224,0.0,305.0,171.0,14.0
58850.0,676.7848806381226,1628.0,1.0,0.20000000298023224,0.0,305.0,171.0,14.0
58900.0,677.350700378418,1629.0,1.0,0.20000000298023224,0.0,264.0,137.0,14.0
58950.0,677.9256420135498,1629.0,1.0,0.20000000298023224,0.0,264.0,137.0,14.0
59000.0,678.5043504238129,1629.0,1.0,0.20000000298023224,0.0,264.0,137.0,14.0
59050.0,679.0646069049835,1629.0,1.0,0.20000000298023224,0.0,264.0,137.0,14.0
59100.0,679.6152172088623,1629.0,1.0,0.20000000298023224,0.0,264.0,137.0,14.0
59150.0,680.1931252479553,1629.0,1.0,0.20000000298023224,0.0,264.0,137.0,14.0
59200.0,680.7525005340576,1629.0,1.0,0.20000000298023224,0.0,264.0,137.0,14.0
59250.0,681.3323209285736,1629.0,1.0,0.20000000298023224,0.0,264.0,137.0,14.0
59300.0,681.9076156616211,1629.0,1.0,0.20000000298023224,0.0,264.0,137.0,14.0
59350.0,682.4838871955872,1630.0,2.0,0.4000000059604645,0.0,460.0,176.2,14.0
59400.0,683.0676372051239,1630.0,2.0,0.4000000059604645,0.0,460.0,176.2,14.0
59450.0,683.6529834270477,1630.0,2.0,0.4000000059604645,0.0,460.0,176.2,14.0
59500.0,684.2207930088043,1630.0,2.0,0.4000000059604645,0.0,460.0,176.2,14.0
59550.0,684.8000092506409,1631.0,2.0,0.4000000059604645,0.0,460.0,216.4,123.0
59600.0,685.3766932487488,1631.0,2.0,0.4000000059604645,0.0,460.0,216.4,123.0
59650.0,685.9529047012329,1631.0,2.0,0.4000000059604645,0.0,460.0,216.4,123.0
59700.0,686.48686170578,1631.0,2.0,0.4000000059604645,0.0,460.0,216.4,123.0
59750.0,687.0455570220947,1631.0,2.0,0.4000000059604645,0.0,460.0,216.4,123.0
59800.0,687.6103346347809,1632.0,2.0,0.4000000059604645,0.0,460.0,240.8,135.0
59850.0,688.1680238246918,1632.0,2.0,0.4000000059604645,0.0,460.0,240.8,135.0
59900.0,688.7399497032166,1632.0,2.0,0.4000000059604645,0.0,460.0,240.8,135.0
59950.0,689.3221402168274,1632.0,2.0,0.4000000059604645,0.0,460.0,240.8,135.0
60000.0,689.9027712345123,1632.0,2.0,0.4000000059604645,0.0,460.0,240.8,135.0
60050.0,690.4902307987213,1632.0,2.0,0.4000000059604645,0.0,460.0,240.8,135.0
60100.0,691.0672428607941,1632.0,2.0,0.4000000059604645,0.0,460.0,240.8,135.0
60150.0,691.61909532547,1632.0,2.0,0.4000000059604645,0.0,460.0,240.8,135.0
60200.0,692.188310623169,1632.0,2.0,0.4000000059604645,0.0,460.0,240.8,135.0
60250.0,692.7533497810364,1632.0,2.0,0.4000000059604645,0.0,460.0,240.8,135.0
60300.0,693.3231985569,1632.0,2.0,0.4000000059604645,0.0,460.0,240.8,135.0
60350.0,693.8840391635895,1632.0,2.0,0.4000000059604645,0.0,460.0,240.8,135.0
60400.0,694.4253346920013,1632.0,2.0,0.4000000059604645,0.0,460.0,240.8,135.0
60450.0,694.9856622219086,1633.0,3.0,1.0,0.0,626.0,336.2,135.0
60500.0,695.5344634056091,1633.0,3.0,1.0,0.0,626.0,336.2,135.0
60550.0,696.082535982132,1633.0,3.0,1.0,0.0,626.0,336.2,135.0
60600.0,696.6352586746216,1633.0,3.0,1.0,0.0,626.0,336.2,135.0
60650.0,697.2032735347748,1633.0,3.0,1.0,0.0,626.0,336.2,135.0
60700.0,697.7792840003967,1633.0,3.0,1.0,0.0,626.0,336.2,135.0
60750.0,698.3631956577301,1633.0,3.0,1.0,0.0,626.0,336.2,135.0
60800.0,698.9400589466095,1633.0,3.0,1.0,0.0,626.0,336.2,135.0
60850.0,699.5026137828827,1634.0,8.0,2.5999999046325684,0.0,626.0,395.0,215.0
60900.0,700.0610404014587,1634.0,8.0,2.5999999046325684,0.0,626.0,395.0,215.0
60950.0,700.6232116222382,1634.0,8.0,2.5999999046325684,0.0,626.0,395.0,215.0
61000.0,701.188574552536,1634.0,8.0,2.5999999046325684,0.0,626.0,395.0,215.0
61050.0,701.75976729393,1634.0,8.0,2.5999999046325684,0.0,626.0,395.0,215.0
61100.0,702.3146035671234,1635.0,8.0,3.4000000953674316,0.0,626.0,351.2,215.0
61150.0,702.8812644481659,1637.0,8.0,3.799999952316284,0.0,626.0,268.8,18.0
61200.0,703.4592225551605,1638.0,8.0,3.5999999046325684,0.0,429.0,152.0,18.0
61250.0,704.0347480773926,1639.0,6.0,2.799999952316284,0.0,241.0,76.2,18.0
61300.0,704.609295129776,1641.0,4.0,2.4000000953674316,2.0,50.0,33.4,17.0
61350.0,705.1578290462494,1641.0,4.0,2.4000000953674316,2.0,50.0,33.4,17.0
61400.0,705.7310788631439,1643.0,4.0,2.5999999046325684,2.0,83.0,41.4,17.0
61450.0,706.3043036460876,1644.0,3.0,2.4000000953674316,2.0,83.0,38.2,17.0
61500.0,706.8826262950897,1646.0,4.0,2.799999952316284,2.0,83.0,42.2,17.0
61550.0,707.4397525787354,1647.0,4.0,2.4000000953674316,1.0,59.0,30.0,17.0
61600.0,708.0048968791962,1649.0,5.0,2.5999999046325684,1.0,59.0,33.4,17.0
61650.0,708.5847339630127,1649.0,5.0,2.5999999046325684,1.0,59.0,33.4,17.0
61700.0,709.15478348732,1650.0,7.0,3.200000047683716,1.0,92.0,40.0,17.0
61750.0,709.7251713275909,1652.0,7.0,4.0,1.0,92.0,43.8,17.0
61800.0,710.2704079151154,1652.0,7.0,4.0,1.0,92.0,43.8,17.0
61850.0,710.833212852478,1652.0,7.0,4.0,1.0,92.0,43.8,17.0
61900.0,711.4097847938538,1652.0,7.0,4.0,1.0,92.0,43.8,17.0
61950.0,711.9945909976959,1652.0,7.0,4.0,1.0,92.0,43.8,17.0
62000.0,712.5683581829071,1654.0,14.0,6.199999809265137,2.0,232.0,80.2,18.0
62050.0,713.1459200382233,1656.0,14.0,5.0,1.0,232.0,65.2,17.0
62100.0,713.7288966178894,1656.0,14.0,5.0,1.0,232.0,65.2,17.0
62150.0,714.2760841846466,1657.0,14.0,6.400000095367432,1.0,232.0,76.4,17.0
62200.0,714.8164284229279,1658.0,9.0,4.599999904632568,1.0,74.0,43.8,17.0
62250.0,715.3797874450684,1660.0,9.0,4.199999809265137,1.0,74.0,43.8,17.0
62300.0,715.9372141361237,1660.0,9.0,4.199999809265137,1.0,74.0,43.8,17.0
62350.0,716.5001528263092,1661.0,9.0,5.800000190734863,2.0,100.0,60.4,28.0
62400.0,717.0552616119385,1663.0,9.0,4.199999809265137,2.0,100.0,42.0,18.0
62450.0,717.6200926303864,1664.0,9.0,4.0,2.0,100.0,40.0,18.0
62500.0,718.1738831996918,1666.0,6.0,3.5999999046325684,2.0,49.0,27.8,18.0
62550.0,718.7331254482269,1668.0,6.0,4.0,3.0,49.0,29.4,17.0
62600.0,719.3051714897156,1669.0,6.0,4.199999809265137,3.0,49.0,29.8,17.0
62650.0,719.8801116943359,1669.0,6.0,4.199999809265137,3.0,49.0,29.8,17.0
62700.0,720.4506521224976,1671.0,11.0,5.0,2.0,101.0,40.2,17.0
62750.0,721.0046451091766,1673.0,11.0,4.800000190734863,2.0,101.0,38.4,18.0
62800.0,721.576785326004,1675.0,4.0,3.0,2.0,32.0,23.4,18.0
62850.0,722.1626069545746,1676.0,5.0,3.5999999046325684,2.0,33.0,26.4,18.0
62900.0,722.7280232906342,1678.0,6.0,4.0,2.0,50.0,32.0,18.0
62950.0,723.3040940761566,1680.0,6.0,3.799999952316284,2.0,50.0,30.2,18.0
63000.0,723.8559696674347,1681.0,6.0,3.799999952316284,2.0,50.0,30.0,18.0
63050.0,724.4100213050842,1681.0,6.0,3.799999952316284,2.0,50.0,30.0,18.0
63100.0,724.9768850803375,1682.0,11.0,4.800000190734863,2.0,129.0,45.8,18.0
63150.0,725.564671754837,1683.0,11.0,4.599999904632568,2.0,129.0,48.4,18.0
63200.0,726.1357619762421,1684.0,11.0,5.0,2.0,129.0,50.0,18.0
63250.0,726.688896894455,1685.0,11.0,5.800000190734863,2.0,129.0,58.2,30.0
63300.0,727.2766892910004,1686.0,11.0,6.400000095367432,2.0,129.0,62.0,30.0
63350.0,727.8441073894501,1687.0,8.0,5.199999809265137,2.0,59.0,44.2,30.0
63400.0,728.432412147522,1689.0,8.0,5.199999809265137,3.0,59.0,45.4,27.0
63450.0,729.0192155838013,1689.0,8.0,5.199999809265137,3.0,59.0,45.4,27.0
63500.0,729.5830264091492,1689.0,8.0,5.199999809265137,3.0,59.0,45.4,27.0
63550.0,730.1633129119873,1689.0,8.0,5.199999809265137,3.0,59.0,45.4,27.0
63600.0,730.7398116588593,1690.0,14.0,6.800000190734863,3.0,184.0,70.4,27.0
63650.0,731.3252484798431,1690.0,14.0,6.800000190734863,3.0,184.0,70.4,27.0
63700.0,731.9004776477814,1691.0,14.0,7.199999809265137,3.0,184.0,78.0,27.0
63750.0,732.478764295578,1691.0,14.0,7.199999809265137,3.0,184.0,78.0,27.0
63800.0,733.061934709549,1693.0,14.0,8.399999618530273,3.0,184.0,85.4,17.0
63850.0,733.6275041103363,1694.0,14.0,8.199999809265137,3.0,184.0,88.4,17.0
63900.0,734.1916828155518,1694.0,14.0,8.199999809265137,3.0,184.0,88.4,17.0
63950.0,734.7512083053589,1696.0,11.0,6.0,3.0,110.0,55.4,17.0
64000.0,735.3431987762451,1696.0,11.0,6.0,3.0,110.0,55.4,17.0
64050.0,735.9114053249359,1696.0,11.0,6.0,3.0,110.0,55.4,17.0
64100.0,736.5040044784546,1698.0,14.0,6.599999904632568,3.0,123.0,58.2,18.0
64150.0,737.0882344245911,1700.0,14.0,5.800000190734863,3.0,123.0,43.6,18.0
64200.0,737.6587567329407,1702.0,5.0,3.799999952316284,3.0,32.0,23.6,18.0
64250.0,738.2332887649536,1702.0,5.0,3.799999952316284,3.0,32.0,23.6,18.0
64300.0,738.7911386489868,1703.0,11.0,5.400000095367432,3.0,110.0,42.0,18.0
64350.0,739.3606879711151,1703.0,11.0,5.400000095367432,3.0,110.0,42.0,18.0
64400.0,739.9248609542847,1704.0,11.0,6.199999809265137,3.0,110.0,51.8,18.0
64450.0,740.4681737422943,1706.0,11.0,6.199999809265137,2.0,110.0,53.4,17.0
64500.0,741.0053083896637,1708.0,9.0,5.0,2.0,81.0,40.0,17.0
64550.0,741.5529460906982,1709.0,6.0,4.0,2.0,43.0,30.0,17.0
64600.0,742.1109907627106,1710.0,8.0,4.400000095367432,2.0,69.0,35.6,17.0
64650.0,742.6591000556946,1710.0,8.0,4.400000095367432,2.0,69.0,35.6,17.0
64700.0,743.2293910980225,1710.0,8.0,4.400000095367432,2.0,69.0,35.6,17.0
64750.0,743.8193669319153,1711.0,17.0,7.400000095367432,3.0,141.0,60.4,18.0
64800.0,744.3840234279633,1712.0,17.0,7.800000190734863,3.0,141.0,62.0,18.0
64850.0,744.9590213298798,1713.0,17.0,8.0,4.0,141.0,66.2,31.0
64900.0,745.5278232097626,1714.0,17.0,8.800000190734863,4.0,141.0,73.8,39.0
64950.0,746.0884861946106,1716.0,8.0,5.0,3.0,69.0,39.8,18.0
65000.0,746.6513245105743,1717.0,8.0,5.0,3.0,69.0,39.8,18.0
65050.0,747.2362110614777,1717.0,8.0,5.0,3.0,69.0,39.8,18.0
65100.0,747.7933738231659,1718.0,12.0,6.599999904632568,3.0,90.0,50.0,18.0
65150.0,748.3614897727966,1718.0,12.0,6.599999904632568,3.0,90.0,50.0,18.0
65200.0,748.9128823280334,1719.0,12.0,6.599999904632568,3.0,110.0,58.2,18.0
65250.0,749.4693808555603,1720.0,12.0,7.199999809265137,3.0,110.0,62.0,18.0
65300.0,750.0225386619568,1720.0,12.0,7.199999809265137,3.0,110.0,62.0,18.0
65350.0,750.5887372493744,1721.0,14.0,9.399999618530273,6.0,110.0,76.4,41.0
65400.0,751.164314031601,1722.0,14.0,9.199999809265137,6.0,110.0,76.0,41.0
65450.0,751.7261693477631,1723.0,14.0,9.0,6.0,110.0,73.8,41.0
65500.0,752.2794342041016,1724.0,14.0,8.399999618530273,5.0,90.0,60.0,41.0
65550.0,752.8435106277466,1724.0,14.0,8.399999618530273,5.0,90.0,60.0,41.0
65600.0,753.4288973808289,1724.0,14.0,8.399999618530273,5.0,90.0,60.0,41.0
65650.0,753.9965407848358,1725.0,21.0,11.399999618530273,5.0,159.0,83.6,41.0
65700.0,754.5761604309082,1726.0,21.0,9.600000381469727,5.0,159.0,73.8,41.0
65750.0,755.1518747806549,1727.0,21.0,9.800000190734863,5.0,159.0,72.0,40.0
65800.0,755.6983251571655,1729.0,21.0,8.399999618530273,3.0,159.0,59.8,18.0
65850.0,756.2618045806885,1730.0,7.0,5.599999904632568,3.0,52.0,38.4,18.0
65900.0,756.8448033332825,1730.0,7.0,5.599999904632568,3.0,52.0,38.4,18.0
65950.0,757.4187877178192,1731.0,10.0,6.599999904632568,3.0,100.0,50.2,18.0
66000.0,757.9844582080841,1732.0,10.0,6.199999809265137,3.0,100.0,52.0,18.0
66050.0,758.5490500926971,1733.0,10.0,6.400000095367432,3.0,100.0,56.0,18.0
66100.0,759.1274018287659,1734.0,10.0,6.599999904632568,4.0,100.0,60.2,39.0
66150.0,759.7163319587708,1735.0,10.0,7.0,4.0,100.0,61.8,39.0
66200.0,760.2984855175018,1736.0,9.0,6.0,4.0,61.0,49.8,39.0
66250.0,760.8681409358978,1736.0,9.0,6.0,4.0,61.0,49.8,39.0
66300.0,761.4360675811768,1736.0,9.0,6.0,4.0,61.0,49.8,39.0
66350.0,761.9937410354614,1738.0,16.0,7.400000095367432,3.0,131.0,57.6,18.0
66400.0,762.5522191524506,1739.0,16.0,7.199999809265137,3.0,131.0,58.0,18.0
66450.0,763.1081321239471,1740.0,16.0,6.800000190734863,3.0,131.0,58.0,18.0
66500.0,763.6563248634338,1741.0,16.0,7.199999809265137,3.0,131.0,60.0,18.0
66550.0,764.2004489898682,1742.0,7.0,4.599999904632568,3.0,60.0,43.8,18.0
66600.0,764.7550709247589,1743.0,7.0,4.800000190734863,3.0,60.0,46.2,30.0
66650.0,765.3037257194519,1744.0,8.0,5.800000190734863,3.0,72.0,52.4,30.0
66700.0,765.8816516399384,1745.0,8.0,5.599999904632568,3.0,72.0,51.8,30.0
66750.0,766.4612810611725,1746.0,8.0,5.400000095367432,3.0,72.0,50.2,30.0
66800.0,767.0463891029358,1747.0,8.0,6.199999809265137,4.0,72.0,50.2,30.0
66850.0,767.6282825469971,1747.0,8.0,6.199999809265137,4.0,72.0,50.2,30.0
66900.0,768.1923975944519,1748.0,11.0,7.599999904632568,6.0,89.0,62.0,42.0
66950.0,768.7620503902435,1749.0,11.0,7.400000095367432,6.0,89.0,59.6,42.0
67000.0,769.343691110611,1750.0,11.0,7.400000095367432,6.0,89.0,58.2,42.0
67050.0,769.9238646030426,1751.0,11.0,7.599999904632568,6.0,89.0,59.8,50.0
67100.0,770.4888498783112,1752.0,11.0,7.599999904632568,6.0,89.0,59.8,50.0
67150.0,771.0447843074799,1753.0,7.0,6.599999904632568,6.0,60.0,52.0,50.0
67200.0,771.6237239837646,1753.0,7.0,6.599999904632568,6.0,60.0,52.0,50.0
67250.0,772.1842687129974,1754.0,14.0,8.0,6.0,109.0,61.8,50.0
67300.0,772.7321503162384,1755.0,14.0,7.599999904632568,4.0,109.0,58.0,31.0
67350.0,773.309891462326,1756.0,14.0,8.0,4.0,109.0,60.0,31.0
67400.0,773.8732998371124,1757.0,14.0,8.0,4.0,109.0,60.0,31.0
67450.0,774.4350762367249,1758.0,14.0,8.199999809265137,4.0,109.0,61.8,31.0
67500.0,775.0124788284302,1760.0,9.0,5.800000190734863,3.0,60.0,41.8,18.0
67550.0,775.5841889381409,1762.0,7.0,4.400000095367432,3.0,59.0,31.6,18.0
67600.0,776.1253702640533,1762.0,7.0,4.400000095367432,3.0,59.0,31.6,18.0
67650.0,776.6847364902496,1763.0,12.0,5.400000095367432,3.0,101.0,40.0,18.0
67700.0,777.256543636322,1764.0,12.0,6.0,3.0,101.0,43.8,18.0
67750.0,777.8155748844147,1765.0,12.0,7.0,3.0,101.0,50.2,18.0
67800.0,778.3883125782013,1766.0,12.0,7.400000095367432,3.0,101.0,52.0,18.0
67850.0,778.944974899292,1767.0,12.0,8.199999809265137,6.0,101.0,56.4,40.0
67900.0,779.5116190910339,1768.0,11.0,8.0,6.0,60.0,48.2,40.0
67950.0,780.0573072433472,1769.0,11.0,8.199999809265137,7.0,60.0,50.0,40.0
68000.0,780.5962574481964,1770.0,11.0,8.0,7.0,60.0,50.2,40.0
68050.0,781.157324552536,1771.0,11.0,8.199999809265137,7.0,60.0,50.2,40.0
68100.0,781.7107882499695,1772.0,11.0,8.199999809265137,7.0,60.0,52.0,49.0
68150.0,782.2836966514587,1773.0,9.0,7.0,5.0,51.0,46.2,31.0
68200.0,782.8608114719391,1774.0,10.0,7.599999904632568,5.0,70.0,50.2,31.0
68250.0,783.4254615306854,1775.0,10.0,8.199999809265137,5.0,70.0,51.8,31.0
68300.0,783.9970529079437,1777.0,10.0,6.199999809265137,3.0,70.0,39.8,18.0
68350.0,784.570613861084,1778.0,10.0,6.800000190734863,3.0,70.0,44.0,18.0
68400.0,785.1328020095825,1779.0,10.0,5.599999904632568,3.0,59.0,35.8,18.0
68450.0,785.7028262615204,1780.0,11.0,5.800000190734863,3.0,70.0,38.0,18.0
68500.0,786.2593383789062,1781.0,11.0,6.0,3.0,70.0,39.8,18.0
68550.0,786.7991390228271,1781.0,11.0,6.0,3.0,70.0,39.8,18.0
68600.0,787.3342666625977,1782.0,18.0,9.0,4.0,110.0,58.2,29.0
68650.0,787.8973121643066,1784.0,18.0,8.600000381469727,4.0,110.0,55.6,27.0
68700.0,788.4723036289215,1785.0,18.0,7.599999904632568,4.0,110.0,50.0,27.0
68750.0,789.0415666103363,1786.0,18.0,8.199999809265137,4.0,110.0,54.0,27.0
68800.0,789.5918719768524,1788.0,7.0,5.0,3.0,50.0,33.6,18.0
68850.0,790.1526045799255,1789.0,7.0,5.400000095367432,3.0,51.0,38.4,18.0
68900.0,790.7260160446167,1790.0,8.0,5.800000190734863,3.0,51.0,40.2,18.0
68950.0,791.3088684082031,1791.0,8.0,6.0,3.0,51.0,40.0,18.0
69000.0,791.8886227607727,1792.0,8.0,6.199999809265137,3.0,51.0,43.8,18.0
69050.0,792.461296081543,1793.0,8.0,6.599999904632568,5.0,51.0,46.4,31.0
69100.0,793.031088590622,1794.0,9.0,7.199999809265137,5.0,70.0,50.2,31.0
69150.0,793.6068644523621,1795.0,9.0,7.199999809265137,5.0,70.0,49.8,31.0
69200.0,794.1900935173035,1796.0,9.0,7.199999809265137,5.0,70.0,50.0,31.0
69250.0,794.7634670734406,1797.0,9.0,7.599999904632568,5.0,70.0,50.0,31.0
69300.0,795.3518617153168,1798.0,9.0,8.399999618530273,8.0,70.0,55.6,49.0
69350.0,795.9421434402466,1799.0,9.0,7.199999809265137,3.0,59.0,46.0,22.0
69400.0,796.5242240428925,1800.0,12.0,8.0,3.0,70.0,50.2,22.0
69450.0,797.087678194046,1801.0,12.0,8.0,3.0,70.0,50.0,22.0
69500.0,797.6765456199646,1802.0,12.0,8.199999809265137,3.0,70.0,51.8,22.0
69550.0,798.2502400875092,1803.0,12.0,7.800000190734863,3.0,70.0,48.2,22.0
69600.0,798.7942633628845,1804.0,12.0,9.199999809265137,7.0,70.0,55.6,41.0
69650.0,799.3308489322662,1805.0,10.0,8.399999618530273,7.0,59.0,51.6,41.0
69700.0,799.8898785114288,1806.0,10.0,8.399999618530273,7.0,59.0,51.8,41.0
69750.0,800.4668004512787,1808.0,10.0,6.400000095367432,3.0,59.0,39.8,18.0
69800.0,801.0434637069702,1809.0,8.0,5.800000190734863,3.0,52.0,38.4,18.0
69850.0,801.6076238155365,1810.0,8.0,5.800000190734863,3.0,52.0,38.4,18.0
69900.0,802.1865289211273,1811.0,8.0,5.800000190734863,3.0,52.0,38.2,18.0
69950.0,802.752801656723,1812.0,8.0,6.199999809265137,3.0,52.0,40.0,18.0
70000.0,803.3269233703613,1813.0,11.0,7.800000190734863,5.0,79.0,52.2,31.0
70050.0,803.9024455547333,1814.0,11.0,7.599999904632568,5.0,79.0,49.8,31.0
70100.0,804.4770565032959,1815.0,11.0,7.0,5.0,79.0,46.0,31.0
70150.0,805.027272939682,1816.0,11.0,7.599999904632568,5.0,79.0,50.0,31.0
70200.0,805.6080720424652,1817.0,11.0,7.599999904632568,5.0,79.0,50.0,31.0
70250.0,806.1836500167847,1818.0,11.0,7.599999904632568,5.0,69.0,48.0,31.0
70300.0,806.7649528980255,1818.0,11.0,7.599999904632568,5.0,69.0,48.0,31.0
70350.0,807.3156006336212,1819.0,14.0,9.199999809265137,5.0,100.0,60.0,31.0
70400.0,807.856449842453,1820.0,14.0,9.800000190734863,5.0,100.0,63.8,31.0
70450.0,808.387220621109,1821.0,14.0,9.600000381469727,5.0,100.0,61.8,31.0
70500.0,808.9346101284027,1821.0,14.0,9.600000381469727,5.0,100.0,61.8,31.0
70550.0,809.5242621898651,1822.0,14.0,10.800000190734863,8.0,100.0,70.0,50.0
70600.0,810.1043844223022,1824.0,11.0,8.199999809265137,3.0,72.0,49.8,18.0
70650.0,810.6510252952576,1824.0,11.0,8.199999809265137,3.0,72.0,49.8,18.0
70700.0,811.245334148407,1825.0,17.0,10.0,3.0,111.0,62.0,18.0
70750.0,811.824857711792,1827.0,17.0,7.199999809265137,3.0,111.0,45.4,18.0
70800.0,812.4177505970001,1828.0,17.0,7.0,3.0,111.0,46.0,18.0
70850.0,812.9933886528015,1828.0,17.0,7.0,3.0,111.0,46.0,18.0
70900.0,813.5640008449554,1829.0,17.0,9.199999809265137,3.0,111.0,60.2,18.0
70950.0,814.1432514190674,1830.0,14.0,7.599999904632568,3.0,89.0,48.0,18.0
71000.0,814.7112033367157,1832.0,14.0,7.800000190734863,2.0,89.0,49.8,17.0
71050.0,815.2782351970673,1832.0,14.0,7.800000190734863,2.0,89.0,49.8,17.0
71100.0,815.8473024368286,1833.0,14.0,8.800000190734863,2.0,89.0,54.0,17.0
71150.0,816.4241144657135,1835.0,13.0,6.400000095367432,2.0,74.0,39.8,17.0
71200.0,816.996090888977,1835.0,13.0,6.400000095367432,2.0,74.0,39.8,17.0
71250.0,817.5655381679535,1835.0,13.0,6.400000095367432,2.0,74.0,39.8,17.0
71300.0,818.1319975852966,1836.0,19.0,9.0,2.0,132.0,58.2,17.0
71350.0,818.6951212882996,1836.0,19.0,9.0,2.0,132.0,58.2,17.0
71400.0,819.2576801776886,1837.0,19.0,12.0,3.0,132.0,76.6,18.0
71450.0,819.838883638382,1838.0,19.0,10.800000190734863,3.0,132.0,70.0,18.0
71500.0,820.411639213562,1838.0,19.0,10.800000190734863,3.0,132.0,70.0,18.0
71550.0,820.9993805885315,1838.0,19.0,10.800000190734863,3.0,132.0,70.0,18.0
71600.0,821.5903713703156,1838.0,19.0,10.800000190734863,3.0,132.0,70.0,18.0
71650.0,822.1591539382935,1839.0,31.0,15.399999618530273,3.0,219.0,103.8,18.0
71700.0,822.7396385669708,1840.0,31.0,16.799999237060547,7.0,219.0,112.2,41.0
71750.0,823.3116040229797,1842.0,31.0,10.600000381469727,2.0,219.0,71.8,18.0
71800.0,823.8914804458618,1842.0,31.0,10.600000381469727,2.0,219.0,71.8,18.0
71850.0,824.469911813736,1842.0,31.0,10.600000381469727,2.0,219.0,71.8,18.0
71900.0,825.0629942417145,1843.0,31.0,13.399999618530273,2.0,219.0,94.0,18.0
71950.0,825.6489210128784,1844.0,21.0,8.0,2.0,152.0,56.2,18.0
72000.0,826.2399818897247,1845.0,21.0,8.399999618530273,2.0,152.0,58.4,18.0
72050.0,826.819103717804,1845.0,21.0,8.399999618530273,2.0,152.0,58.4,18.0
72100.0,827.3665471076965,1846.0,21.0,11.199999809265137,2.0,152.0,75.6,18.0
72150.0,827.9206035137177,1847.0,21.0,11.199999809265137,2.0,152.0,76.4,22.0
72200.0,828.4844892024994,1848.0,17.0,9.199999809265137,2.0,107.0,60.2,22.0
72250.0,829.0672829151154,1848.0,17.0,9.199999809265137,2.0,107.0,60.2,22.0
72300.0,829.6404237747192,1849.0,17.0,10.800000190734863,2.0,107.0,70.0,22.0
72350.0,830.1959598064423,1849.0,17.0,10.800000190734863,2.0,107.0,70.0,22.0
72400.0,830.7521572113037,1851.0,13.0,8.399999618530273,2.0,99.0,59.6,22.0
72450.0,831.3126423358917,1852.0,13.0,9.600000381469727,4.0,99.0,65.6,27.0
72500.0,831.8802335262299,1853.0,13.0,8.800000190734863,4.0,99.0,61.4,27.0
72550.0,832.4637115001678,1854.0,13.0,8.199999809265137,4.0,99.0,55.8,27.0
72600.0,833.0351116657257,1855.0,9.0,6.800000190734863,4.0,52.0,44.0,27.0
72650.0,833.6086549758911,1855.0,9.0,6.800000190734863,4.0,52.0,44.0,27.0
72700.0,834.1909048557281,1857.0,11.0,7.199999809265137,3.0,81.0,47.8,17.0
72750.0,834.7837586402893,1857.0,11.0,7.199999809265137,3.0,81.0,47.8,17.0
72800.0,835.3747854232788,1858.0,15.0,8.800000190734863,3.0,102.0,58.2,17.0
72850.0,835.9489195346832,1858.0,15.0,8.800000190734863,3.0,102.0,58.2,17.0
72900.0,836.5221240520477,1859.0,15.0,9.0,3.0,102.0,64.2,17.0
72950.0,837.0881478786469,1859.0,15.0,9.0,3.0,102.0,64.2,17.0
73000.0,837.6667382717133,1859.0,15.0,9.0,3.0,102.0,64.2,17.0
73050.0,838.218159198761,1860.0,24.0,12.600000381469727,3.0,171.0,90.4,17.0
73100.0,838.803653717041,1861.0,24.0,11.199999809265137,3.0,171.0,80.0,17.0
73150.0,839.395664691925,1862.0,24.0,12.600000381469727,4.0,171.0,88.4,29.0
73200.0,839.9802746772766,1862.0,24.0,12.600000381469727,4.0,171.0,88.4,29.0
73250.0,840.5686039924622,1862.0,24.0,12.600000381469727,4.0,171.0,88.4,29.0
73300.0,841.1518399715424,1862.0,24.0,12.600000381469727,4.0,171.0,88.4,29.0
73350.0,841.7207207679749,1863.0,30.0,15.600000381469727,4.0,200.0,108.0,29.0
73400.0,842.3123006820679,1864.0,30.0,15.600000381469727,4.0,200.0,103.8,29.0
73450.0,842.8967287540436,1864.0,30.0,15.600000381469727,4.0,200.0,103.8,29.0
73500.0,843.4821956157684,1865.0,30.0,13.600000381469727,4.0,200.0,87.6,29.0
73550.0,844.0537695884705,1865.0,30.0,13.600000381469727,4.0,200.0,87.6,29.0
73600.0,844.6122894287109,1865.0,30.0,13.600000381469727,4.0,200.0,87.6,29.0
73650.0,845.1768953800201,1866.0,30.0,18.0,10.0,200.0,113.8,59.0
73700.0,845.7439289093018,1867.0,30.0,17.600000381469727,8.0,200.0,112.0,50.0
73750.0,846.2857913970947,1867.0,30.0,17.600000381469727,8.0,200.0,112.0,50.0
73800.0,846.8333983421326,1869.0,26.0,13.199999809265137,5.0,160.0,82.0,29.0
73850.0,847.3915565013885,1869.0,26.0,13.199999809265137,5.0,160.0,82.0,29.0
73900.0,847.9609055519104,1869.0,26.0,13.199999809265137,5.0,160.0,82.0,29.0
73950.0,848.5360610485077,1869.0,26.0,13.199999809265137,5.0,160.0,82.0,29.0
74000.0,849.1304471492767,1870.0,30.0,16.399999618530273,5.0,190.0,102.0,29.0
74050.0,849.6932163238525,1870.0,30.0,16.399999618530273,5.0,190.0,102.0,29.0
74100.0,850.2745144367218,1872.0,30.0,12.600000381469727,2.0,190.0,81.6,18.0
74150.0,850.8759851455688,1872.0,30.0,12.600000381469727,2.0,190.0,81.6,18.0
74200.0,851.4751219749451,1872.0,30.0,12.600000381469727,2.0,190.0,81.6,18.0
74250.0,852.0678820610046,1873.0,30.0,14.0,2.0,190.0,93.8,18.0
74300.0,852.6310868263245,1873.0,30.0,14.0,2.0,190.0,93.8,18.0
74350.0,853.2179579734802,1873.0,30.0,14.0,2.0,190.0,93.8,18.0
74400.0,853.7952709197998,1873.0,30.0,14.0,2.0,190.0,93.8,18.0
74450.0,854.3512315750122,1873.0,30.0,14.0,2.0,190.0,93.8,18.0
74500.0,854.9243431091309,1873.0,30.0,14.0,2.0,190.0,93.8,18.0
74550.0,855.471729516983,1874.0,45.0,22.0,2.0,290.0,146.0,18.0
74600.0,856.0338275432587,1875.0,45.0,17.600000381469727,2.0,290.0,118.0,18.0
74650.0,856.6052160263062,1875.0,45.0,17.600000381469727,2.0,290.0,118.0,18.0
74700.0,857.1805474758148,1876.0,45.0,18.399999618530273,2.0,290.0,122.0,18.0
74750.0,857.7598190307617,1876.0,45.0,18.399999618530273,2.0,290.0,122.0,18.0
74800.0,858.3335962295532,1877.0,45.0,21.399999618530273,8.0,290.0,138.8,50.0
74850.0,858.904123544693,1877.0,45.0,21.399999618530273,8.0,290.0,138.8,50.0
74900.0,859.480767250061,1877.0,45.0,21.399999618530273,8.0,290.0,138.8,50.0
74950.0,860.0472214221954,1878.0,45.0,21.799999237060547,8.0,290.0,140.2,50.0
75000.0,860.6039705276489,1879.0,22.0,14.199999809265137,7.0,149.0,90.4,41.0
75050.0,861.1639497280121,1879.0,22.0,14.199999809265137,7.0,149.0,90.4,41.0
75100.0,861.7447912693024,1880.0,22.0,15.199999809265137,7.0,149.0,98.2,41.0
75150.0,862.3321890830994,1880.0,22.0,15.199999809265137,7.0,149.0,98.2,41.0
75200.0,862.9208981990814,1881.0,22.0,15.399999618530273,7.0,149.0,100.4,41.0
75250.0,863.5044333934784,1882.0,22.0,13.399999618530273,7.0,149.0,89.6,41.0
75300.0,864.0929927825928,1882.0,22.0,13.399999618530273,7.0,149.0,89.6,41.0
75350.0,864.6787781715393,1882.0,22.0,13.399999618530273,7.0,149.0,89.6,41.0
75400.0,865.2689230442047,1883.0,24.0,13.800000190734863,7.0,150.0,89.8,41.0
75450.0,865.8564889431,1884.0,24.0,13.399999618530273,5.0,150.0,87.8,31.0
75500.0,866.4068167209625,1884.0,24.0,13.399999618530273,5.0,150.0,87.8,31.0
75550.0,866.9486427307129,1885.0,24.0,14.199999809265137,5.0,150.0,90.0,31.0
75600.0,867.5003364086151,1885.0,24.0,14.199999809265137,5.0,150.0,90.0,31.0
75650.0,868.0809359550476,1886.0,24.0,14.199999809265137,5.0,150.0,87.6,31.0
75700.0,868.6632204055786,1887.0,24.0,15.0,5.0,150.0,90.0,31.0
75750.0,869.2441670894623,1888.0,18.0,11.399999618530273,5.0,109.0,68.0,31.0
75800.0,869.824202299118,1888.0,18.0,11.399999618530273,5.0,109.0,68.0,31.0
75850.0,870.4124808311462,1889.0,21.0,14.600000381469727,6.0,121.0,86.0,40.0
75900.0,871.000958442688,1889.0,21.0,14.600000381469727,6.0,121.0,86.0,40.0
75950.0,871.5859019756317,1891.0,21.0,10.199999809265137,3.0,121.0,61.8,18.0
76000.0,872.1645379066467,1892.0,21.0,9.800000190734863,3.0,121.0,60.0,18.0
76050.0,872.7547414302826,1892.0,21.0,9.800000190734863,3.0,121.0,60.0,18.0
76100.0,873.3472661972046,1892.0,21.0,9.800000190734863,3.0,121.0,60.0,18.0
76150.0,873.9270958900452,1893.0,21.0,12.199999809265137,3.0,131.0,78.2,18.0
76200.0,874.4805541038513,1893.0,21.0,12.199999809265137,3.0,131.0,78.2,18.0
76250.0,875.0453398227692,1893.0,21.0,12.199999809265137,3.0,131.0,78.2,18.0
76300.0,875.6244356632233,1893.0,21.0,12.199999809265137,3.0,131.0,78.2,18.0
76350.0,876.2156114578247,1894.0,33.0,14.600000381469727,3.0,209.0,95.8,18.0
76400.0,876.8006756305695,1894.0,33.0,14.600000381469727,3.0,209.0,95.8,18.0
76450.0,877.3907566070557,1895.0,33.0,16.0,3.0,209.0,103.8,18.0
76500.0,877.9725065231323,1896.0,33.0,16.799999237060547,7.0,209.0,110.2,50.0
76550.0,878.5473208427429,1896.0,33.0,16.799999237060547,7.0,209.0,110.2,50.0
76600.0,879.1292181015015,1897.0,33.0,17.799999237060547,7.0,209.0,120.0,50.0
76650.0,879.7213892936707,1898.0,33.0,15.600000381469727,7.0,209.0,101.8,40.0
76700.0,880.315290927887,1899.0,17.0,10.199999809265137,6.0,110.0,70.0,40.0
76750.0,880.9106469154358,1900.0,14.0,8.199999809265137,6.0,100.0,56.0,40.0
76800.0,881.4692690372467,1901.0,14.0,9.199999809265137,6.0,100.0,61.8,40.0
76850.0,882.0348460674286,1903.0,12.0,5.800000190734863,2.0,79.0,41.4,17.0
76900.0,882.6059024333954,1905.0,12.0,5.0,2.0,79.0,33.8,17.0
76950.0,883.1773266792297,1905.0,12.0,5.0,2.0,79.0,33.8,17.0
77000.0,883.7272870540619,1905.0,12.0,5.0,2.0,79.0,33.8,17.0
77050.0,884.2654690742493,1905.0,12.0,5.0,2.0,79.0,33.8,17.0
77100.0,884.8120052814484,1906.0,28.0,8.199999809265137,2.0,204.0,58.8,17.0
77150.0,885.3837115764618,1906.0,28.0,8.199999809265137,2.0,204.0,58.8,17.0
77200.0,885.962958574295,1906.0,28.0,8.199999809265137,2.0,204.0,58.8,17.0
77250.0,886.5545589923859,1906.0,28.0,8.199999809265137,2.0,204.0,58.8,17.0
77300.0,887.1237497329712,1907.0,28.0,13.0,2.0,204.0,94.2,17.0
77350.0,887.7242212295532,1908.0,28.0,13.199999809265137,3.0,204.0,96.6,18.0
77400.0,888.3037836551666,1910.0,28.0,13.199999809265137,1.0,204.0,102.0,18.0
77450.0,888.8806285858154,1910.0,28.0,13.199999809265137,1.0,204.0,102.0,18.0
77500.0,889.4422159194946,1911.0,26.0,8.800000190734863,1.0,198.0,79.4,18.0
77550.0,890.0113337039948,1912.0,8.0,4.400000095367432,1.0,91.0,45.8,18.0
77600.0,890.5921669006348,1912.0,8.0,4.400000095367432,1.0,91.0,45.8,18.0
77650.0,891.1633489131927,1913.0,16.0,7.0,1.0,110.0,62.0,18.0
77700.0,891.7411804199219,1915.0,16.0,7.199999809265137,4.0,110.0,60.0,28.0
77750.0,892.3111305236816,1915.0,16.0,7.199999809265137,4.0,110.0,60.0,28.0
77800.0,892.8885605335236,1916.0,16.0,8.800000190734863,4.0,110.0,60.0,28.0
77850.0,893.4449987411499,1918.0,14.0,6.599999904632568,4.0,91.0,43.6,27.0
77900.0,894.0167994499207,1920.0,14.0,5.800000190734863,2.0,91.0,39.6,17.0
77950.0,894.5982613563538,1922.0,4.0,3.4000000953674316,2.0,32.0,23.6,17.0
78000.0,895.1891148090363,1923.0,6.0,3.799999952316284,2.0,41.0,26.4,17.0
78050.0,895.7460961341858,1924.0,9.0,4.800000190734863,2.0,50.0,30.0,17.0
78100.0,896.2981624603271,1924.0,9.0,4.800000190734863,2.0,50.0,30.0,17.0
78150.0,896.876629114151,1925.0,16.0,7.599999904632568,3.0,100.0,46.6,18.0
78200.0,897.4606862068176,1926.0,16.0,8.800000190734863,3.0,100.0,54.4,18.0
78250.0,898.0480108261108,1928.0,16.0,8.399999618530273,3.0,100.0,51.8,18.0
78300.0,898.6170341968536,1928.0,16.0,8.399999618530273,3.0,100.0,51.8,18.0
78350.0,899.2011322975159,1929.0,16.0,9.600000381469727,3.0,110.0,63.8,18.0
78400.0,899.7880547046661,1930.0,15.0,7.599999904632568,3.0,110.0,52.0,18.0
78450.0,900.3735494613647,1931.0,15.0,7.599999904632568,3.0,110.0,51.2,18.0
78500.0,900.9680452346802,1932.0,15.0,8.199999809265137,3.0,110.0,53.8,18.0
78550.0,901.5362219810486,1933.0,15.0,9.399999618530273,6.0,110.0,60.2,41.0
78600.0,902.1112968921661,1933.0,15.0,9.399999618530273,6.0,110.0,60.2,41.0
78650.0,902.6606962680817,1934.0,16.0,9.600000381469727,6.0,92.0,56.6,41.0
78700.0,903.2328650951385,1934.0,16.0,9.600000381469727,6.0,92.0,56.6,41.0
78750.0,903.8013532161713,1934.0,16.0,9.600000381469727,6.0,92.0,56.6,41.0
78800.0,904.3685641288757,1935.0,24.0,13.199999809265137,7.0,158.0,80.0,41.0
78850.0,904.9505574703217,1936.0,24.0,12.600000381469727,7.0,158.0,76.6,41.0
78900.0,905.5316917896271,1937.0,24.0,12.399999618530273,6.0,158.0,76.2,39.0
78950.0,906.0906074047089,1937.0,24.0,12.399999618530273,6.0,158.0,76.2,39.0
79000.0,906.6527035236359,1938.0,24.0,14.600000381469727,6.0,158.0,92.4,39.0
79050.0,907.2048494815826,1938.0,24.0,14.600000381469727,6.0,158.0,92.4,39.0
79100.0,907.761442899704,1938.0,24.0,14.600000381469727,6.0,158.0,92.4,39.0
79150.0,908.3198184967041,1939.0,24.0,15.800000190734863,6.0,158.0,102.0,39.0
79200.0,908.8756003379822,1940.0,22.0,12.399999618530273,6.0,140.0,82.0,39.0
79250.0,909.4396262168884,1941.0,22.0,12.0,5.0,140.0,80.0,32.0
79300.0,910.0073993206024,1942.0,22.0,12.0,5.0,140.0,80.0,32.0
79350.0,910.5751330852509,1943.0,22.0,10.399999618530273,5.0,140.0,67.6,32.0
79400.0,911.1258664131165,1944.0,12.0,7.800000190734863,5.0,69.0,51.4,32.0
79450.0,911.6995544433594,1944.0,12.0,7.800000190734863,5.0,69.0,51.4,32.0
79500.0,912.2543978691101,1944.0,12.0,7.800000190734863,5.0,69.0,51.4,32.0
79550.0,912.823911190033,1944.0,12.0,7.800000190734863,5.0,69.0,51.4,32.0
79600.0,913.3885018825531,1944.0,12.0,7.800000190734863,5.0,69.0,51.4,32.0
79650.0,913.9609041213989,1945.0,29.0,12.199999809265137,5.0,233.0,86.4,32.0
79700.0,914.5282785892487,1945.0,29.0,12.199999809265137,5.0,233.0,86.4,32.0
79750.0,915.0810317993164,1945.0,29.0,12.199999809265137,5.0,233.0,86.4,32.0
79800.0,915.6489026546478,1945.0,29.0,12.199999809265137,5.0,233.0,86.4,32.0
79850.0,916.2378931045532,1945.0,29.0,12.199999809265137,5.0,233.0,86.4,32.0
79900.0,916.7905466556549,1945.0,29.0,12.199999809265137,5.0,233.0,86.4,32.0
79950.0,917.3574600219727,1945.0,29.0,12.199999809265137,5.0,233.0,86.4,32.0
80000.0,917.9174745082855,1946.0,45.0,20.200000762939453,6.0,358.0,151.6,39.0
80050.0,918.4879837036133,1947.0,45.0,20.200000762939453,6.0,358.0,153.8,50.0
80100.0,919.0646841526031,1947.0,45.0,20.200000762939453,6.0,358.0,153.8,50.0
80150.0,919.6514925956726,1948.0,45.0,21.0,6.0,358.0,160.4,50.0
80200.0,920.214198589325,1949.0,45.0,20.399999618530273,6.0,358.0,156.6,40.0
80250.0,920.7692098617554,1950.0,45.0,16.600000381469727,6.0,358.0,123.6,40.0
80300.0,921.3074748516083,1950.0,45.0,16.600000381469727,6.0,358.0,123.6,40.0
80350.0,921.8689968585968,1950.0,45.0,16.600000381469727,6.0,358.0,123.6,40.0
80400.0,922.4427804946899,1950.0,45.0,16.600000381469727,6.0,358.0,123.6,40.0
80450.0,923.0334460735321,1950.0,45.0,16.600000381469727,6.0,358.0,123.6,40.0
80500.0,923.59792304039,1951.0,36.0,14.800000190734863,6.0,240.0,100.0,40.0
80550.0,924.1573634147644,1951.0,36.0,14.800000190734863,6.0,240.0,100.0,40.0
80600.0,924.7099516391754,1951.0,36.0,14.800000190734863,6.0,240.0,100.0,40.0
80650.0,925.275886297226,1951.0,36.0,14.800000190734863,6.0,240.0,100.0,40.0
80700.0,925.8430604934692,1952.0,36.0,20.0,6.0,240.0,128.0,40.0
80750.0,926.3952577114105,1952.0,36.0,20.0,6.0,240.0,128.0,40.0
80800.0,926.9668326377869,1952.0,36.0,20.0,6.0,240.0,128.0,40.0
80850.0,927.5344884395599,1953.0,36.0,22.799999237060547,6.0,240.0,139.6,40.0
80900.0,928.0893149375916,1953.0,36.0,22.799999237060547,6.0,240.0,139.6,40.0
80950.0,928.6720972061157,1954.0,36.0,25.0,10.0,240.0,151.6,68.0
81000.0,929.2316122055054,1955.0,36.0,25.0,10.0,240.0,149.8,59.0
81050.0,929.7887961864471,1956.0,32.0,18.799999237060547,5.0,190.0,108.0,31.0
81100.0,930.348382472992,1957.0,30.0,14.0,5.0,160.0,80.0,31.0
81150.0,930.8922629356384,1957.0,30.0,14.0,5.0,160.0,80.0,31.0
81200.0,931.4431004524231,1958.0,20.0,12.0,5.0,110.0,70.0,31.0
81250.0,932.0085680484772,1959.0,20.0,10.399999618530273,5.0,110.0,60.0,31.0
81300.0,932.581967830658,1960.0,20.0,9.600000381469727,5.0,110.0,56.2,31.0
81350.0,933.1288824081421,1961.0,20.0,10.600000381469727,6.0,110.0,62.0,40.0
81400.0,933.6989481449127,1962.0,20.0,11.0,6.0,110.0,63.8,40.0
81450.0,934.2834899425507,1962.0,20.0,11.0,6.0,110.0,63.8,40.0
81500.0,934.8635261058807,1962.0,20.0,11.0,6.0,110.0,63.8,40.0
81550.0,935.4267103672028,1963.0,20.0,11.0,6.0,150.0,71.8,40.0
81600.0,936.0032379627228,1963.0,20.0,11.0,6.0,150.0,71.8,40.0
81650.0,936.5571410655975,1963.0,20.0,11.0,6.0,150.0,71.8,40.0
81700.0,937.1172752380371,1963.0,20.0,11.0,6.0,150.0,71.8,40.0
81750.0,937.690892457962,1963.0,20.0,11.0,6.0,150.0,71.8,40.0
81800.0,938.2696096897125,1964.0,37.0,16.600000381469727,6.0,241.0,110.0,40.0
81850.0,938.8279860019684,1964.0,37.0,16.600000381469727,6.0,241.0,110.0,40.0
81900.0,939.3934047222137,1964.0,37.0,16.600000381469727,6.0,241.0,110.0,40.0
81950.0,939.9349684715271,1965.0,37.0,19.799999237060547,10.0,241.0,128.2,59.0
82000.0,940.489648103714,1965.0,37.0,19.799999237060547,10.0,241.0,128.2,59.0
82050.0,941.0431222915649,1965.0,37.0,19.799999237060547,10.0,241.0,128.2,59.0
82100.0,941.5966095924377,1966.0,37.0,23.799999237060547,10.0,241.0,152.0,59.0
82150.0,942.1649267673492,1967.0,37.0,23.0,6.0,241.0,148.2,40.0
82200.0,942.7245376110077,1968.0,37.0,21.0,6.0,241.0,130.2,40.0
82250.0,943.2754101753235,1969.0,30.0,15.199999809265137,6.0,179.0,92.0,40.0
82300.0,943.8479313850403,1970.0,30.0,12.0,6.0,179.0,73.8,40.0
82350.0,944.4123213291168,1970.0,30.0,12.0,6.0,179.0,73.8,40.0
82400.0,944.9788582324982,1970.0,30.0,12.0,6.0,179.0,73.8,40.0
82450.0,945.5396647453308,1970.0,30.0,12.0,6.0,179.0,73.8,40.0
82500.0,946.112517118454,1971.0,32.0,12.399999618530273,6.0,192.0,76.4,40.0
82550.0,946.6807894706726,1972.0,32.0,13.399999618530273,6.0,192.0,81.8,40.0
82600.0,947.2511639595032,1972.0,32.0,13.399999618530273,6.0,192.0,81.8,40.0
82650.0,947.804092168808,1973.0,32.0,14.399999618530273,6.0,192.0,89.8,40.0
82700.0,948.3475840091705,1974.0,32.0,14.199999809265137,6.0,192.0,88.0,40.0
82750.0,948.9208507537842,1975.0,32.0,15.199999809265137,7.0,192.0,92.0,41.0
82800.0,949.4800550937653,1976.0,15.0,10.0,6.0,100.0,61.6,40.0
82850.0,950.0361435413361,1977.0,15.0,9.399999618530273,6.0,100.0,58.4,40.0
82900.0,950.6048624515533,1978.0,11.0,8.0,6.0,60.0,48.2,40.0
82950.0,951.1873188018799,1979.0,11.0,8.199999809265137,6.0,60.0,52.0,40.0
83000.0,951.7664973735809,1980.0,8.0,7.400000095367432,6.0,60.0,48.0,40.0
83050.0,952.3368864059448,1981.0,9.0,8.0,7.0,60.0,50.0,40.0
83100.0,952.8933386802673,1982.0,9.0,8.199999809265137,7.0,62.0,52.2,40.0
83150.0,953.4653472900391,1982.0,9.0,8.199999809265137,7.0,62.0,52.2,40.0
83200.0,954.0502767562866,1982.0,9.0,8.199999809265137,7.0,62.0,52.2,40.0
83250.0,954.6374044418335,1982.0,9.0,8.199999809265137,7.0,62.0,52.2,40.0
83300.0,955.1995851993561,1983.0,29.0,12.399999618530273,7.0,188.0,80.0,40.0
83350.0,955.7709419727325,1984.0,29.0,12.399999618530273,7.0,188.0,78.6,40.0
83400.0,956.3528366088867,1984.0,29.0,12.399999618530273,7.0,188.0,78.6,40.0
83450.0,956.9245874881744,1985.0,29.0,13.399999618530273,8.0,188.0,90.0,50.0
83500.0,957.4677593708038,1985.0,29.0,13.399999618530273,8.0,188.0,90.0,50.0
83550.0,958.0345799922943,1985.0,29.0,13.399999618530273,8.0,188.0,90.0,50.0
83600.0,958.5828597545624,1986.0,29.0,16.799999237060547,8.0,188.0,112.0,53.0
83650.0,959.1344285011292,1988.0,26.0,10.399999618530273,2.0,160.0,71.4,17.0
83700.0,959.6982777118683,1989.0,26.0,10.399999618530273,2.0,160.0,71.4,17.0
83750.0,960.2641313076019,1990.0,26.0,9.399999618530273,2.0,160.0,60.0,17.0
83800.0,960.8309903144836,1991.0,10.0,6.199999809265137,2.0,59.0,39.8,17.0
83850.0,961.4042835235596,1992.0,10.0,6.599999904632568,2.0,59.0,42.6,17.0
83900.0,961.9757142066956,1993.0,10.0,7.800000190734863,6.0,59.0,48.6,40.0
83950.0,962.5274550914764,1994.0,10.0,8.199999809265137,6.0,59.0,49.8,40.0
84000.0,963.0778479576111,1995.0,10.0,8.399999618530273,6.0,59.0,52.0,44.0
84050.0,963.6407558917999,1995.0,10.0,8.399999618530273,6.0,59.0,52.0,44.0
84100.0,964.1999516487122,1995.0,10.0,8.399999618530273,6.0,59.0,52.0,44.0
84150.0,964.7488207817078,1995.0,10.0,8.399999618530273,6.0,59.0,52.0,44.0
84200.0,965.3165831565857,1995.0,10.0,8.399999618530273,6.0,59.0,52.0,44.0
84250.0,965.8899827003479,1996.0,43.0,15.0,6.0,241.0,88.4,44.0
84300.0,966.4717960357666,1997.0,43.0,15.800000190734863,8.0,241.0,91.4,47.0
84350.0,967.0548148155212,1997.0,43.0,15.800000190734863,8.0,241.0,91.4,47.0
84400.0,967.6322877407074,1997.0,43.0,15.800000190734863,8.0,241.0,91.4,47.0
84450.0,968.1852741241455,1997.0,43.0,15.800000190734863,8.0,241.0,91.4,47.0
84500.0,968.7560691833496,1998.0,43.0,21.0,8.0,241.0,120.0,51.0
84550.0,969.3458571434021,1999.0,43.0,20.600000381469727,8.0,241.0,118.2,50.0
84600.0,969.9016230106354,2000.0,43.0,20.600000381469727,8.0,241.0,118.0,50.0
84650.0,970.4687278270721,2000.0,43.0,20.600000381469727,8.0,241.0,118.0,50.0
84700.0,971.0438101291656,2001.0,34.0,15.0,8.0,190.0,89.8,50.0
84750.0,971.6057660579681,2002.0,34.0,14.800000190734863,8.0,190.0,88.0,50.0
84800.0,972.1914801597595,2003.0,15.0,9.800000190734863,8.0,100.0,60.0,50.0
84850.0,972.7633426189423,2003.0,15.0,9.800000190734863,8.0,100.0,60.0,50.0
84900.0,973.3292393684387,2003.0,15.0,9.800000190734863,8.0,100.0,60.0,50.0
84950.0,973.8961155414581,2003.0,15.0,9.800000190734863,8.0,100.0,60.0,50.0
85000.0,974.4450607299805,2003.0,15.0,9.800000190734863,8.0,100.0,60.0,50.0
85050.0,975.0031728744507,2004.0,42.0,16.600000381469727,8.0,250.0,100.0,50.0
85100.0,975.5878465175629,2005.0,42.0,16.600000381469727,8.0,250.0,100.0,50.0
85150.0,976.1726655960083,2005.0,42.0,16.600000381469727,8.0,250.0,100.0,50.0
85200.0,976.7645027637482,2005.0,42.0,16.600000381469727,8.0,250.0,100.0,50.0
85250.0,977.3255114555359,2006.0,42.0,19.0,8.0,250.0,110.0,50.0
85300.0,977.8967950344086,2006.0,42.0,19.0,8.0,250.0,110.0,50.0
85350.0,978.472149848938,2007.0,42.0,20.799999237060547,8.0,250.0,120.0,50.0
85400.0,979.0267934799194,2007.0,42.0,20.799999237060547,8.0,250.0,120.0,50.0
85450.0,979.5984213352203,2008.0,42.0,22.200000762939453,8.0,250.0,130.0,50.0
85500.0,980.1732366085052,2008.0,42.0,22.200000762939453,8.0,250.0,130.0,50.0
85550.0,980.7428362369537,2008.0,42.0,22.200000762939453,8.0,250.0,130.0,50.0
85600.0,981.3202183246613,2008.0,42.0,22.200000762939453,8.0,250.0,130.0,50.0
85650.0,981.9127886295319,2008.0,42.0,22.200000762939453,8.0,250.0,130.0,50.0
85700.0,982.469465970993,2009.0,41.0,22.0,8.0,240.0,128.0,50.0
85750.0,983.0476260185242,2010.0,41.0,22.0,8.0,240.0,128.0,50.0
85800.0,983.6445877552032,2011.0,41.0,18.600000381469727,8.0,240.0,110.0,50.0
85850.0,984.2047688961029,2011.0,41.0,18.600000381469727,8.0,240.0,110.0,50.0
85900.0,984.7819428443909,2012.0,41.0,18.0,8.0,240.0,110.0,50.0
85950.0,985.3370065689087,2012.0,41.0,18.0,8.0,240.0,110.0,50.0
86000.0,985.8783757686615,2013.0,41.0,17.600000381469727,8.0,240.0,108.0,50.0
86050.0,986.4170124530792,2014.0,15.0,11.199999809265137,8.0,100.0,72.0,50.0
86100.0,986.9977655410767,2015.0,15.0,11.0,7.0,100.0,70.0,40.0
86150.0,987.576767206192,2015.0,15.0,11.0,7.0,100.0,70.0,40.0
86200.0,988.1518468856812,2015.0,15.0,11.0,7.0,100.0,70.0,40.0
86250.0,988.7155728340149,2016.0,26.0,14.199999809265137,7.0,169.0,91.8,40.0
86300.0,989.2670042514801,2017.0,26.0,12.0,4.0,169.0,78.0,31.0
86350.0,989.84041929245,2017.0,26.0,12.0,4.0,169.0,78.0,31.0
86400.0,990.4323403835297,2018.0,26.0,12.199999809265137,4.0,169.0,80.0,31.0
86450.0,991.0187873840332,2018.0,26.0,12.199999809265137,4.0,169.0,80.0,31.0
86500.0,991.6081614494324,2018.0,26.0,12.199999809265137,4.0,169.0,80.0,31.0
86550.0,992.2045104503632,2019.0,26.0,15.600000381469727,4.0,169.0,101.8,31.0
86600.0,992.7841210365295,2020.0,26.0,15.800000190734863,4.0,169.0,103.8,31.0
86650.0,993.3489952087402,2020.0,26.0,15.800000190734863,4.0,169.0,103.8,31.0
86700.0,993.930492401123,2021.0,26.0,12.800000190734863,4.0,169.0,84.4,31.0
86750.0,994.4949893951416,2022.0,26.0,14.199999809265137,8.0,169.0,92.6,50.0
86800.0,995.0797970294952,2023.0,26.0,12.800000190734863,8.0,169.0,83.8,50.0
86850.0,995.6736552715302,2024.0,11.0,8.600000381469727,5.0,72.0,56.6,33.0
86900.0,996.2428576946259,2025.0,11.0,9.199999809265137,5.0,72.0,60.2,33.0
86950.0,996.7978682518005,2025.0,11.0,9.199999809265137,5.0,72.0,60.2,33.0
87000.0,997.3604319095612,2025.0,11.0,9.199999809265137,5.0,72.0,60.2,33.0
87050.0,997.9471831321716,2025.0,11.0,9.199999809265137,5.0,72.0,60.2,33.0
87100.0,998.5406503677368,2026.0,31.0,13.199999809265137,5.0,190.0,83.8,33.0
87150.0,999.1382689476013,2027.0,31.0,12.600000381469727,5.0,190.0,79.4,33.0
87200.0,999.717127084732,2027.0,31.0,12.600000381469727,5.0,190.0,79.4,33.0
87250.0,1000.2994291782379,2028.0,31.0,14.399999618530273,5.0,190.0,90.0,33.0
87300.0,1000.8678510189056,2029.0,31.0,15.0,8.0,190.0,93.4,50.0
87350.0,1001.4193644523621,2030.0,31.0,13.399999618530273,3.0,190.0,84.2,22.0
87400.0,1001.9859173297882,2031.0,17.0,9.800000190734863,3.0,109.0,61.8,22.0
87450.0,1002.5804102420807,2032.0,17.0,9.399999618530273,3.0,109.0,61.8,22.0
87500.0,1003.1522245407104,2033.0,13.0,7.599999904632568,3.0,78.0,50.0,22.0
87550.0,1003.7376856803894,2034.0,13.0,7.400000095367432,3.0,78.0,48.6,22.0
87600.0,1004.3284094333649,2034.0,13.0,7.400000095367432,3.0,78.0,48.6,22.0
87650.0,1004.9003322124481,2035.0,13.0,9.399999618530273,6.0,79.0,60.0,43.0
87700.0,1005.4682385921478,2036.0,13.0,9.0,6.0,79.0,56.6,43.0
87750.0,1006.0238997936249,2037.0,13.0,9.800000190734863,7.0,79.0,58.2,43.0
87800.0,1006.5960597991943,2038.0,13.0,10.199999809265137,7.0,79.0,60.0,43.0
87850.0,1007.1898400783539,2038.0,13.0,10.199999809265137,7.0,79.0,60.0,43.0
87900.0,1007.7698128223419,2039.0,16.0,12.0,10.0,100.0,71.4,58.0
87950.0,1008.3579187393188,2039.0,16.0,12.0,10.0,100.0,71.4,58.0
88000.0,1008.9425587654114,2039.0,16.0,12.0,10.0,100.0,71.4,58.0
88050.0,1009.5288157463074,2039.0,16.0,12.0,10.0,100.0,71.4,58.0
88100.0,1010.1237161159515,2040.0,28.0,15.0,10.0,191.0,93.8,58.0
88150.0,1010.7196266651154,2040.0,28.0,15.0,10.0,191.0,93.8,58.0
88200.0,1011.3157243728638,2041.0,28.0,16.200000762939453,10.0,191.0,101.6,58.0
88250.0,1011.9128322601318,2042.0,28.0,16.399999618530273,10.0,191.0,102.4,59.0
88300.0,1012.5053389072418,2043.0,28.0,15.0,3.0,191.0,94.4,19.0
88350.0,1013.0904633998871,2044.0,28.0,13.800000190734863,3.0,191.0,86.6,19.0
88400.0,1013.6921653747559,2045.0,17.0,10.199999809265137,3.0,100.0,60.4,19.0
88450.0,1014.2684724330902,2046.0,11.0,8.199999809265137,3.0,62.0,50.0,19.0
88500.0,1014.8322734832764,2046.0,11.0,8.199999809265137,3.0,62.0,50.0,19.0
88550.0,1015.4092881679535,2046.0,11.0,8.199999809265137,3.0,62.0,50.0,19.0
88600.0,1015.9768099784851,2046.0,11.0,8.199999809265137,3.0,62.0,50.0,19.0
88650.0,1016.5721163749695,2047.0,33.0,12.600000381469727,3.0,210.0,79.6,19.0
88700.0,1017.1684439182281,2048.0,33.0,12.399999618530273,2.0,210.0,79.8,20.0
88750.0,1017.7539026737213,2049.0,33.0,12.800000190734863,2.0,210.0,83.4,20.0
88800.0,1018.3270318508148,2050.0,33.0,11.800000190734863,2.0,210.0,79.6,20.0
88850.0,1018.9145250320435,2051.0,33.0,11.399999618530273,2.0,210.0,76.2,20.0
88900.0,1019.5051362514496,2052.0,12.0,6.400000095367432,2.0,79.0,46.0,20.0
88950.0,1020.0945086479187,2052.0,12.0,6.400000095367432,2.0,79.0,46.0,20.0
89000.0,1020.6963438987732,2053.0,15.0,9.0,5.0,100.0,62.0,31.0
89050.0,1021.2843704223633,2054.0,15.0,8.199999809265137,5.0,100.0,58.2,31.0
89100.0,1021.8569748401642,2055.0,15.0,9.0,5.0,100.0,61.8,31.0
89150.0,1022.4402647018433,2055.0,15.0,9.0,5.0,100.0,61.8,31.0
89200.0,1023.0184228420258,2056.0,15.0,10.800000190734863,8.0,100.0,74.0,59.0
89250.0,1023.605357170105,2056.0,15.0,10.800000190734863,8.0,100.0,74.0,59.0
89300.0,1024.1845815181732,2056.0,15.0,10.800000190734863,8.0,100.0,74.0,59.0
89350.0,1024.7622861862183,2057.0,20.0,13.199999809265137,8.0,139.0,90.0,59.0
89400.0,1025.3285586833954,2057.0,20.0,13.199999809265137,8.0,139.0,90.0,59.0
89450.0,1025.9049932956696,2058.0,20.0,13.600000381469727,8.0,139.0,94.0,59.0
89500.0,1026.5006046295166,2058.0,20.0,13.600000381469727,8.0,139.0,94.0,59.0
89550.0,1027.092767715454,2060.0,20.0,12.399999618530273,1.0,139.0,88.0,18.0
89600.0,1027.6814296245575,2060.0,20.0,12.399999618530273,1.0,139.0,88.0,18.0
89650.0,1028.2434384822845,2060.0,20.0,12.399999618530273,1.0,139.0,88.0,18.0
89700.0,1028.7977087497711,2060.0,20.0,12.399999618530273,1.0,139.0,88.0,18.0
89750.0,1029.3608660697937,2060.0,20.0,12.399999618530273,1.0,139.0,88.0,18.0
89800.0,1029.9448113441467,2060.0,20.0,12.399999618530273,1.0,139.0,88.0,18.0
89850.0,1030.54563498497,2060.0,20.0,12.399999618530273,1.0,139.0,88.0,18.0
89900.0,1031.1446695327759,2060.0,20.0,12.399999618530273,1.0,139.0,88.0,18.0
89950.0,1031.7505328655243,2061.0,59.0,21.399999618530273,1.0,410.0,151.6,18.0
90000.0,1032.3524143695831,2062.0,59.0,19.0,1.0,410.0,133.8,18.0
90050.0,1032.9115946292877,2068.0,1.0,0.20000000298023224,0.0,16.0,8.0,6.0
90100.0,1033.4845516681671,2073.0,1.0,0.4000000059604645,0.0,16.0,10.8,6.0
90150.0,1034.051635980606,2078.0,1.0,0.4000000059604645,0.0,16.0,10.0,6.0
90200.0,1034.628818511963,2082.0,1.0,0.6000000238418579,0.0,16.0,12.0,6.0
90250.0,1035.218968629837,2086.0,2.0,0.4000000059604645,0.0,26.0,11.2,6.0
90300.0,1035.796721458435,2087.0,3.0,1.0,0.0,44.0,18.8,6.0
90350.0,1036.356383562088,2092.0,2.0,0.6000000238418579,0.0,28.0,12.4,6.0
90400.0,1036.9405915737152,2094.0,2.0,0.6000000238418579,0.0,28.0,12.4,6.0
90450.0,1037.5098021030426,2096.0,3.0,1.399999976158142,0.0,42.0,21.6,6.0
90500.0,1038.0887711048126,2098.0,3.0,1.399999976158142,0.0,42.0,22.8,6.0
90550.0,1038.6742203235626,2101.0,2.0,1.0,0.0,26.0,19.2,6.0
90600.0,1039.2471415996552,2103.0,2.0,1.2000000476837158,0.0,28.0,20.0,6.0
90650.0,1039.7823424339294,2105.0,3.0,1.399999976158142,0.0,38.0,22.4,6.0
90700.0,1040.3564937114716,2106.0,3.0,1.7999999523162842,0.0,38.0,27.6,14.0
90750.0,1040.9196946620941,2107.0,6.0,2.5999999046325684,0.0,72.0,36.4,14.0
90800.0,1041.5045199394226,2110.0,6.0,2.0,0.0,72.0,28.8,6.0
90850.0,1042.0746438503265,2112.0,3.0,1.2000000476837158,0.0,38.0,19.2,6.0
90900.0,1042.6364500522614,2113.0,3.0,1.399999976158142,0.0,38.0,22.0,6.0
90950.0,1043.2120003700256,2115.0,3.0,2.200000047683716,1.0,38.0,31.2,18.0
91000.0,1043.7732818126678,2117.0,3.0,2.0,1.0,38.0,29.6,22.0
91050.0,1044.3320043087006,2119.0,3.0,1.7999999523162842,1.0,38.0,27.2,22.0
91100.0,1044.923719406128,2120.0,3.0,1.7999999523162842,1.0,46.0,28.8,22.0
91150.0,1045.519860982895,2121.0,3.0,2.200000047683716,1.0,46.0,32.0,24.0
91200.0,1046.0857837200165,2122.0,5.0,2.799999952316284,1.0,62.0,39.2,24.0
91250.0,1046.670342206955,2124.0,5.0,3.0,2.0,62.0,40.0,26.0
91300.0,1047.228144645691,2126.0,5.0,2.4000000953674316,1.0,62.0,33.2,24.0
91350.0,1047.7843010425568,2127.0,3.0,2.0,1.0,46.0,30.0,24.0
91400.0,1048.3526058197021,2128.0,4.0,2.4000000953674316,1.0,50.0,34.4,24.0
91450.0,1048.914531469345,2130.0,4.0,2.4000000953674316,0.0,50.0,33.6,6.0
91500.0,1049.4851710796356,2131.0,4.0,2.799999952316284,0.0,54.0,39.2,6.0
91550.0,1050.0530319213867,2132.0,4.0,2.5999999046325684,0.0,54.0,35.6,6.0
91600.0,1050.625649690628,2135.0,4.0,2.0,0.0,54.0,28.8,6.0
91650.0,1051.1997010707855,2136.0,4.0,2.0,0.0,50.0,27.6,6.0
91700.0,1051.750584602356,2139.0,4.0,1.600000023841858,0.0,48.0,23.2,6.0
91750.0,1052.293928861618,2140.0,4.0,2.200000047683716,0.0,48.0,30.0,6.0
91800.0,1052.8382620811462,2141.0,5.0,2.4000000953674316,0.0,60.0,32.4,6.0
91850.0,1053.399906873703,2142.0,5.0,2.5999999046325684,0.0,60.0,34.4,6.0
91900.0,1053.9548132419586,2145.0,5.0,2.5999999046325684,1.0,60.0,34.0,16.0
91950.0,1054.5400807857513,2146.0,4.0,2.0,1.0,50.0,27.6,16.0
92000.0,1055.120124578476,2149.0,3.0,1.7999999523162842,1.0,40.0,25.2,16.0
92050.0,1055.7044839859009,2151.0,3.0,1.399999976158142,0.0,40.0,21.2,6.0
92100.0,1056.2862725257874,2153.0,2.0,1.399999976158142,0.0,34.0,22.0,6.0
92150.0,1056.8563599586487,2156.0,2.0,1.399999976158142,0.0,34.0,23.2,6.0
92200.0,1057.4111244678497,2158.0,2.0,0.800000011920929,0.0,34.0,16.0,6.0
92250.0,1057.9881193637848,2161.0,3.0,1.0,0.0,44.0,18.0,6.0
92300.0,1058.5631124973297,2164.0,3.0,1.0,0.0,40.0,16.8,6.0
92350.0,1059.1553151607513,2167.0,2.0,0.800000011920929,0.0,28.0,14.4,6.0
92400.0,1059.7382397651672,2168.0,2.0,1.0,0.0,28.0,16.8,6.0
92450.0,1060.2879481315613,2170.0,2.0,1.600000023841858,0.0,28.0,23.6,6.0
92500.0,1060.8435971736908,2173.0,3.0,1.600000023841858,0.0,44.0,24.4,6.0
92550.0,1061.4113886356354,2175.0,3.0,1.399999976158142,0.0,44.0,22.0,6.0
92600.0,1061.9892165660858,2176.0,3.0,1.399999976158142,0.0,44.0,22.0,6.0
92650.0,1062.5371289253235,2178.0,3.0,1.600000023841858,0.0,44.0,24.4,6.0
92700.0,1063.106142282486,2179.0,6.0,2.200000047683716,0.0,76.0,32.0,6.0
92750.0,1063.6911334991455,2180.0,6.0,2.799999952316284,0.0,76.0,38.8,6.0
92800.0,1064.255564212799,2181.0,6.0,3.0,0.0,76.0,40.0,6.0
92850.0,1064.823823928833,2182.0,6.0,3.0,0.0,76.0,40.0,6.0
92900.0,1065.4022669792175,2183.0,6.0,3.799999952316284,2.0,76.0,48.8,28.0
92950.0,1065.9822022914886,2185.0,5.0,3.0,0.0,62.0,39.2,6.0
93000.0,1066.5652503967285,2187.0,5.0,2.5999999046325684,0.0,62.0,35.2,6.0
93050.0,1067.1528208255768,2188.0,5.0,2.5999999046325684,0.0,62.0,36.8,6.0
93100.0,1067.7470998764038,2189.0,4.0,2.200000047683716,0.0,58.0,32.0,6.0
93150.0,1068.3080010414124,2190.0,4.0,3.0,2.0,58.0,40.8,26.0
93200.0,1068.8925685882568,2191.0,4.0,3.4000000953674316,2.0,58.0,44.4,26.0
93250.0,1069.4747371673584,2192.0,4.0,3.5999999046325684,3.0,58.0,47.2,38.0
93300.0,1070.0598857402802,2193.0,5.0,3.799999952316284,3.0,60.0,47.6,38.0
93350.0,1070.6356842517853,2194.0,5.0,3.799999952316284,3.0,60.0,47.6,38.0
93400.0,1071.2046415805817,2195.0,5.0,4.0,3.0,62.0,50.0,38.0
93450.0,1071.762763261795,2196.0,5.0,4.0,3.0,62.0,50.0,38.0
93500.0,1072.3259932994843,2197.0,5.0,4.199999809265137,3.0,62.0,52.0,38.0
93550.0,1072.9058537483215,2198.0,5.0,4.0,3.0,62.0,50.0,38.0
93600.0,1073.4802749156952,2199.0,5.0,4.400000095367432,4.0,62.0,54.4,50.0
93650.0,1074.0401158332825,2200.0,5.0,3.5999999046325684,1.0,60.0,45.6,18.0
93700.0,1074.5864250659943,2201.0,6.0,4.0,1.0,72.0,50.0,18.0
93750.0,1075.1358909606934,2202.0,6.0,3.5999999046325684,1.0,72.0,45.6,18.0
93800.0,1075.6835927963257,2203.0,7.0,4.199999809265137,1.0,84.0,52.4,18.0
93850.0,1076.26007938385,2204.0,7.0,3.799999952316284,1.0,84.0,48.0,18.0
93900.0,1076.8451180458069,2205.0,7.0,4.400000095367432,2.0,84.0,54.4,28.0
93950.0,1077.4181518554688,2206.0,7.0,4.199999809265137,2.0,84.0,52.0,28.0
94000.0,1077.9959943294525,2208.0,5.0,2.799999952316284,1.0,60.0,36.4,16.0
94050.0,1078.582495212555,2209.0,5.0,3.200000047683716,1.0,66.0,42.0,16.0
94100.0,1079.176382780075,2210.0,5.0,3.0,1.0,66.0,40.0,16.0
94150.0,1079.7450029850006,2211.0,5.0,2.799999952316284,1.0,66.0,38.0,16.0
94200.0,1080.3130905628204,2211.0,5.0,2.799999952316284,1.0,66.0,38.0,16.0
94250.0,1080.8805487155914,2214.0,6.0,3.0,0.0,78.0,40.4,6.0
94300.0,1081.448587179184,2215.0,6.0,3.0,0.0,78.0,40.0,6.0
94350.0,1082.0164761543274,2216.0,6.0,2.799999952316284,0.0,78.0,38.0,6.0
94400.0,1082.5942161083221,2218.0,3.0,2.0,0.0,40.0,27.6,6.0
94450.0,1083.1496164798737,2220.0,3.0,2.200000047683716,1.0,44.0,30.8,16.0
94500.0,1083.7330107688904,2221.0,3.0,2.0,1.0,44.0,30.0,16.0
94550.0,1084.316363811493,2223.0,4.0,2.200000047683716,1.0,48.0,32.0,16.0
94600.0,1084.9022262096405,2224.0,4.0,2.200000047683716,1.0,48.0,32.4,16.0
94650.0,1085.4952642917633,2226.0,4.0,2.4000000953674316,1.0,48.0,32.8,16.0
94700.0,1086.0723164081573,2228.0,3.0,2.0,0.0,46.0,30.4,14.0
94750.0,1086.632845401764,2230.0,3.0,1.399999976158142,0.0,38.0,23.2,14.0
94800.0,1087.1902270317078,2232.0,3.0,1.7999999523162842,1.0,38.0,27.2,16.0
94850.0,1087.754450082779,2233.0,3.0,1.7999999523162842,1.0,46.0,28.8,16.0
94900.0,1088.3369612693787,2234.0,3.0,2.200000047683716,1.0,46.0,32.0,16.0
94950.0,1088.920203447342,2236.0,5.0,2.4000000953674316,0.0,62.0,33.6,6.0
95000.0,1089.5000636577606,2238.0,5.0,2.200000047683716,0.0,62.0,31.2,6.0
95050.0,1090.0649478435516,2239.0,5.0,2.4000000953674316,0.0,62.0,34.4,6.0
95100.0,1090.6000163555145,2240.0,4.0,2.0,0.0,54.0,30.0,6.0
95150.0,1091.168744802475,2241.0,4.0,2.5999999046325684,0.0,54.0,36.4,12.0
95200.0,1091.7314894199371,2242.0,4.0,3.4000000953674316,3.0,54.0,44.4,38.0
95250.0,1092.2838263511658,2243.0,5.0,3.799999952316284,3.0,60.0,48.8,38.0
95300.0,1092.8530991077423,2244.0,5.0,3.799999952316284,3.0,60.0,48.0,38.0
95350.0,1093.4161612987518,2245.0,5.0,3.5999999046325684,2.0,60.0,45.6,28.0
95400.0,1094.0012772083282,2246.0,5.0,3.799999952316284,2.0,60.0,48.0,28.0
95450.0,1094.5837988853455,2247.0,6.0,4.199999809265137,2.0,72.0,52.0,28.0
95500.0,1095.1641285419464,2248.0,6.0,3.5999999046325684,2.0,72.0,45.6,28.0
95550.0,1095.7380933761597,2250.0,6.0,3.4000000953674316,1.0,72.0,43.2,16.0
95600.0,1096.3143379688263,2251.0,6.0,3.4000000953674316,1.0,72.0,44.4,16.0
95650.0,1096.8687682151794,2252.0,4.0,2.5999999046325684,1.0,56.0,35.6,16.0
95700.0,1097.439858675003,2253.0,6.0,3.4000000953674316,1.0,72.0,44.4,16.0
95750.0,1097.9904804229736,2254.0,6.0,3.5999999046325684,1.0,72.0,46.4,16.0
95800.0,1098.5424058437347,2255.0,6.0,4.0,2.0,72.0,51.2,28.0
95850.0,1099.0932121276855,2256.0,6.0,4.0,2.0,72.0,50.0,28.0
95900.0,1099.664180278778,2257.0,6.0,4.599999904632568,3.0,72.0,56.4,40.0
95950.0,1100.2197263240814,2258.0,5.0,4.0,3.0,60.0,50.0,40.0
96000.0,1100.7970640659332,2259.0,5.0,3.799999952316284,3.0,60.0,48.0,40.0
96050.0,1101.3648924827576,2260.0,5.0,4.199999809265137,3.0,60.0,52.0,40.0
96100.0,1101.9570653438568,2261.0,5.0,3.799999952316284,2.0,60.0,47.6,28.0
96150.0,1102.5326223373413,2262.0,5.0,3.5999999046325684,2.0,60.0,45.6,28.0
96200.0,1103.1185274124146,2263.0,5.0,3.799999952316284,2.0,60.0,48.0,28.0
96250.0,1103.7112624645233,2265.0,4.0,3.0,1.0,52.0,38.8,16.0
96300.0,1104.267698764801,2267.0,4.0,2.4000000953674316,1.0,52.0,33.2,16.0
96350.0,1104.8425734043121,2269.0,2.0,1.399999976158142,1.0,26.0,23.2,16.0
96400.0,1105.4163851737976,2270.0,3.0,1.7999999523162842,1.0,46.0,29.2,24.0
96450.0,1106.0084631443024,2272.0,3.0,2.0,1.0,46.0,30.0,24.0
96500.0,1106.5992856025696,2273.0,3.0,2.200000047683716,2.0,46.0,32.0,26.0
96550.0,1107.1828920841217,2275.0,4.0,2.0,0.0,50.0,28.8,6.0
96600.0,1107.7449569702148,2276.0,4.0,2.4000000953674316,0.0,56.0,34.4,6.0
96650.0,1108.311137676239,2277.0,4.0,2.799999952316284,0.0,56.0,39.2,6.0
96700.0,1108.8678011894226,2278.0,4.0,2.799999952316284,0.0,56.0,38.0,6.0
96750.0,1109.418802022934,2279.0,6.0,3.200000047683716,0.0,72.0,42.4,6.0
96800.0,1109.9909143447876,2280.0,6.0,3.799999952316284,2.0,72.0,48.8,28.0
96850.0,1110.5422689914703,2281.0,6.0,3.799999952316284,2.0,72.0,47.6,28.0
96900.0,1111.1181426048279,2282.0,6.0,3.799999952316284,2.0,72.0,47.6,28.0
96950.0,1111.6962282657623,2284.0,4.0,3.200000047683716,1.0,50.0,40.8,16.0
97000.0,1112.2697637081146,2284.0,4.0,3.200000047683716,1.0,50.0,40.8,16.0
97050.0,1112.8373267650604,2285.0,7.0,4.0,1.0,96.0,52.4,16.0
97100.0,1113.424400806427,2288.0,7.0,2.4000000953674316,1.0,96.0,34.4,16.0
97150.0,1114.0088908672333,2289.0,7.0,2.5999999046325684,1.0,96.0,36.8,16.0
97200.0,1114.5792529582977,2290.0,4.0,2.0,1.0,50.0,27.6,16.0
97250.0,1115.1442465782166,2291.0,4.0,2.4000000953674316,1.0,50.0,32.0,16.0
97300.0,1115.6950216293335,2293.0,4.0,3.0,2.0,50.0,39.2,28.0
97350.0,1116.2771141529083,2295.0,4.0,2.4000000953674316,1.0,50.0,33.2,16.0
97400.0,1116.8545718193054,2296.0,3.0,2.200000047683716,1.0,46.0,32.4,16.0
97450.0,1117.4335749149323,2297.0,3.0,2.200000047683716,1.0,46.0,32.4,16.0
97500.0,1118.0313992500305,2298.0,5.0,2.799999952316284,1.0,60.0,38.8,16.0
97550.0,1118.5800704956055,2299.0,5.0,3.4000000953674316,1.0,60.0,44.4,16.0
97600.0,1119.1497843265533,2301.0,5.0,3.200000047683716,1.0,60.0,40.8,16.0
97650.0,1119.7317473888397,2303.0,5.0,2.200000047683716,1.0,60.0,31.2,16.0
97700.0,1120.3156306743622,2304.0,2.0,1.399999976158142,1.0,36.0,23.6,16.0
97750.0,1120.8837189674377,2305.0,5.0,2.0,1.0,62.0,30.4,16.0
97800.0,1121.430333852768,2307.0,5.0,2.200000047683716,1.0,62.0,30.8,16.0
97850.0,1121.9745409488678,2308.0,5.0,2.799999952316284,1.0,62.0,38.8,16.0
97900.0,1122.530309677124,2309.0,5.0,3.4000000953674316,1.0,62.0,44.4,16.0
97950.0,1123.1047985553741,2310.0,4.0,3.200000047683716,1.0,56.0,42.0,16.0
98000.0,1123.6868834495544,2312.0,4.0,3.0,1.0,56.0,40.0,16.0
98050.0,1124.2575025558472,2313.0,5.0,3.200000047683716,1.0,66.0,42.0,16.0
98100.0,1124.8435637950897,2314.0,5.0,3.0,1.0,66.0,40.0,16.0
98150.0,1125.4289984703064,2317.0,5.0,2.4000000953674316,0.0,66.0,33.6,6.0
98200.0,1126.014494419098,2319.0,3.0,1.399999976158142,0.0,40.0,20.8,6.0
98250.0,1126.598727464676,2320.0,2.0,1.2000000476837158,0.0,34.0,19.6,6.0
98300.0,1127.1880576610565,2321.0,4.0,2.0,1.0,50.0,28.4,16.0
98350.0,1127.7604792118073,2322.0,4.0,2.5999999046325684,1.0,50.0,35.2,16.0
98400.0,1128.3149013519287,2324.0,4.0,3.0,2.0,50.0,40.0,26.0
98450.0,1128.8873317241669,2326.0,4.0,2.4000000953674316,1.0,50.0,33.2,16.0
98500.0,1129.4488077163696,2327.0,3.0,2.200000047683716,1.0,46.0,32.4,16.0
98550.0,1130.0320088863373,2328.0,3.0,2.200000047683716,1.0,46.0,32.0,16.0
98600.0,1130.6084320545197,2329.0,5.0,2.799999952316284,1.0,62.0,39.2,16.0
98650.0,1131.204564332962,2330.0,5.0,3.200000047683716,1.0,62.0,42.4,16.0
98700.0,1131.7958269119263,2331.0,5.0,3.799999952316284,3.0,62.0,49.2,38.0
98750.0,1132.3552384376526,2332.0,5.0,4.199999809265137,3.0,62.0,52.0,38.0
98800.0,1132.933872461319,2333.0,5.0,4.0,2.0,62.0,50.0,28.0
98850.0,1133.5191173553467,2334.0,5.0,3.799999952316284,2.0,60.0,47.6,28.0
98900.0,1134.1076550483704,2335.0,5.0,4.0,2.0,62.0,50.0,28.0
98950.0,1134.7007114887238,2336.0,5.0,4.0,2.0,62.0,50.0,28.0
99000.0,1135.2639639377594,2338.0,5.0,3.4000000953674316,1.0,62.0,43.2,16.0
99050.0,1135.839023590088,2339.0,5.0,3.0,1.0,62.0,40.0,16.0
99100.0,1136.4211983680725,2340.0,4.0,2.799999952316284,1.0,50.0,37.6,16.0
99150.0,1136.9957835674286,2341.0,5.0,3.0,1.0,62.0,40.0,16.0
99200.0,1137.5619175434113,2342.0,5.0,2.799999952316284,1.0,62.0,38.0,16.0
99250.0,1138.1224246025085,2343.0,7.0,4.0,2.0,82.0,51.2,28.0
99300.0,1138.7033812999725,2344.0,7.0,4.0,2.0,82.0,50.4,28.0
99350.0,1139.2761135101318,2345.0,7.0,4.199999809265137,2.0,82.0,52.4,28.0
99400.0,1139.8501465320587,2347.0,7.0,3.5999999046325684,2.0,82.0,45.2,26.0
99450.0,1140.4418301582336,2348.0,5.0,2.5999999046325684,2.0,60.0,35.6,26.0
99500.0,1141.0239300727844,2349.0,5.0,3.0,2.0,60.0,39.6,26.0
99550.0,1141.6251080036163,2351.0,5.0,2.5999999046325684,0.0,62.0,35.6,6.0
99600.0,1142.2082624435425,2352.0,5.0,2.5999999046325684,0.0,62.0,36.8,6.0
99650.0,1142.789410352707,2353.0,5.0,3.200000047683716,0.0,62.0,42.4,6.0
99700.0,1143.365868806839,2354.0,5.0,3.200000047683716,0.0,62.0,42.4,6.0
99750.0,1143.9314951896667,2355.0,5.0,3.0,0.0,62.0,40.0,6.0
99800.0,1144.4879245758057,2356.0,5.0,3.799999952316284,2.0,62.0,48.8,32.0
99850.0,1145.0512909889221,2357.0,5.0,4.199999809265137,4.0,62.0,52.4,50.0
99900.0,1145.625550031662,2358.0,4.0,4.0,4.0,50.0,50.0,50.0
99950.0,1146.2143824100494,2359.0,4.0,4.0,4.0,50.0,50.0,50.0
100000.0,1146.7559580802917,2361.0,4.0,3.200000047683716,2.0,50.0,40.8,26.0
100050.0,1147.3208975791931,2362.0,4.0,2.799999952316284,2.0,50.0,37.6,26.0
100100.0,1147.9025461673737,2363.0,4.0,2.799999952316284,2.0,50.0,37.6,26.0
100150.0,1148.4850301742554,2364.0,4.0,2.5999999046325684,2.0,50.0,35.6,26.0
100200.0,1149.056704044342,2366.0,4.0,2.799999952316284,2.0,50.0,38.0,26.0
100250.0,1149.6489911079407,2368.0,4.0,2.4000000953674316,0.0,56.0,33.6,6.0
100300.0,1150.2299423217773,2369.0,4.0,2.4000000953674316,0.0,56.0,34.4,6.0
100350.0,1150.8152074813843,2370.0,4.0,2.4000000953674316,0.0,56.0,34.0,6.0
100400.0,1151.4143340587616,2372.0,3.0,2.200000047683716,0.0,44.0,30.8,6.0
100450.0,1152.016892671585,2373.0,4.0,3.0,2.0,56.0,40.8,26.0
100500.0,1152.6011366844177,2374.0,4.0,3.0,2.0,56.0,40.0,26.0
100550.0,1153.190542459488,2375.0,4.0,3.200000047683716,2.0,56.0,42.4,26.0
100600.0,1153.7889204025269,2376.0,4.0,3.200000047683716,2.0,56.0,42.4,26.0
100650.0,1154.3682045936584,2377.0,5.0,3.799999952316284,3.0,60.0,49.2,40.0
100700.0,1154.9398827552795,2378.0,5.0,3.5999999046325684,3.0,60.0,45.6,38.0
100750.0,1155.5125732421875,2379.0,5.0,3.799999952316284,3.0,60.0,47.6,38.0
100800.0,1156.0843360424042,2380.0,5.0,3.799999952316284,3.0,60.0,48.0,38.0
100850.0,1156.64004445076,2381.0,5.0,4.0,3.0,60.0,50.0,38.0
100900.0,1157.246041059494,2382.0,5.0,4.0,3.0,60.0,50.0,38.0
100950.0,1157.8557178974152,2383.0,5.0,4.199999809265137,4.0,60.0,52.4,50.0
101000.0,1158.4565937519073,2384.0,5.0,4.0,3.0,60.0,50.0,38.0
101050.0,1159.033845424652,2385.0,5.0,4.0,3.0,60.0,49.6,38.0
101100.0,1159.6038510799408,2386.0,5.0,4.0,3.0,60.0,49.6,38.0
101150.0,1160.1883487701416,2387.0,5.0,4.0,3.0,62.0,50.0,38.0
101200.0,1160.757560968399,2388.0,5.0,4.0,3.0,62.0,50.0,38.0
101250.0,1161.3247122764587,2389.0,5.0,4.199999809265137,4.0,62.0,52.4,50.0
101300.0,1161.9007017612457,2390.0,5.0,4.400000095367432,4.0,62.0,54.4,50.0
101350.0,1162.4972367286682,2391.0,5.0,4.199999809265137,3.0,62.0,52.4,40.0
101400.0,1163.1009693145752,2392.0,5.0,3.799999952316284,3.0,60.0,47.6,38.0
101450.0,1163.7083706855774,2393.0,5.0,3.799999952316284,3.0,60.0,47.6,38.0
101500.0,1164.3028531074524,2394.0,5.0,4.0,3.0,62.0,50.0,38.0
101550.0,1164.863198518753,2395.0,5.0,3.799999952316284,3.0,62.0,48.0,38.0
101600.0,1165.444037437439,2396.0,5.0,3.799999952316284,3.0,62.0,48.0,38.0
101650.0,1166.015644788742,2396.0,5.0,3.799999952316284,3.0,62.0,48.0,38.0
101700.0,1166.6087837219238,2397.0,8.0,4.800000190734863,3.0,98.0,60.0,40.0
101750.0,1167.1910803318024,2397.0,8.0,4.800000190734863,3.0,98.0,60.0,40.0
101800.0,1167.7634603977203,2398.0,10.0,6.0,3.0,122.0,74.4,40.0
101850.0,1168.3482613563538,2399.0,10.0,5.599999904632568,3.0,122.0,70.0,40.0
101900.0,1168.930652141571,2400.0,10.0,5.599999904632568,3.0,122.0,70.0,40.0
101950.0,1169.5121190547943,2401.0,10.0,5.800000190734863,3.0,122.0,72.0,40.0
102000.0,1170.1055600643158,2402.0,10.0,5.199999809265137,3.0,122.0,64.4,40.0
102050.0,1170.6963758468628,2403.0,5.0,3.799999952316284,3.0,60.0,48.0,40.0
102100.0,1171.2578828334808,2404.0,5.0,3.799999952316284,3.0,60.0,47.6,38.0
102150.0,1171.8160183429718,2405.0,5.0,4.0,3.0,62.0,50.0,38.0
102200.0,1172.3670303821564,2406.0,5.0,4.0,3.0,62.0,50.0,38.0
102250.0,1172.920690536499,2407.0,5.0,3.799999952316284,3.0,62.0,48.0,38.0
102300.0,1173.5046768188477,2408.0,5.0,3.799999952316284,3.0,62.0,48.0,38.0
102350.0,1174.0815081596375,2409.0,5.0,4.199999809265137,3.0,62.0,52.4,40.0
102400.0,1174.654942035675,2410.0,5.0,4.0,3.0,60.0,50.0,40.0
102450.0,1175.197007894516,2411.0,5.0,4.0,3.0,60.0,50.0,40.0
102500.0,1175.7506539821625,2412.0,5.0,4.0,3.0,60.0,50.0,40.0
102550.0,1176.3279769420624,2413.0,5.0,4.400000095367432,4.0,60.0,54.0,50.0
102600.0,1176.9165225028992,2415.0,5.0,3.200000047683716,0.0,60.0,41.2,6.0
102650.0,1177.5122699737549,2416.0,5.0,3.0,0.0,60.0,40.0,6.0
102700.0,1178.1007521152496,2417.0,5.0,3.200000047683716,0.0,60.0,42.0,6.0
102750.0,1178.7008700370789,2417.0,5.0,3.200000047683716,0.0,60.0,42.0,6.0
102800.0,1179.304725408554,2418.0,7.0,3.5999999046325684,0.0,90.0,48.0,6.0
102850.0,1179.9053988456726,2420.0,7.0,3.799999952316284,1.0,90.0,49.6,16.0
102900.0,1180.480280160904,2422.0,7.0,2.799999952316284,1.0,90.0,38.8,16.0
102950.0,1181.0590345859528,2423.0,3.0,1.7999999523162842,1.0,38.0,27.6,16.0
103000.0,1181.634514093399,2424.0,5.0,2.200000047683716,1.0,62.0,32.4,16.0
103050.0,1182.2031841278076,2425.0,5.0,2.799999952316284,1.0,62.0,39.2,24.0
103100.0,1182.785317182541,2426.0,5.0,3.5999999046325684,2.0,62.0,46.4,26.0
103150.0,1183.3764908313751,2427.0,5.0,3.4000000953674316,1.0,62.0,44.8,18.0
103200.0,1183.9772486686707,2427.0,5.0,3.4000000953674316,1.0,62.0,44.8,18.0
103250.0,1184.5784378051758,2428.0,8.0,4.599999904632568,1.0,100.0,58.0,18.0
103300.0,1185.1670138835907,2429.0,8.0,4.800000190734863,1.0,100.0,60.0,18.0
103350.0,1185.7466604709625,2430.0,8.0,4.599999904632568,1.0,100.0,57.6,18.0
103400.0,1186.310620546341,2432.0,8.0,4.400000095367432,1.0,100.0,55.2,16.0
103450.0,1186.8857114315033,2434.0,4.0,2.200000047683716,1.0,50.0,30.8,16.0
103500.0,1187.4762823581696,2435.0,4.0,2.4000000953674316,1.0,56.0,34.4,16.0
103550.0,1188.06627035141,2437.0,4.0,2.0,1.0,56.0,30.0,16.0
103600.0,1188.6495251655579,2437.0,4.0,2.0,1.0,56.0,30.0,16.0
103650.0,1189.2394626140594,2438.0,6.0,2.799999952316284,1.0,84.0,40.0,16.0
103700.0,1189.8405215740204,2439.0,6.0,3.799999952316284,1.0,84.0,51.6,18.0
103750.0,1190.445243358612,2440.0,6.0,3.799999952316284,1.0,84.0,50.0,18.0
103800.0,1191.0319032669067,2441.0,6.0,4.400000095367432,2.0,84.0,56.4,26.0
103850.0,1191.6143283843994,2442.0,6.0,4.599999904632568,3.0,84.0,59.2,40.0
103900.0,1192.1759061813354,2443.0,6.0,4.199999809265137,3.0,74.0,52.4,40.0
103950.0,1192.7544348239899,2444.0,4.0,3.799999952316284,3.0,50.0,47.6,40.0
104000.0,1193.330598115921,2445.0,4.0,3.799999952316284,3.0,50.0,48.0,40.0
104050.0,1193.9124040603638,2446.0,4.0,3.799999952316284,3.0,50.0,48.0,40.0
104100.0,1194.494614124298,2447.0,4.0,4.0,4.0,50.0,50.0,50.0
104150.0,1195.0966367721558,2448.0,4.0,3.799999952316284,3.0,50.0,47.6,38.0
104200.0,1195.677351474762,2449.0,5.0,4.0,3.0,62.0,50.0,38.0
104250.0,1196.2445702552795,2450.0,5.0,4.0,3.0,62.0,50.0,38.0
104300.0,1196.7972564697266,2450.0,5.0,4.0,3.0,62.0,50.0,38.0
104350.0,1197.3730521202087,2451.0,8.0,4.800000190734863,3.0,100.0,60.0,38.0
104400.0,1197.9512555599213,2452.0,8.0,4.800000190734863,3.0,100.0,60.0,38.0
104450.0,1198.5039925575256,2453.0,8.0,5.0,4.0,100.0,62.4,50.0
104500.0,1199.064570426941,2454.0,8.0,4.800000190734863,4.0,100.0,60.0,50.0
104550.0,1199.644222021103,2455.0,8.0,4.599999904632568,3.0,100.0,57.6,38.0
104600.0,1200.243861913681,2456.0,5.0,4.0,3.0,62.0,50.0,38.0
104650.0,1200.8394651412964,2457.0,5.0,4.199999809265137,3.0,62.0,52.0,38.0
104700.0,1201.4348690509796,2458.0,5.0,4.0,3.0,62.0,50.0,38.0
104750.0,1202.032709121704,2459.0,5.0,4.199999809265137,3.0,62.0,52.0,38.0
104800.0,1202.621929883957,2460.0,5.0,3.799999952316284,1.0,62.0,48.0,18.0
104850.0,1203.2065963745117,2461.0,6.0,4.0,1.0,72.0,50.0,18.0
104900.0,1203.7960069179535,2462.0,6.0,3.4000000953674316,1.0,72.0,43.6,18.0
104950.0,1204.3892385959625,2463.0,6.0,4.0,1.0,72.0,50.0,18.0
105000.0,1204.9881167411804,2465.0,6.0,3.200000047683716,1.0,72.0,41.2,16.0
105050.0,1205.5849738121033,2466.0,6.0,2.799999952316284,1.0,72.0,37.6,16.0
105100.0,1206.1646840572357,2467.0,6.0,3.4000000953674316,1.0,72.0,44.4,16.0
105150.0,1206.7380681037903,2468.0,5.0,3.0,1.0,62.0,40.0,16.0
105200.0,1207.3047015666962,2470.0,5.0,3.4000000953674316,0.0,62.0,44.4,6.0
105250.0,1207.8545005321503,2471.0,5.0,3.0,0.0,62.0,40.4,6.0
105300.0,1208.4289577007294,2472.0,6.0,3.200000047683716,0.0,70.0,42.0,6.0
105350.0,1209.0400218963623,2473.0,6.0,2.799999952316284,0.0,70.0,38.0,6.0
105400.0,1209.6489424705505,2474.0,6.0,2.799999952316284,0.0,70.0,38.0,6.0
105450.0,1210.2805404663086,2475.0,6.0,3.4000000953674316,2.0,70.0,44.4,30.0
105500.0,1210.8503634929657,2476.0,6.0,4.0,2.0,70.0,49.6,30.0
105550.0,1211.4371292591095,2477.0,5.0,3.5999999046325684,2.0,60.0,46.0,30.0
105600.0,1211.9960870742798,2478.0,5.0,4.199999809265137,3.0,60.0,52.0,38.0
105650.0,1212.5627491474152,2479.0,5.0,4.199999809265137,3.0,60.0,52.0,38.0
105700.0,1213.1137404441833,2480.0,5.0,4.0,2.0,60.0,50.0,28.0
105750.0,1213.68066072464,2482.0,6.0,3.4000000953674316,0.0,72.0,43.2,6.0
105800.0,1214.2471716403961,2483.0,6.0,3.0,0.0,72.0,40.0,6.0
105850.0,1214.8477697372437,2483.0,6.0,3.0,0.0,72.0,40.0,6.0
105900.0,1215.4517359733582,2485.0,6.0,3.4000000953674316,0.0,72.0,45.6,6.0
105950.0,1216.0448458194733,2486.0,5.0,2.799999952316284,0.0,68.0,40.0,6.0
106000.0,1216.6256740093231,2487.0,5.0,3.5999999046325684,3.0,68.0,48.8,38.0
106050.0,1217.1758618354797,2488.0,5.0,4.0,3.0,68.0,52.0,38.0
106100.0,1217.7348606586456,2490.0,5.0,2.799999952316284,0.0,60.0,37.6,6.0
106150.0,1218.3083610534668,2491.0,5.0,2.5999999046325684,0.0,60.0,35.6,6.0
106200.0,1218.8978955745697,2492.0,5.0,2.799999952316284,0.0,60.0,37.6,6.0
106250.0,1219.4996950626373,2493.0,5.0,2.799999952316284,0.0,62.0,38.0,6.0
106300.0,1220.09521818161,2494.0,5.0,2.799999952316284,0.0,62.0,38.0,6.0
106350.0,1220.683499097824,2495.0,7.0,4.199999809265137,2.0,82.0,53.2,28.0
106400.0,1221.2554454803467,2497.0,7.0,3.4000000953674316,1.0,82.0,43.2,18.0
106450.0,1221.82958984375,2498.0,7.0,2.799999952316284,1.0,82.0,37.6,18.0
106500.0,1222.3822829723358,2499.0,7.0,3.200000047683716,1.0,82.0,42.0,18.0
106550.0,1222.9354302883148,2500.0,4.0,2.5999999046325684,1.0,52.0,36.0,18.0
106600.0,1223.5124847888947,2501.0,4.0,3.200000047683716,2.0,52.0,42.0,26.0
106650.0,1224.0689256191254,2502.0,5.0,3.799999952316284,2.0,62.0,49.2,34.0
106700.0,1224.6531281471252,2503.0,5.0,4.0,3.0,62.0,50.4,40.0
106750.0,1225.2565958499908,2504.0,5.0,4.0,3.0,62.0,50.0,40.0
106800.0,1225.8529496192932,2506.0,5.0,3.200000047683716,1.0,62.0,41.2,16.0
106850.0,1226.4511604309082,2507.0,5.0,3.200000047683716,1.0,66.0,42.0,16.0
106900.0,1227.0499596595764,2508.0,5.0,3.200000047683716,1.0,66.0,42.0,16.0
106950.0,1227.6395659446716,2509.0,5.0,3.0,1.0,66.0,40.0,16.0
107000.0,1228.2278680801392,2510.0,5.0,3.4000000953674316,1.0,66.0,44.4,16.0
107050.0,1228.8213560581207,2511.0,5.0,4.0,3.0,66.0,51.2,38.0
107100.0,1229.4242939949036,2512.0,5.0,3.799999952316284,3.0,62.0,48.0,38.0
107150.0,1230.0132112503052,2513.0,5.0,4.0,3.0,62.0,50.0,38.0
107200.0,1230.6042461395264,2514.0,5.0,4.199999809265137,4.0,62.0,52.4,50.0
107250.0,1231.1970930099487,2515.0,4.0,3.799999952316284,3.0,50.0,47.6,38.0
107300.0,1231.7978067398071,2516.0,4.0,3.799999952316284,3.0,50.0,47.6,38.0
107350.0,1232.383502960205,2517.0,5.0,4.0,3.0,62.0,50.0,38.0
107400.0,1232.9663004875183,2518.0,5.0,4.0,3.0,62.0,50.0,38.0
107450.0,1233.5331420898438,2519.0,5.0,4.0,3.0,62.0,50.0,38.0
107500.0,1234.1054918766022,2520.0,5.0,4.199999809265137,4.0,62.0,52.4,50.0
107550.0,1234.6938955783844,2521.0,5.0,4.199999809265137,4.0,62.0,52.4,50.0
107600.0,1235.2629780769348,2522.0,4.0,4.0,4.0,50.0,50.0,50.0
107650.0,1235.8282914161682,2523.0,4.0,4.0,4.0,50.0,50.0,50.0
107700.0,1236.400684595108,2524.0,4.0,3.5999999046325684,2.0,50.0,45.6,28.0
107750.0,1236.9804112911224,2525.0,6.0,4.0,2.0,72.0,50.0,28.0
107800.0,1237.550274848938,2526.0,6.0,4.0,2.0,72.0,50.0,28.0
107850.0,1238.1046786308289,2527.0,6.0,4.199999809265137,2.0,72.0,52.0,28.0
107900.0,1238.660498380661,2528.0,6.0,4.0,2.0,72.0,50.0,28.0
107950.0,1239.2129566669464,2529.0,6.0,4.400000095367432,3.0,72.0,54.4,40.0
108000.0,1239.762508392334,2530.0,5.0,4.0,3.0,60.0,50.0,40.0
108050.0,1240.3175594806671,2531.0,5.0,4.0,3.0,60.0,50.0,40.0
108100.0,1240.8821461200714,2532.0,4.0,3.799999952316284,3.0,50.0,48.0,40.0
108150.0,1241.4400777816772,2533.0,4.0,3.799999952316284,3.0,50.0,47.6,38.0
108200.0,1241.9977705478668,2534.0,6.0,4.199999809265137,3.0,72.0,52.0,38.0
108250.0,1242.5529053211212,2535.0,6.0,4.0,3.0,72.0,50.0,38.0
108300.0,1243.108143568039,2536.0,6.0,3.799999952316284,3.0,72.0,48.0,38.0
108350.0,1243.661405801773,2537.0,6.0,4.0,3.0,72.0,50.0,38.0
108400.0,1244.2043867111206,2538.0,6.0,4.0,3.0,72.0,50.0,38.0
108450.0,1244.779629945755,2539.0,5.0,3.799999952316284,3.0,62.0,48.0,38.0
108500.0,1245.348671913147,2540.0,5.0,4.0,3.0,62.0,50.0,38.0
108550.0,1245.9139273166656,2541.0,5.0,4.0,3.0,62.0,49.6,38.0
108600.0,1246.4723899364471,2542.0,5.0,4.0,3.0,62.0,50.0,38.0
108650.0,1247.0158183574677,2543.0,5.0,4.0,3.0,62.0,50.0,38.0
108700.0,1247.5784029960632,2544.0,5.0,4.0,3.0,62.0,50.0,38.0
108750.0,1248.16348695755,2545.0,5.0,3.799999952316284,3.0,62.0,47.6,38.0
108800.0,1248.7224814891815,2546.0,5.0,4.199999809265137,3.0,62.0,52.4,38.0
108850.0,1249.292011499405,2547.0,5.0,3.799999952316284,3.0,62.0,47.6,38.0
108900.0,1249.843389749527,2549.0,5.0,3.200000047683716,1.0,62.0,41.2,16.0
108950.0,1250.383635044098,2550.0,5.0,3.0,1.0,62.0,40.0,16.0
109000.0,1250.9370563030243,2551.0,4.0,2.799999952316284,1.0,52.0,37.6,16.0
109050.0,1251.5160439014435,2552.0,4.0,3.0,1.0,52.0,40.0,16.0
109100.0,1252.0986030101776,2553.0,4.0,3.0,1.0,50.0,39.6,16.0
109150.0,1252.6740472316742,2554.0,6.0,4.0,2.0,72.0,50.8,32.0
109200.0,1253.2577393054962,2555.0,6.0,4.0,2.0,72.0,50.4,30.0
109250.0,1253.8317396640778,2557.0,6.0,3.4000000953674316,1.0,72.0,43.2,16.0
109300.0,1254.4088497161865,2558.0,6.0,3.0,1.0,72.0,40.0,16.0
109350.0,1254.9877398014069,2559.0,5.0,2.799999952316284,1.0,62.0,38.0,16.0
109400.0,1255.5652754306793,2560.0,5.0,3.0,1.0,62.0,39.6,16.0
109450.0,1256.1451468467712,2561.0,5.0,3.0,1.0,62.0,40.0,16.0
109500.0,1256.7111513614655,2561.0,5.0,3.0,1.0,62.0,40.0,16.0
109550.0,1257.2923600673676,2562.0,8.0,4.400000095367432,2.0,100.0,56.8,34.0
109600.0,1257.8776960372925,2563.0,8.0,4.800000190734863,3.0,100.0,60.4,38.0
109650.0,1258.4565169811249,2565.0,8.0,4.199999809265137,2.0,100.0,53.2,26.0
109700.0,1259.0330007076263,2567.0,4.0,2.4000000953674316,1.0,52.0,33.2,24.0
109750.0,1259.632809638977,2569.0,2.0,1.600000023841858,1.0,34.0,25.2,16.0
109800.0,1260.237827539444,2570.0,2.0,1.600000023841858,1.0,34.0,26.8,16.0
109850.0,1260.8134405612946,2572.0,4.0,2.0,1.0,50.0,30.0,16.0
109900.0,1261.3722150325775,2573.0,4.0,2.200000047683716,1.0,50.0,32.4,16.0
109950.0,1261.9204668998718,2575.0,4.0,2.4000000953674316,1.0,50.0,33.6,16.0
110000.0,1262.4787681102753,2577.0,3.0,2.0,0.0,46.0,30.4,6.0
110050.0,1263.0387408733368,2580.0,3.0,1.2000000476837158,0.0,44.0,20.8,6.0
110100.0,1263.6100380420685,2581.0,3.0,1.2000000476837158,0.0,40.0,20.0,6.0
110150.0,1264.185082912445,2582.0,4.0,2.0,0.0,50.0,28.8,6.0
110200.0,1264.7878248691559,2583.0,5.0,2.799999952316284,0.0,60.0,36.4,6.0
110250.0,1265.3786969184875,2584.0,5.0,3.200000047683716,2.0,60.0,40.8,26.0
110300.0,1265.956521987915,2585.0,5.0,3.4000000953674316,2.0,60.0,43.6,28.0
110350.0,1266.5185732841492,2586.0,5.0,3.799999952316284,2.0,60.0,47.6,28.0
110400.0,1267.087950706482,2587.0,5.0,4.0,2.0,62.0,50.0,28.0
110450.0,1267.6689772605896,2588.0,5.0,3.799999952316284,2.0,62.0,48.0,28.0
110500.0,1268.246802330017,2588.0,5.0,3.799999952316284,2.0,62.0,48.0,28.0
110550.0,1268.8071010112762,2589.0,8.0,5.0,3.0,100.0,62.4,40.0
110600.0,1269.3608391284943,2590.0,8.0,5.199999809265137,4.0,100.0,64.4,50.0
110650.0,1269.9339425563812,2591.0,8.0,5.199999809265137,4.0,100.0,64.4,50.0
110700.0,1270.5359535217285,2592.0,8.0,4.800000190734863,3.0,100.0,60.0,40.0
110750.0,1271.132092475891,2593.0,8.0,4.599999904632568,3.0,100.0,58.0,40.0
110800.0,1271.71999502182,2594.0,5.0,4.0,3.0,60.0,50.0,40.0
110850.0,1272.3038668632507,2595.0,5.0,4.0,3.0,60.0,50.0,40.0
110900.0,1272.8767206668854,2596.0,5.0,4.0,3.0,60.0,50.0,40.0
110950.0,1273.4608209133148,2598.0,5.0,3.200000047683716,1.0,60.0,40.8,16.0
111000.0,1274.0440011024475,2599.0,5.0,2.799999952316284,1.0,60.0,37.6,16.0
111050.0,1274.6084113121033,2600.0,5.0,3.0,1.0,62.0,40.0,16.0
111100.0,1275.1732919216156,2601.0,5.0,2.5999999046325684,1.0,62.0,35.6,16.0
111150.0,1275.740494966507,2602.0,5.0,3.200000047683716,1.0,62.0,42.0,16.0
111200.0,1276.3170325756073,2603.0,5.0,3.799999952316284,3.0,62.0,48.8,38.0
111250.0,1276.8999242782593,2604.0,5.0,4.199999809265137,3.0,62.0,52.4,38.0
111300.0,1277.4884264469147,2605.0,5.0,3.799999952316284,3.0,62.0,47.6,38.0
111350.0,1278.071655511856,2607.0,5.0,3.4000000953674316,1.0,62.0,43.2,16.0
111400.0,1278.6303088665009,2608.0,5.0,3.0,1.0,62.0,40.0,16.0
111450.0,1279.2230672836304,2609.0,4.0,2.799999952316284,1.0,50.0,37.6,16.0
111500.0,1279.8281290531158,2610.0,4.0,3.0,1.0,50.0,40.0,16.0
111550.0,1280.4321296215057,2612.0,4.0,3.0,1.0,50.0,40.0,16.0
111600.0,1280.9979836940765,2613.0,4.0,3.0,1.0,50.0,40.4,16.0
111650.0,1281.564377784729,2618.0,2.0,0.800000011920929,0.0,28.0,14.4,6.0
111700.0,1282.1712815761566,2621.0,2.0,1.0,0.0,26.0,16.0,6.0
111750.0,1282.7723619937897,2622.0,2.0,1.399999976158142,0.0,28.0,20.4,6.0
111800.0,1283.376793384552,2623.0,4.0,1.7999999523162842,0.0,50.0,25.2,6.0
111850.0,1283.9595844745636,2624.0,4.0,2.4000000953674316,1.0,50.0,32.0,16.0
111900.0,1284.555713891983,2625.0,5.0,3.200000047683716,2.0,60.0,40.8,26.0
111950.0,1285.1568295955658,2626.0,6.0,4.0,2.0,72.0,50.0,28.0
112000.0,1285.7497344017029,2626.0,6.0,4.0,2.0,72.0,50.0,28.0
112050.0,1286.3363571166992,2629.0,6.0,3.4000000953674316,1.0,72.0,44.4,16.0
112100.0,1286.927570104599,2630.0,6.0,3.0,1.0,72.0,40.0,16.0
112150.0,1287.5071301460266,2631.0,4.0,2.4000000953674316,1.0,58.0,33.6,16.0
112200.0,1288.0829746723175,2633.0,4.0,2.5999999046325684,1.0,50.0,34.4,16.0
112250.0,1288.6649901866913,2634.0,4.0,3.0,2.0,50.0,40.0,28.0
112300.0,1289.256558418274,2635.0,5.0,3.4000000953674316,2.0,60.0,44.4,28.0
112350.0,1289.8547961711884,2636.0,5.0,3.0,1.0,60.0,40.0,18.0
112400.0,1290.457427740097,2637.0,7.0,3.5999999046325684,1.0,82.0,46.4,18.0
112450.0,1291.047379732132,2638.0,7.0,3.799999952316284,1.0,82.0,48.8,18.0
112500.0,1291.6399891376495,2638.0,7.0,3.799999952316284,1.0,82.0,48.8,18.0
112550.0,1292.232275724411,2640.0,7.0,3.5999999046325684,1.0,82.0,46.8,16.0
112600.0,1292.8283650875092,2641.0,7.0,4.400000095367432,1.0,82.0,56.4,16.0
112650.0,1293.418648481369,2642.0,6.0,3.5999999046325684,1.0,78.0,48.0,16.0
112700.0,1294.000782251358,2643.0,6.0,3.5999999046325684,1.0,78.0,47.6,16.0
112750.0,1294.577708721161,2644.0,5.0,3.4000000953674316,1.0,66.0,44.4,16.0
112800.0,1295.178921699524,2645.0,5.0,3.799999952316284,3.0,66.0,49.2,38.0
112850.0,1295.7850472927094,2645.0,5.0,3.799999952316284,3.0,66.0,49.2,38.0
112900.0,1296.387799501419,2646.0,9.0,4.599999904632568,3.0,110.0,58.0,38.0
112950.0,1296.9823219776154,2647.0,9.0,4.599999904632568,3.0,110.0,57.6,38.0
113000.0,1297.560997247696,2648.0,9.0,4.800000190734863,3.0,110.0,60.0,38.0
113050.0,1298.1639513969421,2649.0,9.0,4.800000190734863,3.0,110.0,60.0,38.0
113100.0,1298.7673864364624,2650.0,9.0,5.199999809265137,3.0,110.0,64.0,38.0
113150.0,1299.3669846057892,2651.0,5.0,4.199999809265137,3.0,62.0,52.0,38.0
113200.0,1299.9678628444672,2652.0,5.0,4.199999809265137,3.0,62.0,52.4,40.0
113250.0,1300.5667555332184,2654.0,5.0,3.200000047683716,0.0,60.0,41.2,6.0
113300.0,1301.1721341609955,2655.0,4.0,3.0,0.0,54.0,40.0,6.0
113350.0,1301.7632105350494,2656.0,4.0,2.5999999046325684,0.0,54.0,35.6,6.0
113400.0,1302.362501859665,2657.0,6.0,3.200000047683716,0.0,72.0,42.0,6.0
113450.0,1302.9562482833862,2658.0,6.0,2.799999952316284,0.0,72.0,38.0,6.0
113500.0,1303.5414950847626,2659.0,6.0,4.0,2.0,72.0,51.2,28.0
113550.0,1304.1358737945557,2660.0,6.0,3.799999952316284,2.0,72.0,48.0,28.0
113600.0,1304.7319900989532,2661.0,6.0,4.199999809265137,2.0,72.0,52.4,30.0
113650.0,1305.3210151195526,2662.0,6.0,3.200000047683716,1.0,72.0,41.6,18.0
113700.0,1305.9168825149536,2663.0,6.0,4.0,1.0,72.0,49.6,18.0
113750.0,1306.5088844299316,2664.0,6.0,3.799999952316284,1.0,70.0,47.6,18.0
113800.0,1307.0680689811707,2665.0,6.0,4.0,1.0,70.0,50.0,18.0
113850.0,1307.666089773178,2667.0,6.0,3.799999952316284,1.0,70.0,47.2,16.0
113900.0,1308.2705001831055,2668.0,5.0,3.4000000953674316,1.0,62.0,44.4,16.0
113950.0,1308.8766570091248,2670.0,4.0,2.200000047683716,0.0,56.0,31.2,6.0
114000.0,1309.4823896884918,2673.0,3.0,1.2000000476837158,0.0,40.0,20.0,6.0
114050.0,1310.0854423046112,2674.0,3.0,1.2000000476837158,0.0,40.0,20.0,6.0
114100.0,1310.6921050548553,2675.0,4.0,2.0,0.0,50.0,28.8,12.0
114150.0,1311.3013813495636,2675.0,4.0,2.0,0.0,50.0,28.8,12.0
114200.0,1311.9084403514862,2676.0,6.0,3.200000047683716,1.0,78.0,42.0,16.0
114250.0,1312.5119574069977,2680.0,6.0,2.200000047683716,0.0,78.0,31.2,6.0
114300.0,1313.1205577850342,2682.0,3.0,1.0,0.0,38.0,17.6,6.0
114350.0,1313.723697900772,2685.0,3.0,1.2000000476837158,0.0,38.0,20.8,6.0
114400.0,1314.3291492462158,2686.0,3.0,1.600000023841858,0.0,38.0,24.0,6.0
114450.0,1314.9366564750671,2688.0,3.0,1.7999999523162842,0.0,40.0,25.2,6.0
114500.0,1315.5432929992676,2690.0,3.0,1.600000023841858,0.0,40.0,24.8,14.0
114550.0,1316.1494250297546,2691.0,6.0,2.4000000953674316,0.0,76.0,34.4,14.0
114600.0,1316.756317615509,2694.0,6.0,1.7999999523162842,0.0,76.0,26.4,6.0
114650.0,1317.3565168380737,2695.0,6.0,2.5999999046325684,0.0,76.0,35.2,6.0
114700.0,1317.9629805088043,2696.0,5.0,1.7999999523162842,0.0,60.0,26.0,6.0
114750.0,1318.56582570076,2698.0,5.0,2.200000047683716,0.0,60.0,30.0,6.0
114800.0,1319.1682047843933,2698.0,5.0,2.200000047683716,0.0,60.0,30.0,6.0
114850.0,1319.7459139823914,2699.0,9.0,3.799999952316284,0.0,116.0,50.0,6.0
114900.0,1320.3502087593079,2701.0,9.0,3.0,0.0,116.0,40.8,6.0
114950.0,1320.9435276985168,2702.0,9.0,3.200000047683716,0.0,116.0,44.4,6.0
115000.0,1321.5500693321228,2704.0,4.0,2.200000047683716,0.0,56.0,31.2,6.0
115050.0,1322.147311925888,2705.0,4.0,2.4000000953674316,0.0,56.0,34.4,6.0
115100.0,1322.7530875205994,2706.0,4.0,2.5999999046325684,0.0,56.0,36.8,6.0
115150.0,1323.360817193985,2707.0,6.0,3.0,0.0,72.0,40.0,6.0
115200.0,1323.9622883796692,2708.0,6.0,2.799999952316284,0.0,72.0,37.6,6.0
115250.0,1324.5526144504547,2709.0,6.0,3.5999999046325684,2.0,72.0,46.8,28.0
115300.0,1325.1606483459473,2710.0,6.0,3.4000000953674316,2.0,72.0,43.6,28.0
115350.0,1325.7772080898285,2711.0,6.0,4.0,2.0,72.0,50.0,28.0
115400.0,1326.3660957813263,2711.0,6.0,4.0,2.0,72.0,50.0,28.0
115450.0,1326.9312806129456,2712.0,11.0,5.0,2.0,134.0,62.4,28.0
115500.0,1327.4920947551727,2712.0,11.0,5.0,2.0,134.0,62.4,28.0
115550.0,1328.0546951293945,2713.0,11.0,5.199999809265137,2.0,134.0,66.0,28.0
115600.0,1328.6406664848328,2715.0,11.0,5.199999809265137,1.0,134.0,65.2,16.0
115650.0,1329.2176403999329,2716.0,11.0,5.0,1.0,134.0,64.4,16.0
115700.0,1329.7884531021118,2717.0,5.0,3.4000000953674316,1.0,60.0,45.2,16.0
115750.0,1330.3539440631866,2718.0,5.0,3.200000047683716,1.0,60.0,42.0,16.0
115800.0,1330.939739227295,2719.0,6.0,3.4000000953674316,1.0,72.0,44.4,16.0
115850.0,1331.542699098587,2720.0,6.0,4.0,3.0,72.0,51.2,38.0
115900.0,1332.1481158733368,2722.0,6.0,3.200000047683716,1.0,72.0,41.2,16.0
115950.0,1332.7251081466675,2723.0,6.0,3.4000000953674316,1.0,72.0,44.4,16.0
116000.0,1333.2884624004364,2724.0,4.0,3.0,1.0,56.0,40.0,16.0
116050.0,1333.8326880931854,2725.0,4.0,2.799999952316284,1.0,56.0,37.6,16.0
116100.0,1334.3839395046234,2726.0,4.0,3.0,1.0,56.0,40.0,16.0
116150.0,1334.9527366161346,2726.0,4.0,3.0,1.0,56.0,40.0,16.0
116200.0,1335.5177941322327,2726.0,4.0,3.0,1.0,56.0,40.0,16.0
116250.0,1336.1118927001953,2727.0,13.0,5.400000095367432,3.0,160.0,68.8,38.0
116300.0,1336.711569070816,2728.0,13.0,5.599999904632568,3.0,160.0,70.0,38.0
116350.0,1337.302395105362,2729.0,13.0,5.400000095367432,3.0,160.0,68.0,38.0
116400.0,1337.8667948246002,2731.0,13.0,5.199999809265137,2.0,160.0,65.2,26.0
116450.0,1338.4257974624634,2733.0,3.0,2.200000047683716,1.0,40.0,30.8,16.0
116500.0,1339.0163748264313,2734.0,3.0,2.200000047683716,1.0,46.0,32.0,16.0
116550.0,1339.5829708576202,2735.0,4.0,2.4000000953674316,1.0,50.0,34.4,16.0
116600.0,1340.1636550426483,2737.0,4.0,2.4000000953674316,1.0,50.0,33.6,16.0
116650.0,1340.7341878414154,2738.0,4.0,2.799999952316284,1.0,50.0,39.2,18.0
116700.0,1341.3204672336578,2739.0,4.0,2.5999999046325684,1.0,50.0,35.6,18.0
116750.0,1341.928734779358,2740.0,6.0,3.0,1.0,72.0,40.0,18.0
116800.0,1342.5325729846954,2741.0,6.0,3.4000000953674316,2.0,72.0,44.0,28.0
116850.0,1343.142558336258,2742.0,6.0,3.799999952316284,2.0,72.0,48.8,28.0
116900.0,1343.7565240859985,2744.0,6.0,3.5999999046325684,1.0,72.0,45.6,18.0
116950.0,1344.364017009735,2745.0,5.0,3.0,1.0,62.0,40.0,18.0
117000.0,1344.949860572815,2746.0,5.0,3.0,1.0,62.0,40.0,18.0
117050.0,1345.5159966945648,2747.0,4.0,2.799999952316284,1.0,52.0,38.0,18.0
117100.0,1346.1208436489105,2748.0,4.0,3.4000000953674316,3.0,52.0,44.0,38.0
117150.0,1346.7364823818207,2749.0,5.0,3.799999952316284,3.0,62.0,48.8,38.0
117200.0,1347.348563671112,2750.0,5.0,4.0,3.0,62.0,50.0,38.0
117250.0,1347.9575107097626,2751.0,5.0,4.199999809265137,4.0,62.0,52.4,48.0
117300.0,1348.57284617424,2753.0,5.0,3.0,0.0,62.0,39.2,6.0
117350.0,1349.1847321987152,2754.0,4.0,2.799999952316284,0.0,54.0,37.6,6.0
117400.0,1349.7880697250366,2755.0,5.0,3.0,0.0,62.0,40.0,6.0
117450.0,1350.377017736435,2756.0,5.0,3.0,0.0,62.0,40.0,6.0
117500.0,1350.9591152668,2756.0,5.0,3.0,0.0,62.0,40.0,6.0
117550.0,1351.5604593753815,2757.0,5.0,3.5999999046325684,0.0,68.0,48.0,6.0
117600.0,1352.1726021766663,2758.0,7.0,5.0,4.0,82.0,63.2,50.0
117650.0,1352.787747144699,2759.0,7.0,5.0,4.0,82.0,62.4,50.0
117700.0,1353.3968110084534,2760.0,7.0,5.0,4.0,82.0,62.4,50.0
117750.0,1354.0096452236176,2760.0,7.0,5.0,4.0,82.0,62.4,50.0
117800.0,1354.6207451820374,2760.0,7.0,5.0,4.0,82.0,62.4,50.0
117850.0,1355.2079553604126,2761.0,9.0,6.0,4.0,116.0,75.6,50.0
117900.0,1355.7885296344757,2761.0,9.0,6.0,4.0,116.0,75.6,50.0
117950.0,1356.3467264175415,2762.0,11.0,7.199999809265137,4.0,134.0,88.8,50.0
118000.0,1356.8984758853912,2763.0,11.0,6.199999809265137,2.0,134.0,77.6,26.0
118050.0,1357.4813077449799,2765.0,11.0,5.400000095367432,2.0,134.0,68.8,26.0
118100.0,1358.0491423606873,2767.0,3.0,1.7999999523162842,1.0,40.0,26.4,16.0
118150.0,1358.6233599185944,2767.0,3.0,1.7999999523162842,1.0,40.0,26.4,16.0
118200.0,1359.2163503170013,2767.0,3.0,1.7999999523162842,1.0,40.0,26.4,16.0
118250.0,1359.8005812168121,2768.0,12.0,3.799999952316284,1.0,156.0,52.4,16.0
118300.0,1360.3627815246582,2769.0,12.0,3.5999999046325684,1.0,156.0,50.0,16.0
118350.0,1360.938416481018,2770.0,12.0,4.400000095367432,1.0,156.0,58.8,16.0
118400.0,1361.5237798690796,2771.0,12.0,5.199999809265137,1.0,156.0,66.4,16.0
118450.0,1362.1104164123535,2773.0,6.0,3.0,0.0,72.0,38.8,8.0
118500.0,1362.6971521377563,2773.0,6.0,3.0,0.0,72.0,38.8,8.0
118550.0,1363.2762031555176,2774.0,6.0,3.5999999046325684,0.0,74.0,48.0,8.0
118600.0,1363.834618806839,2776.0,5.0,2.5999999046325684,0.0,74.0,36.8,8.0
118650.0,1364.404510974884,2779.0,5.0,2.0,1.0,60.0,28.8,16.0
118700.0,1364.987630367279,2780.0,3.0,1.600000023841858,1.0,38.0,24.4,16.0
118750.0,1365.5814445018768,2782.0,3.0,2.0,1.0,38.0,27.2,16.0
118800.0,1366.1608259677887,2784.0,3.0,1.7999999523162842,1.0,38.0,26.4,16.0
118850.0,1366.7427248954773,2785.0,2.0,1.600000023841858,1.0,34.0,25.6,16.0
118900.0,1367.347983121872,2786.0,4.0,2.0,1.0,50.0,30.0,16.0
118950.0,1367.9561512470245,2788.0,4.0,2.5999999046325684,1.0,50.0,35.6,16.0
119000.0,1368.5688529014587,2789.0,4.0,2.5999999046325684,1.0,50.0,36.8,22.0
119050.0,1369.1721148490906,2790.0,6.0,3.4000000953674316,1.0,72.0,44.4,22.0
119100.0,1369.7403795719147,2792.0,6.0,2.5999999046325684,0.0,72.0,35.6,6.0
119150.0,1370.3005361557007,2794.0,6.0,2.4000000953674316,0.0,72.0,33.2,6.0
119200.0,1370.8630874156952,2796.0,2.0,1.2000000476837158,0.0,34.0,20.8,6.0
119250.0,1371.441389799118,2797.0,4.0,2.0,0.0,56.0,30.8,6.0
119300.0,1372.0272016525269,2800.0,4.0,1.7999999523162842,0.0,56.0,26.4,8.0
119350.0,1372.5867938995361,2801.0,4.0,2.0,0.0,56.0,29.2,8.0
119400.0,1373.1602108478546,2802.0,5.0,2.200000047683716,0.0,62.0,30.4,8.0
119450.0,1373.751610994339,2803.0,5.0,2.4000000953674316,1.0,62.0,32.0,16.0
119500.0,1374.3521664142609,2803.0,5.0,2.4000000953674316,1.0,62.0,32.0,16.0
119550.0,1374.9511501789093,2804.0,8.0,3.5999999046325684,1.0,100.0,46.8,16.0
119600.0,1375.5565090179443,2804.0,8.0,3.5999999046325684,1.0,100.0,46.8,16.0
119650.0,1376.1548228263855,2805.0,11.0,5.599999904632568,1.0,134.0,70.4,16.0
119700.0,1376.7652118206024,2806.0,11.0,5.800000190734863,1.0,134.0,72.0,16.0
119750.0,1377.3649106025696,2806.0,11.0,5.800000190734863,1.0,134.0,72.0,16.0
119800.0,1377.9699940681458,2809.0,11.0,4.400000095367432,0.0,134.0,56.4,6.0
119850.0,1378.5745639801025,2810.0,5.0,2.5999999046325684,0.0,68.0,35.6,6.0
119900.0,1379.1717281341553,2811.0,6.0,3.0,0.0,72.0,40.4,6.0
119950.0,1379.755509853363,2811.0,6.0,3.0,0.0,72.0,40.4,6.0
120000.0,1380.3646838665009,2811.0,6.0,3.0,0.0,72.0,40.4,6.0
120050.0,1380.9672420024872,2811.0,6.0,3.0,0.0,72.0,40.4,6.0
120100.0,1381.5490636825562,2811.0,6.0,3.0,0.0,72.0,40.4,6.0
120150.0,1382.136271238327,2812.0,8.0,3.5999999046325684,0.0,213.0,69.4,6.0
120200.0,1382.6879720687866,2812.0,8.0,3.5999999046325684,0.0,213.0,69.4,6.0
120250.0,1383.273137331009,2813.0,8.0,3.200000047683716,0.0,213.0,89.8,6.0
120300.0,1383.8683543205261,2813.0,8.0,3.200000047683716,0.0,213.0,89.8,6.0
120350.0,1384.4526736736298,2813.0,8.0,3.200000047683716,0.0,213.0,89.8,6.0
120400.0,1385.0347037315369,2813.0,8.0,3.200000047683716,0.0,213.0,89.8,6.0
120450.0,1385.6204364299774,2813.0,8.0,3.200000047683716,0.0,213.0,89.8,6.0
120500.0,1386.1894555091858,2814.0,8.0,3.200000047683716,0.0,240.0,136.6,30.0
120550.0,1386.7886888980865,2814.0,8.0,3.200000047683716,0.0,240.0,136.6,30.0
120600.0,1387.380363225937,2814.0,8.0,3.200000047683716,0.0,240.0,136.6,30.0
120650.0,1387.9622344970703,2814.0,8.0,3.200000047683716,0.0,240.0,136.6,30.0
120700.0,1388.5508935451508,2814.0,8.0,3.200000047683716,0.0,240.0,136.6,30.0
120750.0,1389.1144762039185,2814.0,8.0,3.200000047683716,0.0,240.0,136.6,30.0
120800.0,1389.6656215190887,2815.0,8.0,3.0,0.0,285.0,187.6,72.0
120850.0,1390.2336118221283,2815.0,8.0,3.0,0.0,285.0,187.6,72.0
120900.0,1390.813202381134,2815.0,8.0,3.0,0.0,285.0,187.6,72.0
120950.0,1391.388251543045,2816.0,8.0,1.7999999523162842,0.0,285.0,208.2,128.0
121000.0,1391.9518105983734,2816.0,8.0,1.7999999523162842,0.0,285.0,208.2,128.0
121050.0,1392.5079183578491,2816.0,8.0,1.7999999523162842,0.0,285.0,208.2,128.0
121100.0,1393.085919380188,2816.0,8.0,1.7999999523162842,0.0,285.0,208.2,128.0
121150.0,1393.6723618507385,2816.0,8.0,1.7999999523162842,0.0,285.0,208.2,128.0
121200.0,1394.2537734508514,2817.0,1.0,0.4000000059604645,0.0,285.0,214.6,128.0
121250.0,1394.8264768123627,2819.0,1.0,0.4000000059604645,0.0,285.0,153.2,16.0
121300.0,1395.3833940029144,2819.0,1.0,0.4000000059604645,0.0,285.0,153.2,16.0
121350.0,1395.9278481006622,2819.0,1.0,0.4000000059604645,0.0,285.0,153.2,16.0
121400.0,1396.495522737503,2819.0,1.0,0.4000000059604645,0.0,285.0,153.2,16.0
121450.0,1397.0724782943726,2819.0,1.0,0.4000000059604645,0.0,285.0,153.2,16.0
121500.0,1397.6304166316986,2819.0,1.0,0.4000000059604645,0.0,285.0,153.2,16.0
121550.0,1398.2049021720886,2820.0,1.0,0.20000000298023224,0.0,269.0,150.0,16.0
121600.0,1398.7859587669373,2821.0,1.0,0.20000000298023224,0.0,269.0,124.6,16.0
121650.0,1399.370359659195,2822.0,0.0,0.0,0.0,269.0,89.0,16.0
121700.0,1399.9493691921234,2822.0,0.0,0.0,0.0,269.0,89.0,16.0
121750.0,1400.5121247768402,2823.0,0.0,0.0,0.0,269.0,100.6,16.0
121800.0,1401.068202495575,2823.0,0.0,0.0,0.0,269.0,100.6,16.0
121850.0,1401.6406185626984,2823.0,0.0,0.0,0.0,269.0,100.6,16.0
121900.0,1402.216469526291,2823.0,0.0,0.0,0.0,269.0,100.6,16.0
121950.0,1402.8049292564392,2823.0,0.0,0.0,0.0,269.0,100.6,16.0
122000.0,1403.3783435821533,2823.0,0.0,0.0,0.0,269.0,100.6,16.0
122050.0,1403.9766068458557,2823.0,0.0,0.0,0.0,269.0,100.6,16.0
122100.0,1404.5593175888062,2823.0,0.0,0.0,0.0,269.0,100.6,16.0
122150.0,1405.1512818336487,2823.0,0.0,0.0,0.0,269.0,100.6,16.0
122200.0,1405.7326076030731,2824.0,1.0,0.20000000298023224,0.0,452.0,187.8,48.0
122250.0,1406.275547504425,2824.0,1.0,0.20000000298023224,0.0,452.0,187.8,48.0
122300.0,1406.8559920787811,2824.0,1.0,0.20000000298023224,0.0,452.0,187.8,48.0
122350.0,1407.4370212554932,2824.0,1.0,0.20000000298023224,0.0,452.0,187.8,48.0
122400.0,1408.020694732666,2824.0,1.0,0.20000000298023224,0.0,452.0,187.8,48.0
122450.0,1408.5999417304993,2824.0,1.0,0.20000000298023224,0.0,452.0,187.8,48.0
122500.0,1409.1875669956207,2824.0,1.0,0.20000000298023224,0.0,452.0,187.8,48.0
122550.0,1409.77978682518,2824.0,1.0,0.20000000298023224,0.0,452.0,187.8,48.0
122600.0,1410.3630228042603,2824.0,1.0,0.20000000298023224,0.0,452.0,187.8,48.0
122650.0,1410.9313008785248,2824.0,1.0,0.20000000298023224,0.0,452.0,187.8,48.0
122700.0,1411.5086352825165,2825.0,1.0,0.20000000298023224,0.0,505.0,235.0,48.0
122750.0,1412.079320192337,2825.0,1.0,0.20000000298023224,0.0,505.0,235.0,48.0
122800.0,1412.6635229587555,2825.0,1.0,0.20000000298023224,0.0,505.0,235.0,48.0
122850.0,1413.2558498382568,2825.0,1.0,0.20000000298023224,0.0,505.0,235.0,48.0
122900.0,1413.8541247844696,2826.0,1.0,0.20000000298023224,0.0,505.0,260.2,67.0
122950.0,1414.4418501853943,2826.0,1.0,0.20000000298023224,0.0,505.0,260.2,67.0
123000.0,1415.013075351715,2826.0,1.0,0.20000000298023224,0.0,505.0,260.2,67.0
123050.0,1415.6003024578094,2826.0,1.0,0.20000000298023224,0.0,505.0,260.2,67.0
123100.0,1416.1840624809265,2826.0,1.0,0.20000000298023224,0.0,505.0,260.2,67.0
123150.0,1416.7637689113617,2827.0,1.0,0.4000000059604645,0.0,505.0,296.0,103.0
123200.0,1417.3311669826508,2827.0,1.0,0.4000000059604645,0.0,505.0,296.0,103.0
123250.0,1417.9027037620544,2827.0,1.0,0.4000000059604645,0.0,505.0,296.0,103.0
123300.0,1418.4523384571075,2827.0,1.0,0.4000000059604645,0.0,505.0,296.0,103.0
123350.0,1419.0001320838928,2827.0,1.0,0.4000000059604645,0.0,505.0,296.0,103.0
123400.0,1419.5452980995178,2828.0,2.0,0.800000011920929,0.0,505.0,331.4,174.0
123450.0,1420.1020238399506,2829.0,2.0,0.6000000238418579,0.0,505.0,248.2,36.0
123500.0,1420.6689863204956,2829.0,2.0,0.6000000238418579,0.0,505.0,248.2,36.0
123550.0,1421.2694246768951,2829.0,2.0,0.6000000238418579,0.0,505.0,248.2,36.0
123600.0,1421.840924024582,2829.0,2.0,0.6000000238418579,0.0,505.0,248.2,36.0
123650.0,1422.403699874878,2829.0,2.0,0.6000000238418579,0.0,505.0,248.2,36.0
123700.0,1422.975961446762,2829.0,2.0,0.6000000238418579,0.0,505.0,248.2,36.0
123750.0,1423.5630128383636,2829.0,2.0,0.6000000238418579,0.0,505.0,248.2,36.0
123800.0,1424.1448423862457,2829.0,2.0,0.6000000238418579,0.0,505.0,248.2,36.0
123850.0,1424.732859134674,2830.0,2.0,0.800000011920929,0.0,394.0,226.0,36.0
123900.0,1425.2933008670807,2830.0,2.0,0.800000011920929,0.0,394.0,226.0,36.0
123950.0,1425.8756937980652,2830.0,2.0,0.800000011920929,0.0,394.0,226.0,36.0
124000.0,1426.444665670395,2830.0,2.0,0.800000011920929,0.0,394.0,226.0,36.0
124050.0,1427.0451221466064,2830.0,2.0,0.800000011920929,0.0,394.0,226.0,36.0
124100.0,1427.6239218711853,2830.0,2.0,0.800000011920929,0.0,394.0,226.0,36.0
124150.0,1428.2149622440338,2831.0,2.0,1.2000000476837158,0.0,394.0,252.2,36.0
124200.0,1428.7852766513824,2831.0,2.0,1.2000000476837158,0.0,394.0,252.2,36.0
124250.0,1429.3459038734436,2832.0,2.0,1.0,0.0,394.0,226.6,36.0
124300.0,1429.9037363529205,2832.0,2.0,1.0,0.0,394.0,226.6,36.0
124350.0,1430.480256319046,2832.0,2.0,1.0,0.0,394.0,226.6,36.0
124400.0,1431.0672273635864,2833.0,2.0,0.6000000238418579,0.0,394.0,200.0,36.0
124450.0,1431.6266512870789,2835.0,2.0,0.4000000059604645,0.0,305.0,123.2,23.0
124500.0,1432.2012803554535,2836.0,0.0,0.0,0.0,147.0,73.0,23.0
124550.0,1432.787142276764,2836.0,0.0,0.0,0.0,147.0,73.0,23.0
124600.0,1433.3808546066284,2836.0,0.0,0.0,0.0,147.0,73.0,23.0
124650.0,1433.9614930152893,2836.0,0.0,0.0,0.0,147.0,73.0,23.0
124700.0,1434.544715166092,2836.0,0.0,0.0,0.0,147.0,73.0,23.0
124750.0,1435.109417438507,2836.0,0.0,0.0,0.0,147.0,73.0,23.0
124800.0,1435.7032632827759,2836.0,0.0,0.0,0.0,147.0,73.0,23.0
124850.0,1436.297110080719,2837.0,1.0,0.20000000298023224,0.0,340.0,117.4,23.0
124900.0,1436.8690748214722,2837.0,1.0,0.20000000298023224,0.0,340.0,117.4,23.0
124950.0,1437.4567954540253,2838.0,1.0,0.20000000298023224,0.0,340.0,111.0,23.0
125000.0,1438.0505023002625,2838.0,1.0,0.20000000298023224,0.0,340.0,111.0,23.0
125050.0,1438.6356756687164,2839.0,1.0,0.4000000059604645,0.0,340.0,123.4,23.0
125100.0,1439.200992822647,2839.0,1.0,0.4000000059604645,0.0,340.0,123.4,23.0
125150.0,1439.7808661460876,2839.0,1.0,0.4000000059604645,0.0,340.0,123.4,23.0
125200.0,1440.3653674125671,2839.0,1.0,0.4000000059604645,0.0,340.0,123.4,23.0
125250.0,1440.9356808662415,2839.0,1.0,0.4000000059604645,0.0,340.0,123.4,23.0
125300.0,1441.483151435852,2840.0,1.0,0.4000000059604645,0.0,340.0,170.2,54.0
125350.0,1442.0257709026337,2841.0,1.0,0.4000000059604645,0.0,340.0,166.0,33.0
125400.0,1442.5732531547546,2842.0,1.0,0.20000000298023224,0.0,257.0,112.0,33.0
125450.0,1443.1412048339844,2843.0,1.0,0.20000000298023224,0.0,257.0,100.2,33.0
125500.0,1443.715496301651,2843.0,1.0,0.20000000298023224,0.0,257.0,100.2,33.0
125550.0,1444.2964265346527,2844.0,0.0,0.0,0.0,257.0,102.6,33.0
125600.0,1444.8934483528137,2845.0,0.0,0.0,0.0,97.0,61.6,33.0
125650.0,1445.477759361267,2845.0,0.0,0.0,0.0,97.0,61.6,33.0
125700.0,1446.0720372200012,2845.0,0.0,0.0,0.0,97.0,61.6,33.0
125750.0,1446.660227060318,2845.0,0.0,0.0,0.0,97.0,61.6,33.0
125800.0,1447.2567446231842,2845.0,0.0,0.0,0.0,97.0,61.6,33.0
125850.0,1447.8307013511658,2845.0,0.0,0.0,0.0,97.0,61.6,33.0
125900.0,1448.3963646888733,2846.0,3.0,0.6000000238418579,0.0,293.0,113.6,52.0
125950.0,1448.9800612926483,2846.0,3.0,0.6000000238418579,0.0,293.0,113.6,52.0
126000.0,1449.556571006775,2846.0,3.0,0.6000000238418579,0.0,293.0,113.6,52.0
126050.0,1450.159190416336,2847.0,3.0,0.800000011920929,0.0,293.0,128.0,52.0
126100.0,1450.7510876655579,2847.0,3.0,0.800000011920929,0.0,293.0,128.0,52.0
126150.0,1451.3449642658234,2848.0,3.0,1.0,0.0,293.0,137.4,52.0
126200.0,1451.941209077835,2849.0,3.0,1.0,0.0,293.0,130.4,52.0
126250.0,1452.5272603034973,2849.0,3.0,1.0,0.0,293.0,130.4,52.0
126300.0,1453.1058433055878,2849.0,3.0,1.0,0.0,293.0,130.4,52.0
126350.0,1453.6958055496216,2849.0,3.0,1.0,0.0,293.0,130.4,52.0
126400.0,1454.2884447574615,2849.0,3.0,1.0,0.0,293.0,130.4,52.0
126450.0,1454.8765935897827,2849.0,3.0,1.0,0.0,293.0,130.4,52.0
126500.0,1455.468095779419,2849.0,3.0,1.0,0.0,293.0,130.4,52.0
126550.0,1456.0263817310333,2849.0,3.0,1.0,0.0,293.0,130.4,52.0
126600.0,1456.616510629654,2849.0,3.0,1.0,0.0,293.0,130.4,52.0
126650.0,1457.2056572437286,2849.0,3.0,1.0,0.0,293.0,130.4,52.0
126700.0,1457.7913677692413,2850.0,6.0,2.200000047683716,0.0,480.0,216.0,62.0
126750.0,1458.371078968048,2850.0,6.0,2.200000047683716,0.0,480.0,216.0,62.0
126800.0,1458.9475734233856,2850.0,6.0,2.200000047683716,0.0,480.0,216.0,62.0
126850.0,1459.540431022644,2850.0,6.0,2.200000047683716,0.0,480.0,216.0,62.0
126900.0,1460.1360185146332,2850.0,6.0,2.200000047683716,0.0,480.0,216.0,62.0
126950.0,1460.7278513908386,2850.0,6.0,2.200000047683716,0.0,480.0,216.0,62.0
127000.0,1461.322628736496,2850.0,6.0,2.200000047683716,0.0,480.0,216.0,62.0
127050.0,1461.9079432487488,2850.0,6.0,2.200000047683716,0.0,480.0,216.0,62.0
127100.0,1462.485991716385,2850.0,6.0,2.200000047683716,0.0,480.0,216.0,62.0
127150.0,1463.0664496421814,2850.0,6.0,2.200000047683716,0.0,480.0,216.0,62.0
127200.0,1463.6597955226898,2850.0,6.0,2.200000047683716,0.0,480.0,216.0,62.0
127250.0,1464.2569057941437,2850.0,6.0,2.200000047683716,0.0,480.0,216.0,62.0
127300.0,1464.816371679306,2850.0,6.0,2.200000047683716,0.0,480.0,216.0,62.0
127350.0,1465.3794510364532,2850.0,6.0,2.200000047683716,0.0,480.0,216.0,62.0
127400.0,1465.944430589676,2850.0,6.0,2.200000047683716,0.0,480.0,216.0,62.0
127450.0,1466.5284357070923,2850.0,6.0,2.200000047683716,0.0,480.0,216.0,62.0
127500.0,1467.1122963428497,2850.0,6.0,2.200000047683716,0.0,480.0,216.0,62.0
127550.0,1467.6742918491364,2850.0,6.0,2.200000047683716,0.0,480.0,216.0,62.0
127600.0,1468.2665057182312,2851.0,6.0,2.4000000953674316,0.0,905.0,338.4,62.0
127650.0,1468.8424785137177,2851.0,6.0,2.4000000953674316,0.0,905.0,338.4,62.0
127700.0,1469.4372775554657,2852.0,6.0,2.200000047683716,0.0,905.0,332.0,62.0
127750.0,1470.0399949550629,2852.0,6.0,2.200000047683716,0.0,905.0,332.0,62.0
127800.0,1470.6355443000793,2852.0,6.0,2.200000047683716,0.0,905.0,332.0,62.0
127850.0,1471.2345039844513,2853.0,6.0,2.0,0.0,905.0,339.4,62.0
127900.0,1471.82462143898,2853.0,6.0,2.0,0.0,905.0,339.4,62.0
127950.0,1472.4041349887848,2853.0,6.0,2.0,0.0,905.0,339.4,62.0
128000.0,1472.9840919971466,2853.0,6.0,2.0,0.0,905.0,339.4,62.0
128050.0,1473.5787630081177,2854.0,6.0,2.0,0.0,905.0,364.0,110.0
128100.0,1474.1721062660217,2854.0,6.0,2.0,0.0,905.0,364.0,110.0
128150.0,1474.7503786087036,2854.0,6.0,2.0,0.0,905.0,364.0,110.0
128200.0,1475.3442449569702,2854.0,6.0,2.0,0.0,905.0,364.0,110.0
128250.0,1475.9352777004242,2854.0,6.0,2.0,0.0,905.0,364.0,110.0
128300.0,1476.5147814750671,2854.0,6.0,2.0,0.0,905.0,364.0,110.0
128350.0,1477.083410024643,2855.0,4.0,0.800000011920929,0.0,905.0,332.4,110.0
128400.0,1477.6445829868317,2855.0,4.0,0.800000011920929,0.0,905.0,332.4,110.0
128450.0,1478.2239611148834,2855.0,4.0,0.800000011920929,0.0,905.0,332.4,110.0
128500.0,1478.8010294437408,2855.0,4.0,0.800000011920929,0.0,905.0,332.4,110.0
128550.0,1479.3816661834717,2855.0,4.0,0.800000011920929,0.0,905.0,332.4,110.0
128600.0,1479.9601669311523,2855.0,4.0,0.800000011920929,0.0,905.0,332.4,110.0
128650.0,1480.5583248138428,2855.0,4.0,0.800000011920929,0.0,905.0,332.4,110.0
128700.0,1481.1550869941711,2855.0,4.0,0.800000011920929,0.0,905.0,332.4,110.0
128750.0,1481.7396175861359,2855.0,4.0,0.800000011920929,0.0,905.0,332.4,110.0
128800.0,1482.3146481513977,2855.0,4.0,0.800000011920929,0.0,905.0,332.4,110.0
128850.0,1482.8989629745483,2856.0,2.0,0.4000000059604645,0.0,487.0,248.8,110.0
128900.0,1483.4942154884338,2856.0,2.0,0.4000000059604645,0.0,487.0,248.8,110.0
128950.0,1484.0841810703278,2856.0,2.0,0.4000000059604645,0.0,487.0,248.8,110.0
129000.0,1484.6646556854248,2857.0,2.0,0.6000000238418579,0.0,487.0,255.0,140.0
129050.0,1485.2492997646332,2857.0,2.0,0.6000000238418579,0.0,487.0,255.0,140.0
129100.0,1485.8472080230713,2857.0,2.0,0.6000000238418579,0.0,487.0,255.0,140.0
129150.0,1486.4167268276215,2857.0,2.0,0.6000000238418579,0.0,487.0,255.0,140.0
129200.0,1486.9955172538757,2858.0,2.0,0.800000011920929,0.0,487.0,272.2,141.0
129250.0,1487.5627398490906,2858.0,2.0,0.800000011920929,0.0,487.0,272.2,141.0
129300.0,1488.132596731186,2858.0,2.0,0.800000011920929,0.0,487.0,272.2,141.0
129350.0,1488.7052659988403,2858.0,2.0,0.800000011920929,0.0,487.0,272.2,141.0
129400.0,1489.302353143692,2859.0,2.0,1.2000000476837158,0.0,487.0,273.0,141.0
129450.0,1489.8939259052277,2859.0,2.0,1.2000000476837158,0.0,487.0,273.0,141.0
129500.0,1490.468646287918,2860.0,2.0,1.2000000476837158,0.0,487.0,230.8,111.0
129550.0,1491.053923368454,2860.0,2.0,1.2000000476837158,0.0,487.0,230.8,111.0
129600.0,1491.6531157493591,2861.0,2.0,1.0,0.0,226.0,154.0,103.0
129650.0,1492.2444038391113,2862.0,2.0,0.800000011920929,0.0,226.0,130.0,21.0
129700.0,1492.839770078659,2864.0,1.0,0.20000000298023224,0.0,111.0,61.2,16.0
129750.0,1493.4327139854431,2865.0,1.0,0.20000000298023224,0.0,103.0,50.8,16.0
129800.0,1494.030267238617,2866.0,0.0,0.0,0.0,59.0,37.4,16.0
129850.0,1494.6108946800232,2866.0,0.0,0.0,0.0,59.0,37.4,16.0
129900.0,1495.1968479156494,2866.0,0.0,0.0,0.0,59.0,37.4,16.0
129950.0,1495.751974105835,2866.0,0.0,0.0,0.0,59.0,37.4,16.0
130000.0,1496.3359062671661,2867.0,1.0,0.20000000298023224,0.0,199.0,73.0,16.0
130050.0,1496.922613620758,2867.0,1.0,0.20000000298023224,0.0,199.0,73.0,16.0
130100.0,1497.5057291984558,2867.0,1.0,0.20000000298023224,0.0,199.0,73.0,16.0
130150.0,1498.0924286842346,2867.0,1.0,0.20000000298023224,0.0,199.0,73.0,16.0
130200.0,1498.666900396347,2867.0,1.0,0.20000000298023224,0.0,199.0,73.0,16.0
130250.0,1499.2316081523895,2867.0,1.0,0.20000000298023224,0.0,199.0,73.0,16.0
130300.0,1499.797197818756,2867.0,1.0,0.20000000298023224,0.0,199.0,73.0,16.0
130350.0,1500.3784968852997,2867.0,1.0,0.20000000298023224,0.0,199.0,73.0,16.0
130400.0,1500.9565768241882,2867.0,1.0,0.20000000298023224,0.0,199.0,73.0,16.0
130450.0,1501.559888601303,2867.0,1.0,0.20000000298023224,0.0,199.0,73.0,16.0
130500.0,1502.144379377365,2868.0,1.0,0.4000000059604645,0.0,515.0,165.0,16.0
130550.0,1502.7362158298492,2869.0,1.0,0.4000000059604645,0.0,515.0,172.6,36.0
130600.0,1503.31107711792,2869.0,1.0,0.4000000059604645,0.0,515.0,172.6,36.0
130650.0,1503.8888220787048,2869.0,1.0,0.4000000059604645,0.0,515.0,172.6,36.0
130700.0,1504.4847974777222,2869.0,1.0,0.4000000059604645,0.0,515.0,172.6,36.0
130750.0,1505.0479249954224,2869.0,1.0,0.4000000059604645,0.0,515.0,172.6,36.0
130800.0,1505.623233795166,2869.0,1.0,0.4000000059604645,0.0,515.0,172.6,36.0
130850.0,1506.2025356292725,2869.0,1.0,0.4000000059604645,0.0,515.0,172.6,36.0
130900.0,1506.7876970767975,2869.0,1.0,0.4000000059604645,0.0,515.0,172.6,36.0
130950.0,1507.3771529197693,2869.0,1.0,0.4000000059604645,0.0,515.0,172.6,36.0
131000.0,1507.957123041153,2869.0,1.0,0.4000000059604645,0.0,515.0,172.6,36.0
131050.0,1508.5530865192413,2869.0,1.0,0.4000000059604645,0.0,515.0,172.6,36.0
131100.0,1509.1457250118256,2870.0,4.0,1.2000000476837158,0.0,526.0,266.0,36.0
131150.0,1509.7271008491516,2870.0,4.0,1.2000000476837158,0.0,526.0,266.0,36.0
131200.0,1510.3040158748627,2870.0,4.0,1.2000000476837158,0.0,526.0,266.0,36.0
131250.0,1510.8780586719513,2870.0,4.0,1.2000000476837158,0.0,526.0,266.0,36.0
131300.0,1511.4420592784882,2871.0,4.0,1.2000000476837158,0.0,526.0,298.8,54.0
131350.0,1512.0268251895905,2872.0,4.0,1.0,0.0,526.0,270.0,54.0
131400.0,1512.5922870635986,2873.0,4.0,1.2000000476837158,0.0,526.0,179.0,54.0
131450.0,1513.1799528598785,2874.0,4.0,1.2000000476837158,0.0,526.0,176.2,40.0
131500.0,1513.7779953479767,2874.0,4.0,1.2000000476837158,0.0,526.0,176.2,40.0
131550.0,1514.3446600437164,2874.0,4.0,1.2000000476837158,0.0,526.0,176.2,40.0
131600.0,1514.9402825832367,2874.0,4.0,1.2000000476837158,0.0,526.0,176.2,40.0
131650.0,1515.5178561210632,2874.0,4.0,1.2000000476837158,0.0,526.0,176.2,40.0
131700.0,1516.108796596527,2874.0,4.0,1.2000000476837158,0.0,526.0,176.2,40.0
131750.0,1516.7085921764374,2875.0,2.0,0.6000000238418579,0.0,287.0,128.4,40.0
131800.0,1517.3045268058777,2875.0,2.0,0.6000000238418579,0.0,287.0,128.4,40.0
131850.0,1517.905509710312,2876.0,2.0,0.6000000238418579,0.0,287.0,113.4,40.0
131900.0,1518.4759945869446,2876.0,2.0,0.6000000238418579,0.0,287.0,113.4,40.0
131950.0,1519.0640029907227,2876.0,2.0,0.6000000238418579,0.0,287.0,113.4,40.0
132000.0,1519.6611170768738,2876.0,2.0,0.6000000238418579,0.0,287.0,113.4,40.0
132050.0,1520.253680229187,2877.0,2.0,0.6000000238418579,0.0,287.0,143.6,40.0
132100.0,1520.8495161533356,2877.0,2.0,0.6000000238418579,0.0,287.0,143.6,40.0
132150.0,1521.4356138706207,2877.0,2.0,0.6000000238418579,0.0,287.0,143.6,40.0
132200.0,1522.0348258018494,2878.0,1.0,0.4000000059604645,0.0,287.0,155.2,40.0
132250.0,1522.6287949085236,2879.0,1.0,0.4000000059604645,0.0,287.0,162.0,74.0
132300.0,1523.2206914424896,2879.0,1.0,0.4000000059604645,0.0,287.0,162.0,74.0
132350.0,1523.8017587661743,2880.0,1.0,0.20000000298023224,0.0,206.0,122.6,74.0
132400.0,1524.3723323345184,2881.0,1.0,0.20000000298023224,0.0,206.0,106.2,43.0
132450.0,1524.9787731170654,2881.0,1.0,0.20000000298023224,0.0,206.0,106.2,43.0
132500.0,1525.5774347782135,2881.0,1.0,0.20000000298023224,0.0,206.0,106.2,43.0
132550.0,1526.164255142212,2881.0,1.0,0.20000000298023224,0.0,206.0,106.2,43.0
132600.0,1526.7546708583832,2881.0,1.0,0.20000000298023224,0.0,206.0,106.2,43.0
132650.0,1527.3245735168457,2882.0,1.0,0.20000000298023224,0.0,265.0,118.0,43.0
132700.0,1527.880136013031,2883.0,0.0,0.0,0.0,265.0,104.2,43.0
132750.0,1528.444396495819,2885.0,0.0,0.0,0.0,265.0,83.4,15.0
132800.0,1529.0327763557434,2886.0,0.0,0.0,0.0,265.0,82.4,15.0
132850.0,1529.6121871471405,2886.0,0.0,0.0,0.0,265.0,82.4,15.0
132900.0,1530.1855425834656,2886.0,0.0,0.0,0.0,265.0,82.4,15.0
132950.0,1530.779831647873,2886.0,0.0,0.0,0.0,265.0,82.4,15.0
133000.0,1531.3839416503906,2886.0,0.0,0.0,0.0,265.0,82.4,15.0
133050.0,1531.9722545146942,2887.0,0.0,0.0,0.0,229.0,75.2,15.0
133100.0,1532.5436573028564,2887.0,0.0,0.0,0.0,229.0,75.2,15.0
133150.0,1533.116914510727,2887.0,0.0,0.0,0.0,229.0,75.2,15.0
133200.0,1533.6934833526611,2887.0,0.0,0.0,0.0,229.0,75.2,15.0
133250.0,1534.2561707496643,2888.0,0.0,0.0,0.0,229.0,110.6,15.0
133300.0,1534.8257093429565,2888.0,0.0,0.0,0.0,229.0,110.6,15.0
133350.0,1535.408529996872,2889.0,0.0,0.0,0.0,229.0,115.8,15.0
133400.0,1536.0084965229034,2889.0,0.0,0.0,0.0,229.0,115.8,15.0
133450.0,1536.5997517108917,2889.0,0.0,0.0,0.0,229.0,115.8,15.0
133500.0,1537.1634595394135,2890.0,0.0,0.0,0.0,229.0,144.6,38.0
133550.0,1537.7323987483978,2890.0,0.0,0.0,0.0,229.0,144.6,38.0
133600.0,1538.3100748062134,2891.0,0.0,0.0,0.0,229.0,157.0,71.0
133650.0,1538.9013636112213,2891.0,0.0,0.0,0.0,229.0,157.0,71.0
133700.0,1539.4885630607605,2891.0,0.0,0.0,0.0,229.0,157.0,71.0
133750.0,1540.091659784317,2892.0,1.0,0.20000000298023224,0.0,226.0,142.2,71.0
133800.0,1540.6649973392487,2893.0,1.0,0.20000000298023224,0.0,159.0,108.2,56.0
133850.0,1541.2490730285645,2893.0,1.0,0.20000000298023224,0.0,159.0,108.2,56.0
133900.0,1541.8490252494812,2893.0,1.0,0.20000000298023224,0.0,159.0,108.2,56.0
133950.0,1542.4366028308868,2893.0,1.0,0.20000000298023224,0.0,159.0,108.2,56.0
134000.0,1542.9924817085266,2893.0,1.0,0.20000000298023224,0.0,159.0,108.2,56.0
134050.0,1543.5695559978485,2895.0,2.0,0.6000000238418579,0.0,238.0,114.0,21.0
134100.0,1544.1610646247864,2895.0,2.0,0.6000000238418579,0.0,238.0,114.0,21.0
134150.0,1544.7574815750122,2895.0,2.0,0.6000000238418579,0.0,238.0,114.0,21.0
134200.0,1545.3522107601166,2896.0,2.0,0.800000011920929,0.0,238.0,125.0,21.0
134250.0,1545.9575340747833,2896.0,2.0,0.800000011920929,0.0,238.0,125.0,21.0
134300.0,1546.5349311828613,2896.0,2.0,0.800000011920929,0.0,238.0,125.0,21.0
134350.0,1547.135709285736,2896.0,2.0,0.800000011920929,0.0,238.0,125.0,21.0
134400.0,1547.7287421226501,2897.0,2.0,0.6000000238418579,0.0,238.0,133.0,21.0
134450.0,1548.301408290863,2897.0,2.0,0.6000000238418579,0.0,238.0,133.0,21.0
134500.0,1548.8804931640625,2898.0,2.0,0.6000000238418579,0.0,238.0,142.4,21.0
134550.0,1549.4456987380981,2898.0,2.0,0.6000000238418579,0.0,238.0,142.4,21.0
134600.0,1550.0313980579376,2899.0,1.0,0.20000000298023224,0.0,195.0,112.6,21.0
134650.0,1550.634482383728,2899.0,1.0,0.20000000298023224,0.0,195.0,112.6,21.0
134700.0,1551.221387386322,2899.0,1.0,0.20000000298023224,0.0,195.0,112.6,21.0
134750.0,1551.8127686977386,2900.0,1.0,0.20000000298023224,0.0,195.0,140.8,89.0
134800.0,1552.35582447052,2901.0,0.0,0.0,0.0,195.0,117.0,36.0
134850.0,1552.9199213981628,2901.0,0.0,0.0,0.0,195.0,117.0,36.0
134900.0,1553.5170991420746,2901.0,0.0,0.0,0.0,195.0,117.0,36.0
134950.0,1554.1037392616272,2901.0,0.0,0.0,0.0,195.0,117.0,36.0
135000.0,1554.705332994461,2902.0,0.0,0.0,0.0,201.0,118.2,36.0
135050.0,1555.275821685791,2902.0,0.0,0.0,0.0,201.0,118.2,36.0
135100.0,1555.8671834468842,2903.0,0.0,0.0,0.0,201.0,119.4,36.0
135150.0,1556.4610867500305,2904.0,0.0,0.0,0.0,201.0,109.8,36.0
135200.0,1557.0329871177673,2904.0,0.0,0.0,0.0,201.0,109.8,36.0
135250.0,1557.60049366951,2904.0,0.0,0.0,0.0,201.0,109.8,36.0
135300.0,1558.1607835292816,2905.0,0.0,0.0,0.0,201.0,107.2,36.0
135350.0,1558.7407116889954,2905.0,0.0,0.0,0.0,201.0,107.2,36.0
135400.0,1559.3288440704346,2906.0,0.0,0.0,0.0,201.0,121.8,41.0
135450.0,1559.9057295322418,2906.0,0.0,0.0,0.0,201.0,121.8,41.0
135500.0,1560.4906902313232,2906.0,0.0,0.0,0.0,201.0,121.8,41.0
135550.0,1561.0677771568298,2907.0,0.0,0.0,0.0,151.0,111.8,41.0
135600.0,1561.6358981132507,2907.0,0.0,0.0,0.0,151.0,111.8,41.0
135650.0,1562.219759464264,2907.0,0.0,0.0,0.0,151.0,111.8,41.0
135700.0,1562.7912139892578,2907.0,0.0,0.0,0.0,151.0,111.8,41.0
135750.0,1563.3477969169617,2907.0,0.0,0.0,0.0,151.0,111.8,41.0
135800.0,1563.9281725883484,2907.0,0.0,0.0,0.0,151.0,111.8,41.0
135850.0,1564.5161938667297,2907.0,0.0,0.0,0.0,151.0,111.8,41.0
135900.0,1565.0968434810638,2907.0,0.0,0.0,0.0,151.0,111.8,41.0
135950.0,1565.6974084377289,2907.0,0.0,0.0,0.0,151.0,111.8,41.0
136000.0,1566.2541751861572,2907.0,0.0,0.0,0.0,151.0,111.8,41.0
136050.0,1566.8333990573883,2907.0,0.0,0.0,0.0,151.0,111.8,41.0
136100.0,1567.423155784607,2907.0,0.0,0.0,0.0,151.0,111.8,41.0
136150.0,1568.0041604042053,2907.0,0.0,0.0,0.0,151.0,111.8,41.0
136200.0,1568.5844478607178,2908.0,1.0,0.20000000298023224,0.0,650.0,220.0,41.0
136250.0,1569.1544959545135,2908.0,1.0,0.20000000298023224,0.0,650.0,220.0,41.0
136300.0,1569.7479453086853,2908.0,1.0,0.20000000298023224,0.0,650.0,220.0,41.0
136350.0,1570.3393721580505,2909.0,1.0,0.20000000298023224,0.0,650.0,240.2,109.0
136400.0,1570.9164834022522,2909.0,1.0,0.20000000298023224,0.0,650.0,240.2,109.0
136450.0,1571.4807081222534,2909.0,1.0,0.20000000298023224,0.0,650.0,240.2,109.0
136500.0,1572.0640029907227,2909.0,1.0,0.20000000298023224,0.0,650.0,240.2,109.0
136550.0,1572.6440060138702,2909.0,1.0,0.20000000298023224,0.0,650.0,240.2,109.0
136600.0,1573.2363586425781,2909.0,1.0,0.20000000298023224,0.0,650.0,240.2,109.0
136650.0,1573.8424363136292,2910.0,1.0,0.20000000298023224,0.0,650.0,273.0,109.0
136700.0,1574.414089679718,2910.0,1.0,0.20000000298023224,0.0,650.0,273.0,109.0
136750.0,1575.0088109970093,2910.0,1.0,0.20000000298023224,0.0,650.0,273.0,109.0
136800.0,1575.5973477363586,2911.0,1.0,0.4000000059604645,0.0,650.0,275.4,121.0
136850.0,1576.1865599155426,2911.0,1.0,0.4000000059604645,0.0,650.0,275.4,121.0
136900.0,1576.7761282920837,2911.0,1.0,0.4000000059604645,0.0,650.0,275.4,121.0
136950.0,1577.3496067523956,2911.0,1.0,0.4000000059604645,0.0,650.0,275.4,121.0
137000.0,1577.9161055088043,2911.0,1.0,0.4000000059604645,0.0,650.0,275.4,121.0
137050.0,1578.4776599407196,2911.0,1.0,0.4000000059604645,0.0,650.0,275.4,121.0
137100.0,1579.0393991470337,2912.0,1.0,0.6000000238418579,0.0,650.0,309.6,121.0
137150.0,1579.6088740825653,2912.0,1.0,0.6000000238418579,0.0,650.0,309.6,121.0
137200.0,1580.177896976471,2912.0,1.0,0.6000000238418579,0.0,650.0,309.6,121.0
137250.0,1580.7604212760925,2912.0,1.0,0.6000000238418579,0.0,650.0,309.6,121.0
137300.0,1581.3565163612366,2912.0,1.0,0.6000000238418579,0.0,650.0,309.6,121.0
137350.0,1581.9521720409393,2913.0,1.0,0.4000000059604645,0.0,322.0,228.0,121.0
137400.0,1582.5489976406097,2914.0,1.0,0.6000000238418579,0.0,322.0,210.4,54.0
137450.0,1583.129365682602,2915.0,1.0,0.6000000238418579,0.0,322.0,156.0,41.0
137500.0,1583.7328641414642,2915.0,1.0,0.6000000238418579,0.0,322.0,156.0,41.0
137550.0,1584.3289852142334,2915.0,1.0,0.6000000238418579,0.0,322.0,156.0,41.0
137600.0,1584.9244782924652,2915.0,1.0,0.6000000238418579,0.0,322.0,156.0,41.0
137650.0,1585.5063931941986,2915.0,1.0,0.6000000238418579,0.0,322.0,156.0,41.0
137700.0,1586.1044011116028,2915.0,1.0,0.6000000238418579,0.0,322.0,156.0,41.0
137750.0,1586.688451051712,2916.0,1.0,0.6000000238418579,0.0,322.0,194.8,41.0
137800.0,1587.2822184562683,2917.0,1.0,0.4000000059604645,0.0,315.0,138.4,40.0
137850.0,1587.8848462104797,2917.0,1.0,0.4000000059604645,0.0,315.0,138.4,40.0
137900.0,1588.491862297058,2917.0,1.0,0.4000000059604645,0.0,315.0,138.4,40.0
137950.0,1589.0876247882843,2917.0,1.0,0.4000000059604645,0.0,315.0,138.4,40.0
138000.0,1589.6758317947388,2917.0,1.0,0.4000000059604645,0.0,315.0,138.4,40.0
138050.0,1590.2473449707031,2917.0,1.0,0.4000000059604645,0.0,315.0,138.4,40.0
138100.0,1590.842580318451,2917.0,1.0,0.4000000059604645,0.0,315.0,138.4,40.0
138150.0,1591.408050775528,2918.0,1.0,0.6000000238418579,0.0,365.0,163.0,40.0
138200.0,1591.9724423885345,2918.0,1.0,0.6000000238418579,0.0,365.0,163.0,40.0
138250.0,1592.5426487922668,2919.0,1.0,0.6000000238418579,0.0,365.0,169.2,40.0
138300.0,1593.1220316886902,2920.0,1.0,0.6000000238418579,0.0,365.0,172.0,40.0
138350.0,1593.720960855484,2920.0,1.0,0.6000000238418579,0.0,365.0,172.0,40.0
138400.0,1594.3042378425598,2920.0,1.0,0.6000000238418579,0.0,365.0,172.0,40.0
138450.0,1594.890763759613,2920.0,1.0,0.6000000238418579,0.0,365.0,172.0,40.0
138500.0,1595.4682276248932,2920.0,1.0,0.6000000238418579,0.0,365.0,172.0,40.0
138550.0,1596.052491903305,2921.0,1.0,0.4000000059604645,0.0,365.0,159.0,40.0
138600.0,1596.6357848644257,2921.0,1.0,0.4000000059604645,0.0,365.0,159.0,40.0
138650.0,1597.2383511066437,2921.0,1.0,0.4000000059604645,0.0,365.0,159.0,40.0
138700.0,1597.8234169483185,2922.0,1.0,0.4000000059604645,0.0,365.0,179.0,55.0
138750.0,1598.4044194221497,2923.0,1.0,0.20000000298023224,0.0,250.0,120.4,55.0
138800.0,1598.9735310077667,2923.0,1.0,0.20000000298023224,0.0,250.0,120.4,55.0
138850.0,1599.5573379993439,2924.0,1.0,0.20000000298023224,0.0,250.0,122.4,55.0
138900.0,1600.156814813614,2924.0,1.0,0.20000000298023224,0.0,250.0,122.4,55.0
138950.0,1600.7479076385498,2925.0,1.0,0.20000000298023224,0.0,250.0,132.0,72.0
139000.0,1601.3117544651031,2926.0,1.0,0.4000000059604645,0.0,140.0,90.2,41.0
139050.0,1601.8806779384613,2927.0,1.0,0.4000000059604645,0.0,103.0,73.6,41.0
139100.0,1602.458565235138,2928.0,1.0,0.4000000059604645,0.0,103.0,68.6,41.0
139150.0,1603.0411512851715,2928.0,1.0,0.4000000059604645,0.0,103.0,68.6,41.0
139200.0,1603.6436047554016,2928.0,1.0,0.4000000059604645,0.0,103.0,68.6,41.0
139250.0,1604.2172102928162,2928.0,1.0,0.4000000059604645,0.0,103.0,68.6,41.0
139300.0,1604.808767080307,2929.0,1.0,0.4000000059604645,0.0,192.0,88.0,41.0
139350.0,1605.4090206623077,2929.0,1.0,0.4000000059604645,0.0,192.0,88.0,41.0
139400.0,1606.0055313110352,2929.0,1.0,0.4000000059604645,0.0,192.0,88.0,41.0
139450.0,1606.5881493091583,2929.0,1.0,0.4000000059604645,0.0,192.0,88.0,41.0
139500.0,1607.1599180698395,2929.0,1.0,0.4000000059604645,0.0,192.0,88.0,41.0
139550.0,1607.7530739307404,2929.0,1.0,0.4000000059604645,0.0,192.0,88.0,41.0
139600.0,1608.3240838050842,2929.0,1.0,0.4000000059604645,0.0,192.0,88.0,41.0
139650.0,1608.88862657547,2929.0,1.0,0.4000000059604645,0.0,192.0,88.0,41.0
139700.0,1609.4766061306,2929.0,1.0,0.4000000059604645,0.0,192.0,88.0,41.0
139750.0,1610.0480349063873,2929.0,1.0,0.4000000059604645,0.0,192.0,88.0,41.0
139800.0,1610.632038116455,2929.0,1.0,0.4000000059604645,0.0,192.0,88.0,41.0
139850.0,1611.217025756836,2929.0,1.0,0.4000000059604645,0.0,192.0,88.0,41.0
139900.0,1611.8169722557068,2929.0,1.0,0.4000000059604645,0.0,192.0,88.0,41.0
139950.0,1612.410086631775,2930.0,1.0,0.4000000059604645,0.0,648.0,197.0,41.0
140000.0,1613.011628627777,2930.0,1.0,0.4000000059604645,0.0,648.0,197.0,41.0
140050.0,1613.5945692062378,2930.0,1.0,0.4000000059604645,0.0,648.0,197.0,41.0
140100.0,1614.1785526275635,2931.0,1.0,0.20000000298023224,0.0,648.0,220.8,47.0
140150.0,1614.7729098796844,2932.0,1.0,0.20000000298023224,0.0,648.0,213.4,20.0
140200.0,1615.3657109737396,2932.0,1.0,0.20000000298023224,0.0,648.0,213.4,20.0
140250.0,1615.948515176773,2932.0,1.0,0.20000000298023224,0.0,648.0,213.4,20.0
140300.0,1616.5370070934296,2932.0,1.0,0.20000000298023224,0.0,648.0,213.4,20.0
140350.0,1617.1056582927704,2932.0,1.0,0.20000000298023224,0.0,648.0,213.4,20.0
140400.0,1617.6921544075012,2932.0,1.0,0.20000000298023224,0.0,648.0,213.4,20.0
140450.0,1618.2479915618896,2933.0,2.0,0.6000000238418579,0.0,648.0,271.0,20.0
140500.0,1618.8285629749298,2933.0,2.0,0.6000000238418579,0.0,648.0,271.0,20.0
140550.0,1619.4113006591797,2934.0,2.0,0.6000000238418579,0.0,648.0,252.4,20.0
140600.0,1619.969626903534,2935.0,2.0,0.6000000238418579,0.0,335.0,130.0,20.0
140650.0,1620.5346789360046,2936.0,2.0,0.6000000238418579,0.0,335.0,108.0,20.0
140700.0,1621.1159710884094,2936.0,2.0,0.6000000238418579,0.0,335.0,108.0,20.0
140750.0,1621.7074987888336,2936.0,2.0,0.6000000238418579,0.0,335.0,108.0,20.0
140800.0,1622.3016705513,2936.0,2.0,0.6000000238418579,0.0,335.0,108.0,20.0
140850.0,1622.901022195816,2937.0,2.0,0.6000000238418579,0.0,335.0,145.2,36.0
140900.0,1623.5051288604736,2937.0,2.0,0.6000000238418579,0.0,335.0,145.2,36.0
140950.0,1624.0703873634338,2937.0,2.0,0.6000000238418579,0.0,335.0,145.2,36.0
141000.0,1624.627201795578,2937.0,2.0,0.6000000238418579,0.0,335.0,145.2,36.0
141050.0,1625.1896102428436,2937.0,2.0,0.6000000238418579,0.0,335.0,145.2,36.0
141100.0,1625.7682909965515,2937.0,2.0,0.6000000238418579,0.0,335.0,145.2,36.0
141150.0,1626.3690934181213,2938.0,1.0,0.4000000059604645,0.0,289.0,136.0,36.0
141200.0,1626.955990076065,2939.0,1.0,0.20000000298023224,0.0,289.0,129.0,36.0
141250.0,1627.5342829227448,2939.0,1.0,0.20000000298023224,0.0,289.0,129.0,36.0
141300.0,1628.112915277481,2939.0,1.0,0.20000000298023224,0.0,289.0,129.0,36.0
141350.0,1628.7212212085724,2939.0,1.0,0.20000000298023224,0.0,289.0,129.0,36.0
141400.0,1629.3162415027618,2940.0,1.0,0.20000000298023224,0.0,289.0,159.4,50.0
141450.0,1629.8781893253326,2941.0,1.0,0.20000000298023224,0.0,289.0,160.0,53.0
141500.0,1630.4597568511963,2941.0,1.0,0.20000000298023224,0.0,289.0,160.0,53.0
141550.0,1631.0653538703918,2942.0,1.0,0.20000000298023224,0.0,289.0,136.8,53.0
141600.0,1631.6644756793976,2942.0,1.0,0.20000000298023224,0.0,289.0,136.8,53.0
141650.0,1632.2637121677399,2942.0,1.0,0.20000000298023224,0.0,289.0,136.8,53.0
141700.0,1632.8550956249237,2942.0,1.0,0.20000000298023224,0.0,289.0,136.8,53.0
141750.0,1633.4362111091614,2942.0,1.0,0.20000000298023224,0.0,289.0,136.8,53.0
141800.0,1634.0232903957367,2942.0,1.0,0.20000000298023224,0.0,289.0,136.8,53.0
141850.0,1634.580287694931,2942.0,1.0,0.20000000298023224,0.0,289.0,136.8,53.0
141900.0,1635.137698173523,2942.0,1.0,0.20000000298023224,0.0,289.0,136.8,53.0
141950.0,1635.7163393497467,2942.0,1.0,0.20000000298023224,0.0,289.0,136.8,53.0
142000.0,1636.3187127113342,2943.0,3.0,0.6000000238418579,0.0,465.0,172.0,53.0
142050.0,1636.8841814994812,2944.0,3.0,0.6000000238418579,0.0,465.0,168.2,45.0
142100.0,1637.4724793434143,2945.0,3.0,0.6000000238418579,0.0,465.0,137.6,35.0
142150.0,1638.0794184207916,2945.0,3.0,0.6000000238418579,0.0,465.0,137.6,35.0
142200.0,1638.663917541504,2945.0,3.0,0.6000000238418579,0.0,465.0,137.6,35.0
142250.0,1639.2569227218628,2946.0,3.0,0.6000000238418579,0.0,465.0,163.2,35.0
142300.0,1639.845957994461,2946.0,3.0,0.6000000238418579,0.0,465.0,163.2,35.0
142350.0,1640.410106420517,2946.0,3.0,0.6000000238418579,0.0,465.0,163.2,35.0
142400.0,1640.9820957183838,2946.0,3.0,0.6000000238418579,0.0,465.0,163.2,35.0
142450.0,1641.5804469585419,2946.0,3.0,0.6000000238418579,0.0,465.0,163.2,35.0
142500.0,1642.1804966926575,2946.0,3.0,0.6000000238418579,0.0,465.0,163.2,35.0
142550.0,1642.768498659134,2946.0,3.0,0.6000000238418579,0.0,465.0,163.2,35.0
142600.0,1643.359137058258,2946.0,3.0,0.6000000238418579,0.0,465.0,163.2,35.0
142650.0,1643.9375619888306,2947.0,3.0,0.800000011920929,0.0,465.0,225.0,35.0
142700.0,1644.5280504226685,2948.0,1.0,0.20000000298023224,0.0,399.0,139.2,35.0
142750.0,1645.1108875274658,2949.0,1.0,0.20000000298023224,0.0,399.0,141.0,35.0
142800.0,1645.698731660843,2949.0,1.0,0.20000000298023224,0.0,399.0,141.0,35.0
142850.0,1646.274108171463,2949.0,1.0,0.20000000298023224,0.0,399.0,141.0,35.0
142900.0,1646.8519945144653,2949.0,1.0,0.20000000298023224,0.0,399.0,141.0,35.0
142950.0,1647.4173204898834,2950.0,1.0,0.20000000298023224,0.0,399.0,173.2,36.0
143000.0,1647.973916053772,2950.0,1.0,0.20000000298023224,0.0,399.0,173.2,36.0
143050.0,1648.5372669696808,2950.0,1.0,0.20000000298023224,0.0,399.0,173.2,36.0
143100.0,1649.099981546402,2951.0,1.0,0.4000000059604645,0.0,399.0,168.8,36.0
143150.0,1649.6464638710022,2951.0,1.0,0.4000000059604645,0.0,399.0,168.8,36.0
143200.0,1650.2034945487976,2952.0,1.0,0.20000000298023224,0.0,196.0,103.0,36.0
143250.0,1650.7908639907837,2952.0,1.0,0.20000000298023224,0.0,196.0,103.0,36.0
143300.0,1651.3839447498322,2952.0,1.0,0.20000000298023224,0.0,196.0,103.0,36.0
143350.0,1651.9864530563354,2952.0,1.0,0.20000000298023224,0.0,196.0,103.0,36.0
143400.0,1652.574381351471,2953.0,2.0,0.6000000238418579,0.0,216.0,139.0,54.0
143450.0,1653.1542897224426,2953.0,2.0,0.6000000238418579,0.0,216.0,139.0,54.0
143500.0,1653.751853942871,2953.0,2.0,0.6000000238418579,0.0,216.0,139.0,54.0
143550.0,1654.3171014785767,2953.0,2.0,0.6000000238418579,0.0,216.0,139.0,54.0
143600.0,1654.9043860435486,2953.0,2.0,0.6000000238418579,0.0,216.0,139.0,54.0
143650.0,1655.4664714336395,2953.0,2.0,0.6000000238418579,0.0,216.0,139.0,54.0
143700.0,1656.0363147258759,2953.0,2.0,0.6000000238418579,0.0,216.0,139.0,54.0
143750.0,1656.6307284832,2954.0,2.0,0.800000011920929,0.0,341.0,196.4,70.0
143800.0,1657.2217044830322,2954.0,2.0,0.800000011920929,0.0,341.0,196.4,70.0
143850.0,1657.8120212554932,2954.0,2.0,0.800000011920929,0.0,341.0,196.4,70.0
143900.0,1658.405252456665,2954.0,2.0,0.800000011920929,0.0,341.0,196.4,70.0
143950.0,1658.987967967987,2954.0,2.0,0.800000011920929,0.0,341.0,196.4,70.0
144000.0,1659.5878067016602,2954.0,2.0,0.800000011920929,0.0,341.0,196.4,70.0
144050.0,1660.1822290420532,2954.0,2.0,0.800000011920929,0.0,341.0,196.4,70.0
144100.0,1660.7597253322601,2954.0,2.0,0.800000011920929,0.0,341.0,196.4,70.0
144150.0,1661.3448195457458,2954.0,2.0,0.800000011920929,0.0,341.0,196.4,70.0
144200.0,1661.9333064556122,2954.0,2.0,0.800000011920929,0.0,341.0,196.4,70.0
144250.0,1662.52357006073,2954.0,2.0,0.800000011920929,0.0,341.0,196.4,70.0
144300.0,1663.1130578517914,2954.0,2.0,0.800000011920929,0.0,341.0,196.4,70.0
144350.0,1663.6927201747894,2954.0,2.0,0.800000011920929,0.0,341.0,196.4,70.0
144400.0,1664.2507004737854,2954.0,2.0,0.800000011920929,0.0,341.0,196.4,70.0
144450.0,1664.809777021408,2954.0,2.0,0.800000011920929,0.0,341.0,196.4,70.0
144500.0,1665.3874986171722,2955.0,2.0,1.0,0.0,778.0,312.8,70.0
144550.0,1665.984364271164,2955.0,2.0,1.0,0.0,778.0,312.8,70.0
144600.0,1666.5557441711426,2955.0,2.0,1.0,0.0,778.0,312.8,70.0
144650.0,1667.152456521988,2955.0,2.0,1.0,0.0,778.0,312.8,70.0
144700.0,1667.7411408424377,2955.0,2.0,1.0,0.0,778.0,312.8,70.0
144750.0,1668.3183190822601,2956.0,2.0,0.800000011920929,0.0,778.0,326.0,70.0
144800.0,1668.8935611248016,2956.0,2.0,0.800000011920929,0.0,778.0,326.0,70.0
144850.0,1669.4824464321136,2956.0,2.0,0.800000011920929,0.0,778.0,326.0,70.0
144900.0,1670.0524349212646,2956.0,2.0,0.800000011920929,0.0,778.0,326.0,70.0
144950.0,1670.609736919403,2956.0,2.0,0.800000011920929,0.0,778.0,326.0,70.0
145000.0,1671.1691069602966,2956.0,2.0,0.800000011920929,0.0,778.0,326.0,70.0
145050.0,1671.73171043396,2956.0,2.0,0.800000011920929,0.0,778.0,326.0,70.0
145100.0,1672.316543340683,2957.0,2.0,0.800000011920929,0.0,778.0,385.0,216.0
145150.0,1672.894271850586,2957.0,2.0,0.800000011920929,0.0,778.0,385.0,216.0
145200.0,1673.4795684814453,2958.0,1.0,0.4000000059604645,0.0,778.0,358.8,85.0
145250.0,1674.0604462623596,2958.0,1.0,0.4000000059604645,0.0,778.0,358.8,85.0
145300.0,1674.636600971222,2958.0,1.0,0.4000000059604645,0.0,778.0,358.8,85.0
145350.0,1675.2205138206482,2958.0,1.0,0.4000000059604645,0.0,778.0,358.8,85.0
145400.0,1675.796914100647,2958.0,1.0,0.4000000059604645,0.0,778.0,358.8,85.0
145450.0,1676.3707902431488,2958.0,1.0,0.4000000059604645,0.0,778.0,358.8,85.0
145500.0,1676.9563331604004,2960.0,0.0,0.0,0.0,365.0,198.0,21.0
145550.0,1677.5337657928467,2960.0,0.0,0.0,0.0,365.0,198.0,21.0
145600.0,1678.0932109355927,2960.0,0.0,0.0,0.0,365.0,198.0,21.0
145650.0,1678.6434638500214,2960.0,0.0,0.0,0.0,365.0,198.0,21.0
145700.0,1679.1970779895782,2960.0,0.0,0.0,0.0,365.0,198.0,21.0
145750.0,1679.7792723178864,2960.0,0.0,0.0,0.0,365.0,198.0,21.0
145800.0,1680.3758895397186,2960.0,0.0,0.0,0.0,365.0,198.0,21.0
145850.0,1680.9807455539703,2960.0,0.0,0.0,0.0,365.0,198.0,21.0
145900.0,1681.5729134082794,2960.0,0.0,0.0,0.0,365.0,198.0,21.0
145950.0,1682.1542632579803,2961.0,0.0,0.0,0.0,445.0,242.0,21.0
146000.0,1682.7403600215912,2962.0,0.0,0.0,0.0,445.0,177.0,21.0
146050.0,1683.3323848247528,2963.0,0.0,0.0,0.0,445.0,172.0,21.0
146100.0,1683.9080593585968,2963.0,0.0,0.0,0.0,445.0,172.0,21.0
146150.0,1684.4904718399048,2963.0,0.0,0.0,0.0,445.0,172.0,21.0
146200.0,1685.0781276226044,2963.0,0.0,0.0,0.0,445.0,172.0,21.0
146250.0,1685.6675472259521,2964.0,0.0,0.0,0.0,445.0,156.8,21.0
146300.0,1686.2597184181213,2964.0,0.0,0.0,0.0,445.0,156.8,21.0
146350.0,1686.8446741104126,2964.0,0.0,0.0,0.0,445.0,156.8,21.0
146400.0,1687.432997226715,2964.0,0.0,0.0,0.0,445.0,156.8,21.0
146450.0,1688.0164425373077,2964.0,0.0,0.0,0.0,445.0,156.8,21.0
146500.0,1688.5937566757202,2965.0,0.0,0.0,0.0,445.0,199.0,40.0
146550.0,1689.169362783432,2965.0,0.0,0.0,0.0,445.0,199.0,40.0
146600.0,1689.7511887550354,2967.0,0.0,0.0,0.0,232.0,120.2,11.0
146650.0,1690.3269743919373,2967.0,0.0,0.0,0.0,232.0,120.2,11.0
146700.0,1690.922830581665,2967.0,0.0,0.0,0.0,232.0,120.2,11.0
146750.0,1691.5080173015594,2967.0,0.0,0.0,0.0,232.0,120.2,11.0
146800.0,1692.1011788845062,2967.0,0.0,0.0,0.0,232.0,120.2,11.0
146850.0,1692.6724886894226,2967.0,0.0,0.0,0.0,232.0,120.2,11.0
146900.0,1693.220686674118,2967.0,0.0,0.0,0.0,232.0,120.2,11.0
146950.0,1693.7699964046478,2967.0,0.0,0.0,0.0,232.0,120.2,11.0
147000.0,1694.3468911647797,2967.0,0.0,0.0,0.0,232.0,120.2,11.0
147050.0,1694.9398746490479,2967.0,0.0,0.0,0.0,232.0,120.2,11.0
147100.0,1695.5318315029144,2967.0,0.0,0.0,0.0,232.0,120.2,11.0
147150.0,1696.1234176158905,2967.0,0.0,0.0,0.0,232.0,120.2,11.0
147200.0,1696.7084290981293,2967.0,0.0,0.0,0.0,232.0,120.2,11.0
147250.0,1697.2961044311523,2967.0,0.0,0.0,0.0,232.0,120.2,11.0
147300.0,1697.8909566402435,2967.0,0.0,0.0,0.0,232.0,120.2,11.0
147350.0,1698.4592559337616,2967.0,0.0,0.0,0.0,232.0,120.2,11.0
147400.0,1699.0492968559265,2967.0,0.0,0.0,0.0,232.0,120.2,11.0
147450.0,1699.6344361305237,2967.0,0.0,0.0,0.0,232.0,120.2,11.0
147500.0,1700.230791091919,2968.0,1.0,0.20000000298023224,0.0,919.0,292.0,11.0
147550.0,1700.820420742035,2968.0,1.0,0.20000000298023224,0.0,919.0,292.0,11.0
147600.0,1701.4120688438416,2968.0,1.0,0.20000000298023224,0.0,919.0,292.0,11.0
147650.0,1702.0082259178162,2968.0,1.0,0.20000000298023224,0.0,919.0,292.0,11.0
147700.0,1702.5778379440308,2969.0,1.0,0.20000000298023224,0.0,919.0,284.4,11.0
147750.0,1703.151154756546,2971.0,1.0,0.20000000298023224,0.0,919.0,233.2,11.0
147800.0,1703.736051082611,2971.0,1.0,0.20000000298023224,0.0,919.0,233.2,11.0
147850.0,1704.3188910484314,2971.0,1.0,0.20000000298023224,0.0,919.0,233.2,11.0
147900.0,1704.9168057441711,2971.0,1.0,0.20000000298023224,0.0,919.0,233.2,11.0
147950.0,1705.5010242462158,2971.0,1.0,0.20000000298023224,0.0,919.0,233.2,11.0
148000.0,1706.0883073806763,2971.0,1.0,0.20000000298023224,0.0,919.0,233.2,11.0
148050.0,1706.683986902237,2971.0,1.0,0.20000000298023224,0.0,919.0,233.2,11.0
148100.0,1707.2462470531464,2971.0,1.0,0.20000000298023224,0.0,919.0,233.2,11.0
148150.0,1707.799177646637,2971.0,1.0,0.20000000298023224,0.0,919.0,233.2,11.0
148200.0,1708.3650481700897,2971.0,1.0,0.20000000298023224,0.0,919.0,233.2,11.0
148250.0,1708.9474353790283,2971.0,1.0,0.20000000298023224,0.0,919.0,233.2,11.0
148300.0,1709.5279457569122,2971.0,1.0,0.20000000298023224,0.0,919.0,233.2,11.0
148350.0,1710.0940725803375,2971.0,1.0,0.20000000298023224,0.0,919.0,233.2,11.0
148400.0,1710.6812443733215,2971.0,1.0,0.20000000298023224,0.0,919.0,233.2,11.0
148450.0,1711.2775280475616,2971.0,1.0,0.20000000298023224,0.0,919.0,233.2,11.0
148500.0,1711.8533840179443,2972.0,3.0,0.800000011920929,0.0,919.0,383.8,16.0
148550.0,1712.4255902767181,2972.0,3.0,0.800000011920929,0.0,919.0,383.8,16.0
148600.0,1712.9997136592865,2972.0,3.0,0.800000011920929,0.0,919.0,383.8,16.0
148650.0,1713.562905073166,2972.0,3.0,0.800000011920929,0.0,919.0,383.8,16.0
148700.0,1714.1330914497375,2972.0,3.0,0.800000011920929,0.0,919.0,383.8,16.0
148750.0,1714.7214844226837,2972.0,3.0,0.800000011920929,0.0,919.0,383.8,16.0
148800.0,1715.3074207305908,2972.0,3.0,0.800000011920929,0.0,919.0,383.8,16.0
148850.0,1715.8927702903748,2972.0,3.0,0.800000011920929,0.0,919.0,383.8,16.0
148900.0,1716.479472398758,2973.0,3.0,0.6000000238418579,0.0,764.0,280.8,16.0
148950.0,1717.0396890640259,2974.0,3.0,0.6000000238418579,0.0,764.0,249.0,16.0
149000.0,1717.6139266490936,2974.0,3.0,0.6000000238418579,0.0,764.0,249.0,16.0
149050.0,1718.2135078907013,2975.0,3.0,0.800000011920929,0.0,764.0,264.0,16.0
149100.0,1718.7957997322083,2975.0,3.0,0.800000011920929,0.0,764.0,264.0,16.0
149150.0,1719.3730053901672,2975.0,3.0,0.800000011920929,0.0,764.0,264.0,16.0
149200.0,1719.9500620365143,2977.0,1.0,0.4000000059604645,0.0,404.0,139.0,21.0
149250.0,1720.5163209438324,2977.0,1.0,0.4000000059604645,0.0,404.0,139.0,21.0
149300.0,1721.0896620750427,2979.0,1.0,0.6000000238418579,0.0,134.0,75.8,11.0
149350.0,1721.6511101722717,2980.0,1.0,0.4000000059604645,0.0,134.0,59.2,11.0
149400.0,1722.2015147209167,2980.0,1.0,0.4000000059604645,0.0,134.0,59.2,11.0
149450.0,1722.7652854919434,2981.0,1.0,0.4000000059604645,0.0,101.0,52.6,11.0
149500.0,1723.3554525375366,2982.0,1.0,0.4000000059604645,0.0,101.0,57.0,11.0
149550.0,1723.9193398952484,2982.0,1.0,0.4000000059604645,0.0,101.0,57.0,11.0
149600.0,1724.4960458278656,2983.0,1.0,0.20000000298023224,0.0,101.0,56.6,11.0
149650.0,1725.0946884155273,2983.0,1.0,0.20000000298023224,0.0,101.0,56.6,11.0
149700.0,1725.6803119182587,2983.0,1.0,0.20000000298023224,0.0,101.0,56.6,11.0
149750.0,1726.2470128536224,2984.0,2.0,0.6000000238418579,0.0,167.0,87.8,32.0
149800.0,1726.8300521373749,2985.0,2.0,0.6000000238418579,0.0,167.0,90.8,43.0
149850.0,1727.4161176681519,2986.0,2.0,0.6000000238418579,0.0,167.0,80.6,43.0
149900.0,1727.9949252605438,2986.0,2.0,0.6000000238418579,0.0,167.0,80.6,43.0
149950.0,1728.5890276432037,2986.0,2.0,0.6000000238418579,0.0,167.0,80.6,43.0
150000.0,1729.1709470748901,2986.0,2.0,0.6000000238418579,0.0,167.0,80.6,43.0
150050.0,1729.7700006961823,2986.0,2.0,0.6000000238418579,0.0,167.0,80.6,43.0
150100.0,1730.347650051117,2986.0,2.0,0.6000000238418579,0.0,167.0,80.6,43.0
150150.0,1730.9104883670807,2986.0,2.0,0.6000000238418579,0.0,167.0,80.6,43.0
150200.0,1731.478793144226,2987.0,11.0,2.799999952316284,0.0,337.0,139.4,47.0
150250.0,1732.0477120876312,2987.0,11.0,2.799999952316284,0.0,337.0,139.4,47.0
150300.0,1732.636398077011,2988.0,11.0,4.800000190734863,0.0,337.0,140.2,47.0
150350.0,1733.220529794693,2988.0,11.0,4.800000190734863,0.0,337.0,140.2,47.0
150400.0,1733.815182685852,2988.0,11.0,4.800000190734863,0.0,337.0,140.2,47.0
150450.0,1734.406971693039,2989.0,11.0,6.599999904632568,0.0,337.0,136.6,47.0
150500.0,1734.9839534759521,2989.0,11.0,6.599999904632568,0.0,337.0,136.6,47.0
150550.0,1735.5400376319885,2990.0,11.0,8.0,1.0,337.0,147.2,50.0
150600.0,1736.084790945053,2991.0,11.0,9.199999809265137,7.0,337.0,149.2,60.0
150650.0,1736.653007030487,2991.0,11.0,9.199999809265137,7.0,337.0,149.2,60.0
150700.0,1737.2419602870941,2992.0,11.0,8.600000381469727,7.0,149.0,101.8,60.0
150750.0,1737.833642244339,2994.0,8.0,6.199999809265137,3.0,100.0,65.8,28.0
150800.0,1738.4158782958984,2996.0,8.0,5.0,3.0,100.0,44.0,22.0
150850.0,1739.0054914951324,2996.0,8.0,5.0,3.0,100.0,44.0,22.0
150900.0,1739.5919153690338,2996.0,8.0,5.0,3.0,100.0,44.0,22.0
150950.0,1740.1582398414612,2997.0,6.0,4.400000095367432,3.0,131.0,50.2,22.0
151000.0,1740.7314639091492,2997.0,6.0,4.400000095367432,3.0,131.0,50.2,22.0
151050.0,1741.3211205005646,2997.0,6.0,4.400000095367432,3.0,131.0,50.2,22.0
151100.0,1741.9200615882874,2999.0,11.0,5.199999809265137,2.0,139.0,67.6,17.0
151150.0,1742.5171689987183,3000.0,11.0,5.599999904632568,2.0,139.0,70.0,17.0
151200.0,1743.1138877868652,3000.0,11.0,5.599999904632568,2.0,139.0,70.0,17.0
151250.0,1743.7125487327576,3001.0,11.0,6.800000190734863,2.0,139.0,89.8,17.0
151300.0,1744.30127120018,3002.0,11.0,6.400000095367432,2.0,139.0,68.0,17.0
151350.0,1744.9034276008606,3003.0,11.0,6.400000095367432,2.0,128.0,54.0,17.0
151400.0,1745.4979009628296,3004.0,11.0,7.199999809265137,3.0,128.0,58.6,22.0
151450.0,1746.0966084003448,3004.0,11.0,7.199999809265137,3.0,128.0,58.6,22.0
151500.0,1746.6925024986267,3006.0,13.0,7.199999809265137,3.0,100.0,49.6,17.0
151550.0,1747.2825510501862,3007.0,13.0,7.199999809265137,3.0,100.0,50.0,17.0
151600.0,1747.8856949806213,3009.0,13.0,5.599999904632568,3.0,100.0,41.8,17.0
151650.0,1748.4761114120483,3010.0,6.0,4.199999809265137,3.0,50.0,30.0,17.0
151700.0,1749.079815864563,3011.0,10.0,5.599999904632568,3.0,69.0,40.4,18.0
151750.0,1749.6596193313599,3011.0,10.0,5.599999904632568,3.0,69.0,40.4,18.0
151800.0,1750.2133643627167,3011.0,10.0,5.599999904632568,3.0,69.0,40.4,18.0
151850.0,1750.7806000709534,3012.0,10.0,6.599999904632568,3.0,122.0,60.0,18.0
151900.0,1751.3518555164337,3014.0,10.0,6.800000190734863,3.0,122.0,62.0,18.0
151950.0,1751.9277324676514,3016.0,8.0,5.0,3.0,122.0,49.8,18.0
152000.0,1752.5128602981567,3018.0,4.0,3.4000000953674316,3.0,28.0,23.6,18.0
152050.0,1753.1072602272034,3019.0,4.0,3.4000000953674316,3.0,28.0,24.4,22.0
152100.0,1753.7126307487488,3021.0,6.0,3.799999952316284,3.0,50.0,28.2,18.0
152150.0,1754.3074758052826,3022.0,6.0,4.199999809265137,3.0,50.0,29.8,18.0
152200.0,1754.8996710777283,3023.0,11.0,5.599999904632568,3.0,70.0,38.2,18.0
152250.0,1755.4902534484863,3025.0,11.0,5.199999809265137,2.0,70.0,33.4,17.0
152300.0,1756.0593626499176,3026.0,11.0,6.0,2.0,70.0,42.0,17.0
152350.0,1756.6463730335236,3027.0,11.0,5.400000095367432,2.0,70.0,40.0,17.0
152400.0,1757.2408893108368,3028.0,8.0,4.800000190734863,2.0,61.0,38.0,17.0
152450.0,1757.8399884700775,3030.0,8.0,5.0,2.0,61.0,40.0,18.0
152500.0,1758.3973760604858,3031.0,8.0,5.0,2.0,62.0,40.2,18.0
152550.0,1758.9726648330688,3032.0,8.0,5.599999904632568,3.0,62.0,44.2,18.0
152600.0,1759.5522022247314,3033.0,7.0,5.199999809265137,3.0,62.0,42.0,18.0
152650.0,1760.138057231903,3034.0,8.0,5.800000190734863,3.0,62.0,45.8,18.0
152700.0,1760.730187177658,3035.0,8.0,5.800000190734863,3.0,62.0,46.6,22.0
152750.0,1761.3098220825195,3035.0,8.0,5.800000190734863,3.0,62.0,46.6,22.0
152800.0,1761.8842635154724,3036.0,15.0,7.400000095367432,3.0,119.0,58.0,22.0
152850.0,1762.4786972999573,3037.0,15.0,7.599999904632568,3.0,119.0,59.8,22.0
152900.0,1763.072774887085,3038.0,15.0,7.800000190734863,3.0,119.0,60.0,22.0
152950.0,1763.6688895225525,3039.0,15.0,7.199999809265137,3.0,119.0,54.4,22.0
153000.0,1764.2323157787323,3040.0,15.0,8.600000381469727,5.0,119.0,65.6,31.0
153050.0,1764.8172826766968,3041.0,10.0,6.599999904632568,5.0,78.0,51.8,31.0
153100.0,1765.4016771316528,3041.0,10.0,6.599999904632568,5.0,78.0,51.8,31.0
153150.0,1765.9798686504364,3042.0,12.0,7.800000190734863,5.0,93.0,60.4,31.0
153200.0,1766.5751855373383,3042.0,12.0,7.800000190734863,5.0,93.0,60.4,31.0
153250.0,1767.141360759735,3042.0,12.0,7.800000190734863,5.0,93.0,60.4,31.0
153300.0,1767.7042775154114,3043.0,18.0,10.0,5.0,151.0,80.6,31.0
153350.0,1768.2648689746857,3044.0,18.0,10.0,5.0,151.0,84.0,48.0
153400.0,1768.8363497257233,3044.0,18.0,10.0,5.0,151.0,84.0,48.0
153450.0,1769.4355924129486,3045.0,18.0,10.800000190734863,5.0,151.0,88.2,48.0
153500.0,1770.0289566516876,3045.0,18.0,10.800000190734863,5.0,151.0,88.2,48.0
153550.0,1770.6180288791656,3046.0,18.0,12.199999809265137,5.0,151.0,98.2,48.0
153600.0,1771.1913530826569,3046.0,18.0,12.199999809265137,5.0,151.0,98.2,48.0
153650.0,1771.7618634700775,3047.0,18.0,12.0,5.0,151.0,99.8,48.0
153700.0,1772.3570561408997,3047.0,18.0,12.0,5.0,151.0,99.8,48.0
153750.0,1772.9458169937134,3047.0,18.0,12.0,5.0,151.0,99.8,48.0
153800.0,1773.529296875,3047.0,18.0,12.0,5.0,151.0,99.8,48.0
153850.0,1774.0891544818878,3047.0,18.0,12.0,5.0,151.0,99.8,48.0
153900.0,1774.645810842514,3048.0,22.0,12.800000190734863,5.0,239.0,117.4,48.0
153950.0,1775.2061369419098,3050.0,22.0,11.0,3.0,239.0,101.6,18.0
154000.0,1775.777485370636,3050.0,22.0,11.0,3.0,239.0,101.6,18.0
154050.0,1776.3405621051788,3051.0,22.0,10.800000190734863,3.0,239.0,100.2,18.0
154100.0,1776.9166810512543,3052.0,22.0,9.399999618530273,3.0,239.0,85.8,18.0
154150.0,1777.506448507309,3053.0,11.0,6.199999809265137,3.0,93.0,50.0,18.0
154200.0,1778.0762815475464,3054.0,11.0,6.199999809265137,3.0,93.0,50.0,18.0
154250.0,1778.6400632858276,3055.0,11.0,7.400000095367432,4.0,93.0,58.6,29.0
154300.0,1779.2294657230377,3055.0,11.0,7.400000095367432,4.0,93.0,58.6,29.0
154350.0,1779.8258075714111,3057.0,11.0,7.0,2.0,91.0,55.8,17.0
154400.0,1780.3963441848755,3059.0,11.0,5.599999904632568,2.0,91.0,43.6,17.0
154450.0,1780.9634642601013,3060.0,11.0,4.599999904632568,2.0,91.0,37.8,17.0
154500.0,1781.5609078407288,3061.0,9.0,4.199999809265137,2.0,71.0,33.8,17.0
154550.0,1782.1516206264496,3062.0,9.0,4.400000095367432,3.0,71.0,34.4,18.0
154600.0,1782.7327620983124,3062.0,9.0,4.400000095367432,3.0,71.0,34.4,18.0
154650.0,1783.3209941387177,3062.0,9.0,4.400000095367432,3.0,71.0,34.4,18.0
154700.0,1783.922649860382,3063.0,22.0,8.199999809265137,3.0,170.0,62.2,18.0
154750.0,1784.5357220172882,3064.0,22.0,9.199999809265137,3.0,170.0,69.0,20.0
154800.0,1785.1089935302734,3065.0,22.0,9.800000190734863,3.0,170.0,74.0,20.0
154850.0,1785.7012486457825,3066.0,22.0,9.199999809265137,3.0,170.0,69.6,20.0
154900.0,1786.284283876419,3068.0,8.0,5.400000095367432,2.0,57.0,41.4,21.0
154950.0,1786.854894399643,3069.0,7.0,4.400000095367432,2.0,57.0,35.4,21.0
155000.0,1787.4137568473816,3070.0,9.0,4.800000190734863,2.0,60.0,36.0,21.0
155050.0,1787.9879150390625,3071.0,9.0,5.400000095367432,2.0,60.0,38.2,21.0
155100.0,1788.5364837646484,3072.0,9.0,6.199999809265137,3.0,60.0,42.0,22.0
155150.0,1789.1124591827393,3073.0,10.0,7.400000095367432,3.0,70.0,50.4,22.0
155200.0,1789.704743385315,3073.0,10.0,7.400000095367432,3.0,70.0,50.4,22.0
155250.0,1790.2737078666687,3074.0,11.0,9.0,6.0,101.0,66.2,40.0
155300.0,1790.8632624149323,3075.0,11.0,7.800000190734863,3.0,101.0,60.0,29.0
155350.0,1791.4431014060974,3075.0,11.0,7.800000190734863,3.0,101.0,60.0,29.0
155400.0,1792.0025112628937,3076.0,15.0,9.0,3.0,110.0,70.0,29.0
155450.0,1792.549593925476,3077.0,15.0,9.199999809265137,3.0,110.0,72.6,29.0
155500.0,1793.107696056366,3077.0,15.0,9.199999809265137,3.0,110.0,72.6,29.0
155550.0,1793.7044718265533,3077.0,15.0,9.199999809265137,3.0,110.0,72.6,29.0
155600.0,1794.288150548935,3078.0,18.0,10.800000190734863,3.0,138.0,86.2,29.0
155650.0,1794.8967752456665,3078.0,18.0,10.800000190734863,3.0,138.0,86.2,29.0
155700.0,1795.497816324234,3078.0,18.0,10.800000190734863,3.0,138.0,86.2,29.0
155750.0,1796.0898957252502,3078.0,18.0,10.800000190734863,3.0,138.0,86.2,29.0
155800.0,1796.650654554367,3079.0,28.0,14.199999809265137,3.0,199.0,105.8,29.0
155850.0,1797.2125923633575,3080.0,28.0,15.199999809265137,7.0,199.0,110.0,50.0
155900.0,1797.8002128601074,3080.0,28.0,15.199999809265137,7.0,199.0,110.0,50.0
155950.0,1798.3892557621002,3080.0,28.0,15.199999809265137,7.0,199.0,110.0,50.0
156000.0,1798.9666156768799,3080.0,28.0,15.199999809265137,7.0,199.0,110.0,50.0
156050.0,1799.5602660179138,3080.0,28.0,15.199999809265137,7.0,199.0,110.0,50.0
156100.0,1800.1651968955994,3081.0,31.0,18.399999618530273,7.0,260.0,140.0,50.0
156150.0,1800.7800369262695,3082.0,31.0,18.0,5.0,260.0,137.4,40.0
156200.0,1801.4006419181824,3083.0,31.0,15.600000381469727,5.0,260.0,119.8,40.0
156250.0,1802.0202474594116,3084.0,31.0,11.199999809265137,5.0,260.0,90.2,40.0
156300.0,1802.6405727863312,3085.0,31.0,11.0,5.0,260.0,92.0,40.0
156350.0,1803.2600877285004,3085.0,31.0,11.0,5.0,260.0,92.0,40.0
156400.0,1803.876240491867,3087.0,9.0,5.800000190734863,1.0,90.0,53.4,17.0
156450.0,1804.479831457138,3088.0,9.0,5.400000095367432,1.0,90.0,54.0,17.0
156500.0,1805.0682055950165,3089.0,9.0,4.800000190734863,1.0,90.0,51.8,17.0
156550.0,1805.6519951820374,3089.0,9.0,4.800000190734863,1.0,90.0,51.8,17.0
156600.0,1806.214854478836,3089.0,9.0,4.800000190734863,1.0,90.0,51.8,17.0
156650.0,1806.8030178546906,3090.0,12.0,5.800000190734863,1.0,140.0,68.0,17.0
156700.0,1807.3948605060577,3091.0,12.0,5.0,1.0,140.0,62.0,17.0
156750.0,1808.0152711868286,3092.0,12.0,5.599999904632568,3.0,140.0,66.6,40.0
156800.0,1808.6083710193634,3093.0,12.0,6.0,3.0,140.0,69.8,40.0
156850.0,1809.2158677577972,3094.0,12.0,5.800000190734863,2.0,140.0,66.0,21.0
156900.0,1809.8449447154999,3096.0,7.0,4.400000095367432,2.0,69.0,41.6,21.0
156950.0,1810.433960199356,3096.0,7.0,4.400000095367432,2.0,69.0,41.6,21.0
157000.0,1811.0390374660492,3096.0,7.0,4.400000095367432,2.0,69.0,41.6,21.0
157050.0,1811.6210007667542,3096.0,7.0,4.400000095367432,2.0,69.0,41.6,21.0
157100.0,1812.23260140419,3097.0,21.0,7.800000190734863,2.0,201.0,73.8,21.0
157150.0,1812.8526487350464,3097.0,21.0,7.800000190734863,2.0,201.0,73.8,21.0
157200.0,1813.4617018699646,3097.0,21.0,7.800000190734863,2.0,201.0,73.8,21.0
157250.0,1814.0812814235687,3097.0,21.0,7.800000190734863,2.0,201.0,73.8,21.0
157300.0,1814.6652038097382,3098.0,21.0,10.800000190734863,2.0,201.0,94.2,21.0
157350.0,1815.213366508484,3099.0,21.0,11.800000190734863,3.0,201.0,102.0,27.0
157400.0,1815.760187625885,3099.0,21.0,11.800000190734863,3.0,201.0,102.0,27.0
157450.0,1816.3165371418,3099.0,21.0,11.800000190734863,3.0,201.0,102.0,27.0
157500.0,1816.8823099136353,3100.0,21.0,14.0,3.0,201.0,124.0,27.0
157550.0,1817.459275484085,3101.0,21.0,14.399999618530273,5.0,201.0,126.4,39.0
157600.0,1818.0436515808105,3101.0,21.0,14.399999618530273,5.0,201.0,126.4,39.0
157650.0,1818.6288948059082,3101.0,21.0,14.399999618530273,5.0,201.0,126.4,39.0
157700.0,1819.2137973308563,3102.0,21.0,14.199999809265137,5.0,171.0,118.8,39.0
157750.0,1819.804360628128,3102.0,21.0,14.199999809265137,5.0,171.0,118.8,39.0
157800.0,1820.394547700882,3102.0,21.0,14.199999809265137,5.0,171.0,118.8,39.0
157850.0,1820.9744634628296,3102.0,21.0,14.199999809265137,5.0,171.0,118.8,39.0
157900.0,1821.5520725250244,3102.0,21.0,14.199999809265137,5.0,171.0,118.8,39.0
157950.0,1822.1522336006165,3102.0,21.0,14.199999809265137,5.0,171.0,118.8,39.0
158000.0,1822.7522132396698,3102.0,21.0,14.199999809265137,5.0,171.0,118.8,39.0
158050.0,1823.333021402359,3103.0,51.0,20.200000762939453,5.0,358.0,156.2,39.0
158100.0,1823.9161477088928,3103.0,51.0,20.200000762939453,5.0,358.0,156.2,39.0
158150.0,1824.4878182411194,3103.0,51.0,20.200000762939453,5.0,358.0,156.2,39.0
158200.0,1825.0517044067383,3104.0,51.0,23.200000762939453,5.0,358.0,172.0,39.0
158250.0,1825.6318092346191,3105.0,51.0,20.799999237060547,5.0,358.0,147.8,39.0
158300.0,1826.2312076091766,3105.0,51.0,20.799999237060547,5.0,358.0,147.8,39.0
158350.0,1826.8152775764465,3106.0,51.0,23.600000381469727,6.0,358.0,162.0,40.0
158400.0,1827.3832385540009,3106.0,51.0,23.600000381469727,6.0,358.0,162.0,40.0
158450.0,1827.963856935501,3106.0,51.0,23.600000381469727,6.0,358.0,162.0,40.0
158500.0,1828.557805299759,3106.0,51.0,23.600000381469727,6.0,358.0,162.0,40.0
158550.0,1829.1573169231415,3106.0,51.0,23.600000381469727,6.0,358.0,162.0,40.0
158600.0,1829.7445266246796,3106.0,51.0,23.600000381469727,6.0,358.0,162.0,40.0
158650.0,1830.3312420845032,3106.0,51.0,23.600000381469727,6.0,358.0,162.0,40.0
158700.0,1830.919768333435,3106.0,51.0,23.600000381469727,6.0,358.0,162.0,40.0
158750.0,1831.5081551074982,3106.0,51.0,23.600000381469727,6.0,358.0,162.0,40.0
158800.0,1832.1151871681213,3106.0,51.0,23.600000381469727,6.0,358.0,162.0,40.0
158850.0,1832.7149682044983,3107.0,62.0,32.0,6.0,500.0,229.4,40.0
158900.0,1833.298465013504,3107.0,62.0,32.0,6.0,500.0,229.4,40.0
158950.0,1833.8917255401611,3108.0,62.0,25.0,6.0,500.0,179.6,40.0
159000.0,1834.4410512447357,3109.0,62.0,21.799999237060547,6.0,500.0,160.2,40.0
159050.0,1834.9921441078186,3109.0,62.0,21.799999237060547,6.0,500.0,160.2,40.0
159100.0,1835.5741138458252,3109.0,62.0,21.799999237060547,6.0,500.0,160.2,40.0
159150.0,1836.1474936008453,3109.0,62.0,21.799999237060547,6.0,500.0,160.2,40.0
159200.0,1836.7351310253143,3109.0,62.0,21.799999237060547,6.0,500.0,160.2,40.0
159250.0,1837.3217794895172,3109.0,62.0,21.799999237060547,6.0,500.0,160.2,40.0
159300.0,1837.894009590149,3110.0,62.0,30.0,6.0,500.0,212.4,42.0
159350.0,1838.4459989070892,3110.0,62.0,30.0,6.0,500.0,212.4,42.0
159400.0,1839.0093874931335,3110.0,62.0,30.0,6.0,500.0,212.4,42.0
159450.0,1839.5710196495056,3111.0,62.0,30.600000381469727,6.0,500.0,221.8,42.0
159500.0,1840.1399738788605,3112.0,47.0,19.600000381469727,6.0,301.0,130.0,41.0
159550.0,1840.7204394340515,3112.0,47.0,19.600000381469727,6.0,301.0,130.0,41.0
159600.0,1841.2879343032837,3113.0,47.0,18.600000381469727,6.0,301.0,124.2,41.0
159650.0,1841.8877999782562,3114.0,47.0,19.399999618530273,7.0,301.0,129.8,41.0
159700.0,1842.4877920150757,3114.0,47.0,19.399999618530273,7.0,301.0,129.8,41.0
159750.0,1843.069744348526,3114.0,47.0,19.399999618530273,7.0,301.0,129.8,41.0
159800.0,1843.64830327034,3114.0,47.0,19.399999618530273,7.0,301.0,129.8,41.0
159850.0,1844.2058601379395,3115.0,32.0,16.399999618530273,7.0,200.0,109.6,41.0
159900.0,1844.7800652980804,3115.0,32.0,16.399999618530273,7.0,200.0,109.6,41.0
159950.0,1845.343211889267,3116.0,32.0,15.600000381469727,7.0,200.0,98.8,41.0
160000.0,1845.9084100723267,3116.0,32.0,15.600000381469727,7.0,200.0,98.8,41.0
160050.0,1846.4742033481598,3117.0,32.0,17.0,10.0,200.0,110.0,70.0
160100.0,1847.060189962387,3118.0,32.0,16.600000381469727,9.0,200.0,104.0,50.0
160150.0,1847.652595758438,3118.0,32.0,16.600000381469727,9.0,200.0,104.0,50.0
160200.0,1848.2372105121613,3118.0,32.0,16.600000381469727,9.0,200.0,104.0,50.0
160250.0,1848.8487594127655,3119.0,32.0,19.0,9.0,200.0,118.0,50.0
160300.0,1849.428793668747,3119.0,32.0,19.0,9.0,200.0,118.0,50.0
160350.0,1849.9914453029633,3119.0,32.0,19.0,9.0,200.0,118.0,50.0
160400.0,1850.5800375938416,3119.0,32.0,19.0,9.0,200.0,118.0,50.0
160450.0,1851.1805114746094,3119.0,32.0,19.0,9.0,200.0,118.0,50.0
160500.0,1851.7678196430206,3120.0,44.0,21.399999618530273,9.0,260.0,130.0,50.0
160550.0,1852.3737001419067,3121.0,44.0,19.600000381469727,9.0,260.0,121.4,50.0
160600.0,1852.9505681991577,3121.0,44.0,19.600000381469727,9.0,260.0,121.4,50.0
160650.0,1853.534744501114,3121.0,44.0,19.600000381469727,9.0,260.0,121.4,50.0
160700.0,1854.132562637329,3122.0,44.0,21.0,9.0,260.0,131.8,50.0
160750.0,1854.7316443920135,3122.0,44.0,21.0,9.0,260.0,131.8,50.0
160800.0,1855.3327627182007,3122.0,44.0,21.0,9.0,260.0,131.8,50.0
160850.0,1855.9271717071533,3123.0,44.0,23.799999237060547,9.0,260.0,150.0,60.0
160900.0,1856.5245792865753,3124.0,44.0,21.399999618530273,9.0,260.0,134.0,60.0
160950.0,1857.1025216579437,3124.0,44.0,21.399999618530273,9.0,260.0,134.0,60.0
161000.0,1857.6963436603546,3125.0,23.0,15.399999618530273,9.0,149.0,100.0,60.0
161050.0,1858.2890465259552,3125.0,23.0,15.399999618530273,9.0,149.0,100.0,60.0
161100.0,1858.8607339859009,3125.0,23.0,15.399999618530273,9.0,149.0,100.0,60.0
161150.0,1859.4392068386078,3126.0,23.0,18.200000762939453,10.0,149.0,116.0,60.0
161200.0,1860.028638601303,3127.0,23.0,16.399999618530273,10.0,141.0,100.2,60.0
161250.0,1860.6282181739807,3127.0,23.0,16.399999618530273,10.0,141.0,100.2,60.0
161300.0,1861.1842858791351,3128.0,23.0,14.600000381469727,10.0,140.0,88.0,60.0
161350.0,1861.7393758296967,3128.0,23.0,14.600000381469727,10.0,140.0,88.0,60.0
161400.0,1862.301174402237,3129.0,23.0,16.399999618530273,12.0,140.0,98.0,70.0
161450.0,1862.8759965896606,3129.0,23.0,16.399999618530273,12.0,140.0,98.0,70.0
161500.0,1863.4641885757446,3129.0,23.0,16.399999618530273,12.0,140.0,98.0,70.0
161550.0,1864.0509951114655,3130.0,27.0,19.0,12.0,150.0,110.0,70.0
161600.0,1864.6342997550964,3130.0,27.0,19.0,12.0,150.0,110.0,70.0
161650.0,1865.2250156402588,3131.0,27.0,17.399999618530273,12.0,150.0,102.0,70.0
161700.0,1865.8043825626373,3131.0,27.0,17.399999618530273,12.0,150.0,102.0,70.0
161750.0,1866.4146885871887,3131.0,27.0,17.399999618530273,12.0,150.0,102.0,70.0
161800.0,1866.9805598258972,3132.0,27.0,19.799999237060547,14.0,159.0,119.8,80.0
161850.0,1867.5423696041107,3132.0,27.0,19.799999237060547,14.0,159.0,119.8,80.0
161900.0,1868.123850107193,3132.0,27.0,19.799999237060547,14.0,159.0,119.8,80.0
161950.0,1868.7121143341064,3132.0,27.0,19.799999237060547,14.0,159.0,119.8,80.0
162000.0,1869.2858517169952,3132.0,27.0,19.799999237060547,14.0,159.0,119.8,80.0
162050.0,1869.8723571300507,3132.0,27.0,19.799999237060547,14.0,159.0,119.8,80.0
162100.0,1870.442055463791,3132.0,27.0,19.799999237060547,14.0,159.0,119.8,80.0
162150.0,1871.0281522274017,3133.0,59.0,28.799999237060547,15.0,341.0,172.0,100.0
162200.0,1871.6072850227356,3133.0,59.0,28.799999237060547,15.0,341.0,172.0,100.0
162250.0,1872.191682100296,3133.0,59.0,28.799999237060547,15.0,341.0,172.0,100.0
162300.0,1872.799061536789,3133.0,59.0,28.799999237060547,15.0,341.0,172.0,100.0
162350.0,1873.3937504291534,3133.0,59.0,28.799999237060547,15.0,341.0,172.0,100.0
162400.0,1873.980711698532,3133.0,59.0,28.799999237060547,15.0,341.0,172.0,100.0
162450.0,1874.5838885307312,3134.0,59.0,35.599998474121094,15.0,341.0,210.0,100.0
162500.0,1875.1692743301392,3135.0,59.0,32.0,9.0,341.0,190.0,50.0
162550.0,1875.7689363956451,3136.0,59.0,30.200000762939453,6.0,341.0,178.0,40.0
162600.0,1876.3578720092773,3137.0,59.0,27.600000381469727,6.0,341.0,160.0,40.0
162650.0,1876.9255759716034,3137.0,59.0,27.600000381469727,6.0,341.0,160.0,40.0
162700.0,1877.513572216034,3138.0,53.0,19.200000762939453,6.0,300.0,112.0,40.0
162750.0,1878.070821762085,3139.0,17.0,10.0,6.0,101.0,60.0,40.0
162800.0,1878.6288034915924,3140.0,17.0,10.199999809265137,6.0,101.0,61.8,40.0
162850.0,1879.2136662006378,3140.0,17.0,10.199999809265137,6.0,101.0,61.8,40.0
162900.0,1879.8004076480865,3140.0,17.0,10.199999809265137,6.0,101.0,61.8,40.0
162950.0,1880.3796923160553,3140.0,17.0,10.199999809265137,6.0,101.0,61.8,40.0
163000.0,1880.9724533557892,3140.0,17.0,10.199999809265137,6.0,101.0,61.8,40.0
163050.0,1881.5529007911682,3141.0,39.0,16.799999237060547,7.0,231.0,100.0,40.0
163100.0,1882.140551328659,3142.0,39.0,16.200000762939453,7.0,231.0,96.2,40.0
163150.0,1882.7330989837646,3143.0,39.0,15.199999809265137,7.0,231.0,90.0,40.0
163200.0,1883.315476179123,3143.0,39.0,15.199999809265137,7.0,231.0,90.0,40.0
163250.0,1883.9199032783508,3143.0,39.0,15.199999809265137,7.0,231.0,90.0,40.0
163300.0,1884.5120737552643,3143.0,39.0,15.199999809265137,7.0,231.0,90.0,40.0
163350.0,1885.0981476306915,3144.0,39.0,19.799999237060547,8.0,231.0,118.0,50.0
163400.0,1885.6591820716858,3144.0,39.0,19.799999237060547,8.0,231.0,118.0,50.0
163450.0,1886.2359533309937,3145.0,39.0,21.399999618530273,8.0,231.0,126.2,50.0
163500.0,1886.8320863246918,3145.0,39.0,21.399999618530273,8.0,231.0,126.2,50.0
163550.0,1887.387972354889,3145.0,39.0,21.399999618530273,8.0,231.0,126.2,50.0
163600.0,1887.9398415088654,3145.0,39.0,21.399999618530273,8.0,231.0,126.2,50.0
163650.0,1888.4984395503998,3146.0,36.0,20.799999237060547,8.0,220.0,124.0,50.0
163700.0,1889.063125371933,3146.0,36.0,20.799999237060547,8.0,220.0,124.0,50.0
163750.0,1889.6336386203766,3147.0,36.0,22.399999618530273,12.0,220.0,134.0,70.0
163800.0,1890.209373474121,3147.0,36.0,22.399999618530273,12.0,220.0,134.0,70.0
163850.0,1890.774824142456,3147.0,36.0,22.399999618530273,12.0,220.0,134.0,70.0
163900.0,1891.357310295105,3147.0,36.0,22.399999618530273,12.0,220.0,134.0,70.0
163950.0,1891.9303441047668,3148.0,36.0,26.0,16.0,220.0,156.0,100.0
164000.0,1892.5021603107452,3148.0,36.0,26.0,16.0,220.0,156.0,100.0
164050.0,1893.107566833496,3149.0,36.0,23.799999237060547,16.0,220.0,143.8,100.0
164100.0,1893.6853544712067,3149.0,36.0,23.799999237060547,16.0,220.0,143.8,100.0
164150.0,1894.2771015167236,3149.0,36.0,23.799999237060547,16.0,220.0,143.8,100.0
164200.0,1894.8507339954376,3149.0,36.0,23.799999237060547,16.0,220.0,143.8,100.0
164250.0,1895.4413576126099,3150.0,36.0,27.0,16.0,220.0,164.0,100.0
164300.0,1896.017434835434,3150.0,36.0,27.0,16.0,220.0,164.0,100.0
164350.0,1896.5853259563446,3150.0,36.0,27.0,16.0,220.0,164.0,100.0
164400.0,1897.155799627304,3150.0,36.0,27.0,16.0,220.0,164.0,100.0
164450.0,1897.756826877594,3150.0,36.0,27.0,16.0,220.0,164.0,100.0
164500.0,1898.3397128582,3150.0,36.0,27.0,16.0,220.0,164.0,100.0
164550.0,1898.9249727725983,3150.0,36.0,27.0,16.0,220.0,164.0,100.0
164600.0,1899.5105321407318,3150.0,36.0,27.0,16.0,220.0,164.0,100.0
164650.0,1900.073637008667,3150.0,36.0,27.0,16.0,220.0,164.0,100.0
164700.0,1900.65678191185,3151.0,79.0,35.599998474121094,16.0,440.0,208.0,100.0
164750.0,1901.2407579421997,3151.0,79.0,35.599998474121094,16.0,440.0,208.0,100.0
164800.0,1901.828500032425,3151.0,79.0,35.599998474121094,16.0,440.0,208.0,100.0
164850.0,1902.3978044986725,3151.0,79.0,35.599998474121094,16.0,440.0,208.0,100.0
164900.0,1902.963909626007,3152.0,79.0,39.20000076293945,19.0,440.0,228.0,119.0
164950.0,1903.5618867874146,3152.0,79.0,39.20000076293945,19.0,440.0,228.0,119.0
165000.0,1904.160353899002,3152.0,79.0,39.20000076293945,19.0,440.0,228.0,119.0
165050.0,1904.750274181366,3152.0,79.0,39.20000076293945,19.0,440.0,228.0,119.0
165100.0,1905.3306691646576,3152.0,79.0,39.20000076293945,19.0,440.0,228.0,119.0
165150.0,1905.9017269611359,3152.0,79.0,39.20000076293945,19.0,440.0,228.0,119.0
165200.0,1906.4755086898804,3152.0,79.0,39.20000076293945,19.0,440.0,228.0,119.0
165250.0,1907.0789678096771,3153.0,79.0,44.599998474121094,19.0,440.0,262.0,119.0
165300.0,1907.680691242218,3154.0,79.0,42.79999923706055,10.0,440.0,250.0,59.0
165350.0,1908.2762777805328,3154.0,79.0,42.79999923706055,10.0,440.0,250.0,59.0
165400.0,1908.854369878769,3154.0,79.0,42.79999923706055,10.0,440.0,250.0,59.0
165450.0,1909.4258832931519,3154.0,79.0,42.79999923706055,10.0,440.0,250.0,59.0
165500.0,1910.012098312378,3154.0,79.0,42.79999923706055,10.0,440.0,250.0,59.0
165550.0,1910.5998892784119,3155.0,79.0,44.0,10.0,440.0,258.0,59.0
165600.0,1911.1847443580627,3156.0,57.0,30.0,9.0,350.0,180.0,50.0
165650.0,1911.7764704227448,3157.0,57.0,25.200000762939453,9.0,350.0,152.4,50.0
165700.0,1912.372457742691,3158.0,40.0,15.0,6.0,241.0,90.0,38.0
165750.0,1912.9721176624298,3158.0,40.0,15.0,6.0,241.0,90.0,38.0
165800.0,1913.5660104751587,3158.0,40.0,15.0,6.0,241.0,90.0,38.0
165850.0,1914.1405956745148,3158.0,40.0,15.0,6.0,241.0,90.0,38.0
165900.0,1914.732459783554,3158.0,40.0,15.0,6.0,241.0,90.0,38.0
165950.0,1915.313767671585,3158.0,40.0,15.0,6.0,241.0,90.0,38.0
166000.0,1915.8847570419312,3158.0,40.0,15.0,6.0,241.0,90.0,38.0
166050.0,1916.4852077960968,3159.0,58.0,24.600000381469727,6.0,342.0,146.6,38.0
166100.0,1917.0754852294922,3159.0,58.0,24.600000381469727,6.0,342.0,146.6,38.0
166150.0,1917.6765418052673,3160.0,58.0,20.0,6.0,342.0,120.0,38.0
166200.0,1918.275918006897,3162.0,58.0,18.200000762939453,3.0,342.0,109.6,18.0
166250.0,1918.8542852401733,3163.0,58.0,18.200000762939453,3.0,342.0,110.0,18.0
166300.0,1919.4413106441498,3163.0,58.0,18.200000762939453,3.0,342.0,110.0,18.0
166350.0,1920.0330653190613,3164.0,19.0,10.399999618530273,3.0,110.0,63.6,18.0
166400.0,1920.6395618915558,3165.0,19.0,8.600000381469727,3.0,110.0,51.8,18.0
166450.0,1921.2331759929657,3165.0,19.0,8.600000381469727,3.0,110.0,51.8,18.0
166500.0,1921.8277056217194,3165.0,19.0,8.600000381469727,3.0,110.0,51.8,18.0
166550.0,1922.4107658863068,3165.0,19.0,8.600000381469727,3.0,110.0,51.8,18.0
166600.0,1922.9990980625153,3166.0,33.0,13.800000190734863,3.0,191.0,81.6,18.0
166650.0,1923.5931758880615,3166.0,33.0,13.800000190734863,3.0,191.0,81.6,18.0
166700.0,1924.1891288757324,3166.0,33.0,13.800000190734863,3.0,191.0,81.6,18.0
166750.0,1924.771647453308,3166.0,33.0,13.800000190734863,3.0,191.0,81.6,18.0
166800.0,1925.3630928993225,3166.0,33.0,13.800000190734863,3.0,191.0,81.6,18.0
166850.0,1925.9723889827728,3167.0,44.0,22.0,6.0,250.0,128.0,40.0
166900.0,1926.5813505649567,3167.0,44.0,22.0,6.0,250.0,128.0,40.0
166950.0,1927.1715595722198,3167.0,44.0,22.0,6.0,250.0,128.0,40.0
167000.0,1927.7740876674652,3168.0,44.0,26.200000762939453,8.0,250.0,150.0,49.0
167050.0,1928.356959104538,3168.0,44.0,26.200000762939453,8.0,250.0,150.0,49.0
167100.0,1928.9536652565002,3168.0,44.0,26.200000762939453,8.0,250.0,150.0,49.0
167150.0,1929.5583138465881,3168.0,44.0,26.200000762939453,8.0,250.0,150.0,49.0
167200.0,1930.1614217758179,3168.0,44.0,26.200000762939453,8.0,250.0,150.0,49.0
167250.0,1930.755586862564,3169.0,44.0,30.799999237060547,8.0,250.0,178.0,49.0
167300.0,1931.3687694072723,3169.0,44.0,30.799999237060547,8.0,250.0,178.0,49.0
167350.0,1931.9604411125183,3169.0,44.0,30.799999237060547,8.0,250.0,178.0,49.0
167400.0,1932.5449578762054,3170.0,44.0,34.79999923706055,27.0,250.0,200.0,150.0
167450.0,1933.1254847049713,3170.0,44.0,34.79999923706055,27.0,250.0,200.0,150.0
167500.0,1933.728949546814,3171.0,44.0,31.399999618530273,16.0,250.0,180.0,91.0
167550.0,1934.3367302417755,3171.0,44.0,31.399999618530273,16.0,250.0,180.0,91.0
167600.0,1934.9445142745972,3171.0,44.0,31.399999618530273,16.0,250.0,180.0,91.0
167650.0,1935.5327470302582,3171.0,44.0,31.399999618530273,16.0,250.0,180.0,91.0
167700.0,1936.1336476802826,3171.0,44.0,31.399999618530273,16.0,250.0,180.0,91.0
167750.0,1936.7192392349243,3171.0,44.0,31.399999618530273,16.0,250.0,180.0,91.0
167800.0,1937.298346042633,3171.0,44.0,31.399999618530273,16.0,250.0,180.0,91.0
167850.0,1937.8858275413513,3171.0,44.0,31.399999618530273,16.0,250.0,180.0,91.0
167900.0,1938.4765951633453,3172.0,60.0,34.599998474121094,16.0,400.0,210.0,91.0
167950.0,1939.0540881156921,3173.0,60.0,31.0,9.0,400.0,190.4,52.0
168000.0,1939.6268844604492,3174.0,60.0,23.399999618530273,4.0,400.0,146.2,29.0
168050.0,1940.211553812027,3174.0,60.0,23.399999618530273,4.0,400.0,146.2,29.0
168100.0,1940.8091564178467,3175.0,60.0,21.600000381469727,4.0,400.0,138.6,29.0
168150.0,1941.4070918560028,3176.0,60.0,20.200000762939453,4.0,400.0,132.0,29.0
168200.0,1942.0075507164001,3176.0,60.0,20.200000762939453,4.0,400.0,132.0,29.0
168250.0,1942.6091239452362,3176.0,60.0,20.200000762939453,4.0,400.0,132.0,29.0
168300.0,1943.1851308345795,3176.0,60.0,20.200000762939453,4.0,400.0,132.0,29.0
168350.0,1943.7928602695465,3176.0,60.0,20.200000762939453,4.0,400.0,132.0,29.0
168400.0,1944.3706107139587,3177.0,38.0,15.800000190734863,4.0,240.0,100.0,29.0
168450.0,1944.9723212718964,3177.0,38.0,15.800000190734863,4.0,240.0,100.0,29.0
168500.0,1945.5734264850616,3177.0,38.0,15.800000190734863,4.0,240.0,100.0,29.0
168550.0,1946.1817395687103,3177.0,38.0,15.800000190734863,4.0,240.0,100.0,29.0
168600.0,1946.7767367362976,3177.0,38.0,15.800000190734863,4.0,240.0,100.0,29.0
168650.0,1947.350059747696,3177.0,38.0,15.800000190734863,4.0,240.0,100.0,29.0
168700.0,1947.9419374465942,3178.0,42.0,22.399999618530273,4.0,300.0,149.6,29.0
168750.0,1948.5366921424866,3178.0,42.0,22.399999618530273,4.0,300.0,149.6,29.0
168800.0,1949.1206548213959,3180.0,42.0,20.799999237060547,5.0,300.0,141.4,28.0
168850.0,1949.713288784027,3180.0,42.0,20.799999237060547,5.0,300.0,141.4,28.0
168900.0,1950.3002934455872,3181.0,42.0,20.799999237060547,5.0,300.0,146.0,28.0
168950.0,1950.9083564281464,3183.0,10.0,7.0,3.0,81.0,51.6,18.0
169000.0,1951.5142226219177,3183.0,10.0,7.0,3.0,81.0,51.6,18.0
169050.0,1952.1200530529022,3184.0,12.0,7.400000095367432,3.0,92.0,53.8,18.0
169100.0,1952.7238891124725,3185.0,12.0,7.599999904632568,3.0,92.0,56.2,18.0
169150.0,1953.3248484134674,3185.0,12.0,7.599999904632568,3.0,92.0,56.2,18.0
169200.0,1953.9123985767365,3185.0,12.0,7.599999904632568,3.0,92.0,56.2,18.0
169250.0,1954.5082507133484,3186.0,23.0,10.399999618530273,3.0,169.0,73.8,18.0
169300.0,1955.1097598075867,3186.0,23.0,10.399999618530273,3.0,169.0,73.8,18.0
169350.0,1955.7138266563416,3186.0,23.0,10.399999618530273,3.0,169.0,73.8,18.0
169400.0,1956.3072836399078,3186.0,23.0,10.399999618530273,3.0,169.0,73.8,18.0
169450.0,1956.8787047863007,3186.0,23.0,10.399999618530273,3.0,169.0,73.8,18.0
169500.0,1957.4646184444427,3188.0,32.0,15.600000381469727,5.0,222.0,110.4,29.0
169550.0,1958.0732202529907,3188.0,32.0,15.600000381469727,5.0,222.0,110.4,29.0
169600.0,1958.6841714382172,3189.0,32.0,15.600000381469727,5.0,222.0,112.2,29.0
169650.0,1959.272285938263,3190.0,32.0,15.399999618530273,5.0,222.0,110.4,29.0
169700.0,1959.8616993427277,3190.0,32.0,15.399999618530273,5.0,222.0,110.4,29.0
169750.0,1960.4611945152283,3190.0,32.0,15.399999618530273,5.0,222.0,110.4,29.0
169800.0,1961.0461235046387,3191.0,32.0,15.199999809265137,5.0,222.0,106.6,29.0
169850.0,1961.6364591121674,3192.0,22.0,10.600000381469727,5.0,150.0,75.8,29.0
169900.0,1962.233062505722,3193.0,22.0,10.399999618530273,4.0,150.0,76.4,31.0
169950.0,1962.841139793396,3194.0,22.0,10.0,4.0,150.0,69.6,31.0
170000.0,1963.434546470642,3194.0,22.0,10.0,4.0,150.0,69.6,31.0
170050.0,1964.031700372696,3194.0,22.0,10.0,4.0,150.0,69.6,31.0
170100.0,1964.629191160202,3195.0,22.0,13.399999618530273,4.0,150.0,92.2,32.0
170150.0,1965.2418415546417,3196.0,22.0,10.600000381469727,4.0,144.0,73.6,32.0
170200.0,1965.8407118320465,3197.0,22.0,9.600000381469727,4.0,144.0,66.0,30.0
170250.0,1966.4346733093262,3197.0,22.0,9.600000381469727,4.0,144.0,66.0,30.0
170300.0,1967.0199444293976,3197.0,22.0,9.600000381469727,4.0,144.0,66.0,30.0
170350.0,1967.6075174808502,3197.0,22.0,9.600000381469727,4.0,144.0,66.0,30.0
170400.0,1968.2045118808746,3197.0,22.0,9.600000381469727,4.0,144.0,66.0,30.0
170450.0,1968.8061428070068,3197.0,22.0,9.600000381469727,4.0,144.0,66.0,30.0
170500.0,1969.4125626087189,3197.0,22.0,9.600000381469727,4.0,144.0,66.0,30.0
170550.0,1970.0006458759308,3197.0,22.0,9.600000381469727,4.0,144.0,66.0,30.0
170600.0,1970.600780248642,3197.0,22.0,9.600000381469727,4.0,144.0,66.0,30.0
170650.0,1971.218806028366,3197.0,22.0,9.600000381469727,4.0,144.0,66.0,30.0
170700.0,1971.820463180542,3197.0,22.0,9.600000381469727,4.0,144.0,66.0,30.0
170750.0,1972.4321146011353,3197.0,22.0,9.600000381469727,4.0,144.0,66.0,30.0
170800.0,1973.0263390541077,3197.0,22.0,9.600000381469727,4.0,144.0,66.0,30.0
170850.0,1973.6365821361542,3197.0,22.0,9.600000381469727,4.0,144.0,66.0,30.0
170900.0,1974.2210030555725,3197.0,22.0,9.600000381469727,4.0,144.0,66.0,30.0
170950.0,1974.8187003135681,3198.0,106.0,30.0,4.0,760.0,211.6,30.0
171000.0,1975.3897161483765,3199.0,106.0,29.399999618530273,4.0,760.0,206.2,30.0
171050.0,1975.9767730236053,3200.0,106.0,27.0,4.0,760.0,190.0,30.0
171100.0,1976.570726633072,3200.0,106.0,27.0,4.0,760.0,190.0,30.0
171150.0,1977.1920988559723,3201.0,106.0,27.799999237060547,4.0,760.0,196.0,30.0
171200.0,1977.8005425930023,3202.0,106.0,28.799999237060547,7.0,760.0,200.4,40.0
171250.0,1978.3762831687927,3203.0,12.0,9.800000190734863,7.0,87.0,62.2,40.0
171300.0,1978.9716200828552,3203.0,12.0,9.800000190734863,7.0,87.0,62.2,40.0
171350.0,1979.576741218567,3203.0,12.0,9.800000190734863,7.0,87.0,62.2,40.0
171400.0,1980.183777332306,3203.0,12.0,9.800000190734863,7.0,87.0,62.2,40.0
171450.0,1980.773084640503,3203.0,12.0,9.800000190734863,7.0,87.0,62.2,40.0
171500.0,1981.3661108016968,3204.0,37.0,15.800000190734863,9.0,250.0,104.2,52.0
171550.0,1981.960444688797,3205.0,37.0,14.600000381469727,4.0,250.0,97.4,29.0
171600.0,1982.5642592906952,3205.0,37.0,14.600000381469727,4.0,250.0,97.4,29.0
171650.0,1983.175416469574,3205.0,37.0,14.600000381469727,4.0,250.0,97.4,29.0
171700.0,1983.7878272533417,3206.0,37.0,15.800000190734863,4.0,250.0,108.0,29.0
171750.0,1984.3658244609833,3206.0,37.0,15.800000190734863,4.0,250.0,108.0,29.0
171800.0,1984.9403743743896,3207.0,37.0,18.0,4.0,250.0,121.6,29.0
171850.0,1985.531851530075,3208.0,37.0,17.399999618530273,4.0,250.0,117.8,29.0
171900.0,1986.131433725357,3209.0,20.0,11.600000381469727,4.0,140.0,79.8,29.0
171950.0,1986.732296705246,3209.0,20.0,11.600000381469727,4.0,140.0,79.8,29.0
172000.0,1987.3274946212769,3209.0,20.0,11.600000381469727,4.0,140.0,79.8,29.0
172050.0,1987.9172365665436,3210.0,20.0,14.800000190734863,8.0,140.0,100.0,50.0
172100.0,1988.5240342617035,3211.0,20.0,12.800000190734863,8.0,130.0,82.0,50.0
172150.0,1989.1166093349457,3212.0,20.0,11.0,8.0,130.0,71.8,50.0
172200.0,1989.7293260097504,3212.0,20.0,11.0,8.0,130.0,71.8,50.0
172250.0,1990.3096525669098,3213.0,20.0,11.600000381469727,8.0,130.0,78.0,50.0
172300.0,1990.908102273941,3213.0,20.0,11.600000381469727,8.0,130.0,78.0,50.0
172350.0,1991.5172169208527,3214.0,20.0,13.399999618530273,8.0,130.0,86.0,50.0
172400.0,1992.122082233429,3214.0,20.0,13.399999618530273,8.0,130.0,86.0,50.0
172450.0,1992.685364484787,3214.0,20.0,13.399999618530273,8.0,130.0,86.0,50.0
172500.0,1993.2508187294006,3215.0,27.0,14.800000190734863,8.0,161.0,92.2,50.0
172550.0,1993.8297424316406,3215.0,27.0,14.800000190734863,8.0,161.0,92.2,50.0
172600.0,1994.384654045105,3215.0,27.0,14.800000190734863,8.0,161.0,92.2,50.0
172650.0,1994.9563565254211,3216.0,27.0,18.399999618530273,11.0,161.0,113.8,69.0
172700.0,1995.5454103946686,3216.0,27.0,18.399999618530273,11.0,161.0,113.8,69.0
172750.0,1996.1259369850159,3216.0,27.0,18.399999618530273,11.0,161.0,113.8,69.0
172800.0,1996.7265634536743,3217.0,27.0,20.600000381469727,11.0,161.0,128.2,81.0
172850.0,1997.3116509914398,3217.0,27.0,20.600000381469727,11.0,161.0,128.2,81.0
172900.0,1997.9078259468079,3218.0,27.0,21.399999618530273,15.0,161.0,130.0,90.0
172950.0,1998.475463628769,3218.0,27.0,21.399999618530273,15.0,161.0,130.0,90.0
173000.0,1999.0657784938812,3219.0,27.0,22.200000762939453,15.0,161.0,134.4,90.0
173050.0,1999.6734554767609,3220.0,26.0,18.399999618530273,8.0,158.0,111.6,47.0
173100.0,2000.2814860343933,3220.0,26.0,18.399999618530273,8.0,158.0,111.6,47.0
173150.0,2000.883627653122,3220.0,26.0,18.399999618530273,8.0,158.0,111.6,47.0
173200.0,2001.4809293746948,3221.0,25.0,18.200000762939453,8.0,151.0,110.2,47.0
173250.0,2002.0594992637634,3222.0,25.0,15.199999809265137,7.0,151.0,90.0,40.0
173300.0,2002.6528911590576,3223.0,25.0,14.0,7.0,151.0,82.0,40.0
173350.0,2003.2452387809753,3223.0,25.0,14.0,7.0,151.0,82.0,40.0
173400.0,2003.828865289688,3223.0,25.0,14.0,7.0,151.0,82.0,40.0
173450.0,2004.4053916931152,3224.0,26.0,15.0,7.0,162.0,90.0,40.0
173500.0,2004.9877700805664,3224.0,26.0,15.0,7.0,162.0,90.0,40.0
173550.0,2005.5841658115387,3224.0,26.0,15.0,7.0,162.0,90.0,40.0
173600.0,2006.1814093589783,3224.0,26.0,15.0,7.0,162.0,90.0,40.0
173650.0,2006.776930809021,3225.0,33.0,20.0,7.0,197.0,120.0,40.0
173700.0,2007.3612542152405,3227.0,33.0,14.800000190734863,3.0,197.0,89.8,18.0
173750.0,2007.9530646800995,3227.0,33.0,14.800000190734863,3.0,197.0,89.8,18.0
173800.0,2008.5565645694733,3227.0,33.0,14.800000190734863,3.0,197.0,89.8,18.0
173850.0,2009.1638696193695,3227.0,33.0,14.800000190734863,3.0,197.0,89.8,18.0
173900.0,2009.7754337787628,3227.0,33.0,14.800000190734863,3.0,197.0,89.8,18.0
173950.0,2010.3590016365051,3227.0,33.0,14.800000190734863,3.0,197.0,89.8,18.0
174000.0,2010.9494161605835,3227.0,33.0,14.800000190734863,3.0,197.0,89.8,18.0
174050.0,2011.5418560504913,3227.0,33.0,14.800000190734863,3.0,197.0,89.8,18.0
174100.0,2012.144056558609,3228.0,70.0,27.0,3.0,401.0,160.0,18.0
174150.0,2012.7351913452148,3228.0,70.0,27.0,3.0,401.0,160.0,18.0
174200.0,2013.31956076622,3229.0,70.0,25.200000762939453,3.0,401.0,147.6,18.0
174250.0,2013.9282269477844,3229.0,70.0,25.200000762939453,3.0,401.0,147.6,18.0
174300.0,2014.5369186401367,3229.0,70.0,25.200000762939453,3.0,401.0,147.6,18.0
174350.0,2015.1438283920288,3230.0,70.0,23.600000381469727,3.0,401.0,138.2,18.0
174400.0,2015.756875038147,3230.0,70.0,23.600000381469727,3.0,401.0,138.2,18.0
174450.0,2016.358981370926,3231.0,70.0,26.200000762939453,3.0,401.0,153.8,18.0
174500.0,2016.9709496498108,3231.0,70.0,26.200000762939453,3.0,401.0,153.8,18.0
174550.0,2017.572663784027,3231.0,70.0,26.200000762939453,3.0,401.0,153.8,18.0
174600.0,2018.1847531795502,3231.0,70.0,26.200000762939453,3.0,401.0,153.8,18.0
174650.0,2018.808760881424,3232.0,70.0,32.20000076293945,16.0,401.0,190.2,100.0
174700.0,2019.4169554710388,3233.0,33.0,19.200000762939453,5.0,200.0,116.2,31.0
174750.0,2020.0264613628387,3235.0,33.0,13.0,3.0,200.0,79.8,18.0
174800.0,2020.6393735408783,3236.0,33.0,11.800000190734863,3.0,200.0,72.0,18.0
174850.0,2021.2218470573425,3236.0,33.0,11.800000190734863,3.0,200.0,72.0,18.0
174900.0,2021.8275468349457,3237.0,12.0,7.599999904632568,3.0,71.0,46.2,18.0
174950.0,2022.4021401405334,3237.0,12.0,7.599999904632568,3.0,71.0,46.2,18.0
175000.0,2023.0010347366333,3238.0,15.0,9.600000381469727,3.0,100.0,60.0,18.0
175050.0,2023.5597009658813,3238.0,15.0,9.600000381469727,3.0,100.0,60.0,18.0
175100.0,2024.1267819404602,3239.0,21.0,12.199999809265137,3.0,128.0,75.6,18.0
175150.0,2024.7207193374634,3239.0,21.0,12.199999809265137,3.0,128.0,75.6,18.0
175200.0,2025.2904241085052,3240.0,21.0,14.199999809265137,10.0,128.0,90.6,61.0
175250.0,2025.8707866668701,3240.0,21.0,14.199999809265137,10.0,128.0,90.6,61.0
175300.0,2026.4150924682617,3240.0,21.0,14.199999809265137,10.0,128.0,90.6,61.0
175350.0,2026.964584350586,3240.0,21.0,14.199999809265137,10.0,128.0,90.6,61.0
175400.0,2027.5247066020966,3240.0,21.0,14.199999809265137,10.0,128.0,90.6,61.0
175450.0,2028.0959441661835,3241.0,38.0,19.799999237060547,12.0,259.0,130.2,71.0
175500.0,2028.6729896068573,3241.0,38.0,19.799999237060547,12.0,259.0,130.2,71.0
175550.0,2029.2557604312897,3242.0,38.0,19.600000381469727,11.0,259.0,132.2,81.0
175600.0,2029.852528333664,3242.0,38.0,19.600000381469727,11.0,259.0,132.2,81.0
175650.0,2030.4516654014587,3242.0,38.0,19.600000381469727,11.0,259.0,132.2,81.0
175700.0,2031.0423622131348,3242.0,38.0,19.600000381469727,11.0,259.0,132.2,81.0
175750.0,2031.6409463882446,3243.0,38.0,22.399999618530273,11.0,259.0,154.0,81.0
175800.0,2032.2465343475342,3243.0,38.0,22.399999618530273,11.0,259.0,154.0,81.0
175850.0,2032.8512015342712,3245.0,38.0,18.799999237060547,3.0,259.0,131.6,18.0
175900.0,2033.451568365097,3246.0,29.0,12.399999618530273,3.0,209.0,88.0,18.0
175950.0,2034.0479967594147,3247.0,29.0,11.399999618530273,3.0,209.0,79.6,18.0
176000.0,2034.6491165161133,3247.0,29.0,11.399999618530273,3.0,209.0,79.6,18.0
176050.0,2035.2470214366913,3247.0,29.0,11.399999618530273,3.0,209.0,79.6,18.0
176100.0,2035.8385820388794,3247.0,29.0,11.399999618530273,3.0,209.0,79.6,18.0
176150.0,2036.4374408721924,3247.0,29.0,11.399999618530273,3.0,209.0,79.6,18.0
176200.0,2037.029145002365,3249.0,31.0,9.800000190734863,3.0,241.0,71.4,18.0
176250.0,2037.6099970340729,3250.0,31.0,10.199999809265137,3.0,241.0,74.2,18.0
176300.0,2038.210435628891,3250.0,31.0,10.199999809265137,3.0,241.0,74.2,18.0
176350.0,2038.7980794906616,3252.0,31.0,11.0,3.0,241.0,81.8,18.0
176400.0,2039.4038803577423,3253.0,13.0,6.199999809265137,3.0,100.0,42.0,18.0
176450.0,2040.0145692825317,3254.0,13.0,7.0,3.0,100.0,46.4,18.0
176500.0,2040.6146733760834,3256.0,9.0,5.800000190734863,3.0,59.0,35.4,18.0
176550.0,2041.2049651145935,3257.0,9.0,6.599999904632568,3.0,59.0,40.4,18.0
176600.0,2041.8115968704224,3258.0,9.0,6.599999904632568,3.0,59.0,41.8,18.0
176650.0,2042.4129631519318,3258.0,9.0,6.599999904632568,3.0,59.0,41.8,18.0
176700.0,2043.0127391815186,3258.0,9.0,6.599999904632568,3.0,59.0,41.8,18.0
176750.0,2043.6201124191284,3260.0,18.0,8.0,3.0,131.0,54.0,18.0
176800.0,2044.2220442295074,3260.0,18.0,8.0,3.0,131.0,54.0,18.0
176850.0,2044.8095109462738,3262.0,18.0,9.0,5.0,131.0,61.8,29.0
176900.0,2045.4161231517792,3262.0,18.0,9.0,5.0,131.0,61.8,29.0
176950.0,2046.0232594013214,3263.0,18.0,9.600000381469727,5.0,131.0,68.0,29.0
177000.0,2046.6247556209564,3263.0,18.0,9.600000381469727,5.0,131.0,68.0,29.0
177050.0,2047.2127394676208,3263.0,18.0,9.600000381469727,5.0,131.0,68.0,29.0
177100.0,2047.8078184127808,3263.0,18.0,9.600000381469727,5.0,131.0,68.0,29.0
177150.0,2048.4129276275635,3263.0,18.0,9.600000381469727,5.0,131.0,68.0,29.0
177200.0,2049.013228416443,3263.0,18.0,9.600000381469727,5.0,131.0,68.0,29.0
177250.0,2049.614654779434,3263.0,18.0,9.600000381469727,5.0,131.0,68.0,29.0
177300.0,2050.200995206833,3263.0,18.0,9.600000381469727,5.0,131.0,68.0,29.0
177350.0,2050.8055839538574,3263.0,18.0,9.600000381469727,5.0,131.0,68.0,29.0
177400.0,2051.365888595581,3263.0,18.0,9.600000381469727,5.0,131.0,68.0,29.0
177450.0,2051.933910369873,3263.0,18.0,9.600000381469727,5.0,131.0,68.0,29.0
177500.0,2052.530100107193,3264.0,91.0,24.200000762939453,5.0,560.0,153.8,29.0
177550.0,2053.1317100524902,3265.0,91.0,25.200000762939453,5.0,560.0,159.8,29.0
177600.0,2053.729023218155,3265.0,91.0,25.200000762939453,5.0,560.0,159.8,29.0
177650.0,2054.337069749832,3265.0,91.0,25.200000762939453,5.0,560.0,159.8,29.0
177700.0,2054.94078874588,3265.0,91.0,25.200000762939453,5.0,560.0,159.8,29.0
177750.0,2055.546158313751,3266.0,91.0,27.799999237060547,5.0,560.0,185.8,29.0
177800.0,2056.146755695343,3267.0,91.0,27.799999237060547,5.0,560.0,186.0,30.0
177850.0,2056.749324321747,3267.0,91.0,27.799999237060547,5.0,560.0,186.0,30.0
177900.0,2057.3492381572723,3267.0,91.0,27.799999237060547,5.0,560.0,186.0,30.0
177950.0,2057.95765042305,3267.0,91.0,27.799999237060547,5.0,560.0,186.0,30.0
178000.0,2058.5462079048157,3267.0,91.0,27.799999237060547,5.0,560.0,186.0,30.0
178050.0,2059.142272233963,3267.0,91.0,27.799999237060547,5.0,560.0,186.0,30.0
178100.0,2059.7340376377106,3267.0,91.0,27.799999237060547,5.0,560.0,186.0,30.0
178150.0,2060.3222150802612,3268.0,91.0,35.0,5.0,560.0,240.0,30.0
178200.0,2060.9157021045685,3268.0,91.0,35.0,5.0,560.0,240.0,30.0
178250.0,2061.5080699920654,3268.0,91.0,35.0,5.0,560.0,240.0,30.0
178300.0,2062.113925933838,3269.0,46.0,22.399999618530273,5.0,350.0,160.0,30.0
178350.0,2062.717179298401,3269.0,46.0,22.399999618530273,5.0,350.0,160.0,30.0
178400.0,2063.3321125507355,3269.0,46.0,22.399999618530273,5.0,350.0,160.0,30.0
178450.0,2063.9304814338684,3269.0,46.0,22.399999618530273,5.0,350.0,160.0,30.0
178500.0,2064.5281176567078,3270.0,46.0,27.399999618530273,5.0,350.0,188.2,30.0
178550.0,2065.1347572803497,3270.0,46.0,27.399999618530273,5.0,350.0,188.2,30.0
178600.0,2065.7391624450684,3271.0,46.0,26.600000381469727,5.0,350.0,170.4,30.0
178650.0,2066.346509218216,3271.0,46.0,26.600000381469727,5.0,350.0,170.4,30.0
178700.0,2066.9557781219482,3271.0,46.0,26.600000381469727,5.0,350.0,170.4,30.0
178750.0,2067.5430710315704,3271.0,46.0,26.600000381469727,5.0,350.0,170.4,30.0
178800.0,2068.1458733081818,3271.0,46.0,26.600000381469727,5.0,350.0,170.4,30.0
178850.0,2068.757056236267,3272.0,46.0,33.20000076293945,19.0,350.0,208.2,112.0
178900.0,2069.3400268554688,3272.0,46.0,33.20000076293945,19.0,350.0,208.2,112.0
178950.0,2069.909363746643,3273.0,38.0,28.200000762939453,19.0,219.0,164.0,112.0
179000.0,2070.5026569366455,3273.0,38.0,28.200000762939453,19.0,219.0,164.0,112.0
179050.0,2071.10857963562,3274.0,38.0,25.399999618530273,14.0,219.0,150.0,90.0
179100.0,2071.7127244472504,3275.0,38.0,20.200000762939453,9.0,219.0,121.8,59.0
179150.0,2072.315996170044,3275.0,38.0,20.200000762939453,9.0,219.0,121.8,59.0
179200.0,2072.908616065979,3275.0,38.0,20.200000762939453,9.0,219.0,121.8,59.0
179250.0,2073.5094146728516,3276.0,38.0,20.600000381469727,9.0,219.0,127.6,59.0
179300.0,2074.118642807007,3277.0,21.0,14.800000190734863,9.0,141.0,95.8,59.0
179350.0,2074.7212562561035,3277.0,21.0,14.800000190734863,9.0,141.0,95.8,59.0
179400.0,2075.325090408325,3277.0,21.0,14.800000190734863,9.0,141.0,95.8,59.0
179450.0,2075.9240338802338,3278.0,23.0,15.199999809265137,9.0,149.0,99.8,59.0
179500.0,2076.5144798755646,3278.0,23.0,15.199999809265137,9.0,149.0,99.8,59.0
179550.0,2077.1239655017853,3278.0,23.0,15.199999809265137,9.0,149.0,99.8,59.0
179600.0,2077.724724292755,3278.0,23.0,15.199999809265137,9.0,149.0,99.8,59.0
179650.0,2078.3363234996796,3278.0,23.0,15.199999809265137,9.0,149.0,99.8,59.0
179700.0,2078.9023582935333,3278.0,23.0,15.199999809265137,9.0,149.0,99.8,59.0
179750.0,2079.483507871628,3278.0,23.0,15.199999809265137,9.0,149.0,99.8,59.0
179800.0,2080.085375070572,3279.0,57.0,23.799999237060547,9.0,341.0,150.0,59.0
179850.0,2080.684660434723,3279.0,57.0,23.799999237060547,9.0,341.0,150.0,59.0
179900.0,2081.285904407501,3279.0,57.0,23.799999237060547,9.0,341.0,150.0,59.0
179950.0,2081.8888533115387,3280.0,57.0,27.399999618530273,9.0,341.0,170.2,60.0
180000.0,2082.4887659549713,3280.0,57.0,27.399999618530273,9.0,341.0,170.2,60.0
180050.0,2083.096405029297,3285.0,7.0,1.7999999523162842,0.0,59.0,20.6,6.0
180100.0,2083.6830203533173,3289.0,1.0,0.4000000059604645,0.0,16.0,10.0,6.0
180150.0,2084.2612223625183,3292.0,2.0,0.6000000238418579,0.0,32.0,13.2,6.0
180200.0,2084.8243024349213,3293.0,2.0,0.800000011920929,0.0,32.0,15.6,6.0
180250.0,2085.402600288391,3296.0,5.0,1.600000023841858,0.0,62.0,23.6,6.0
180300.0,2086.0052587985992,3298.0,5.0,1.7999999523162842,0.0,62.0,25.6,6.0
180350.0,2086.6176660060883,3301.0,3.0,1.2000000476837158,0.0,38.0,19.6,6.0
180400.0,2087.2204570770264,3302.0,2.0,1.0,0.0,30.0,18.0,6.0
180450.0,2087.795623064041,3303.0,5.0,2.0,0.0,60.0,28.8,6.0
180500.0,2088.3674495220184,3304.0,5.0,2.5999999046325684,0.0,60.0,34.4,6.0
180550.0,2088.9581084251404,3306.0,5.0,3.0,1.0,60.0,38.8,16.0
180600.0,2089.5630078315735,3308.0,4.0,2.200000047683716,1.0,50.0,30.8,16.0
180650.0,2090.1730456352234,3310.0,2.0,1.399999976158142,1.0,34.0,23.2,16.0
180700.0,2090.780461549759,3313.0,2.0,1.2000000476837158,0.0,36.0,21.6,6.0
180750.0,2091.365509748459,3316.0,1.0,0.6000000238418579,0.0,16.0,12.0,6.0
180800.0,2091.967132329941,3318.0,3.0,1.2000000476837158,0.0,38.0,18.4,6.0
180850.0,2092.5723872184753,3319.0,3.0,1.399999976158142,0.0,38.0,22.0,6.0
180900.0,2093.1678142547607,3321.0,3.0,2.200000047683716,1.0,40.0,30.8,16.0
180950.0,2093.7662177085876,3322.0,3.0,2.0,1.0,40.0,30.0,16.0
181000.0,2094.3624682426453,3324.0,3.0,2.200000047683716,1.0,40.0,31.2,16.0
181050.0,2094.9500391483307,3325.0,3.0,2.200000047683716,1.0,44.0,32.0,16.0
181100.0,2095.5614552497864,3326.0,5.0,2.799999952316284,1.0,62.0,39.2,16.0
181150.0,2096.1526000499725,3328.0,5.0,2.4000000953674316,0.0,62.0,33.2,6.0
181200.0,2096.730600833893,3329.0,5.0,2.799999952316284,0.0,62.0,38.8,6.0
181250.0,2097.313090801239,3330.0,5.0,3.200000047683716,0.0,62.0,42.4,6.0
181300.0,2097.8801052570343,3331.0,5.0,2.799999952316284,0.0,62.0,38.0,6.0
181350.0,2098.4694516658783,3332.0,5.0,3.0,0.0,62.0,40.4,6.0
181400.0,2099.053767681122,3333.0,5.0,4.0,3.0,62.0,51.2,40.0
181450.0,2099.6241109371185,3335.0,5.0,3.200000047683716,2.0,60.0,40.8,26.0
181500.0,2100.2062010765076,3336.0,5.0,3.0,2.0,60.0,40.0,26.0
181550.0,2100.7999567985535,3338.0,4.0,2.200000047683716,1.0,48.0,30.8,16.0
181600.0,2101.402736902237,3339.0,4.0,2.4000000953674316,1.0,48.0,34.4,16.0
181650.0,2101.997811794281,3340.0,4.0,2.799999952316284,1.0,50.0,39.2,16.0
181700.0,2102.5977478027344,3342.0,4.0,2.4000000953674316,1.0,50.0,33.2,16.0
181750.0,2103.199779033661,3342.0,4.0,2.4000000953674316,1.0,50.0,33.2,16.0
181800.0,2103.800952196121,3343.0,5.0,3.200000047683716,2.0,74.0,44.8,26.0
181850.0,2104.393055200577,3344.0,5.0,3.5999999046325684,2.0,74.0,47.6,26.0
181900.0,2104.976467847824,3345.0,5.0,3.5999999046325684,2.0,74.0,48.0,26.0
181950.0,2105.5648226737976,3347.0,5.0,3.799999952316284,1.0,74.0,50.0,16.0
182000.0,2106.156672477722,3348.0,5.0,3.4000000953674316,1.0,60.0,44.4,16.0
182050.0,2106.729851961136,3350.0,4.0,2.4000000953674316,1.0,48.0,32.8,16.0
182100.0,2107.2883932590485,3351.0,3.0,2.200000047683716,1.0,46.0,32.4,16.0
182150.0,2107.8557736873627,3352.0,3.0,2.5999999046325684,2.0,46.0,36.8,26.0
182200.0,2108.437127828598,3353.0,4.0,2.799999952316284,2.0,50.0,37.6,26.0
182250.0,2109.0404965877533,3354.0,4.0,3.200000047683716,2.0,52.0,42.4,26.0
182300.0,2109.6517255306244,3355.0,4.0,3.200000047683716,2.0,52.0,42.8,28.0
182350.0,2110.2520554065704,3356.0,5.0,3.5999999046325684,2.0,60.0,45.6,28.0
182400.0,2110.846622467041,3357.0,5.0,4.0,2.0,60.0,50.0,28.0
182450.0,2111.436714887619,3358.0,5.0,4.199999809265137,2.0,62.0,52.4,28.0
182500.0,2112.0334293842316,3359.0,5.0,4.0,2.0,62.0,49.6,28.0
182550.0,2112.632400751114,3360.0,5.0,4.400000095367432,3.0,62.0,54.0,38.0
182600.0,2113.2313299179077,3361.0,5.0,4.199999809265137,3.0,62.0,52.0,38.0
182650.0,2113.8418209552765,3362.0,5.0,4.0,3.0,62.0,50.0,38.0
182700.0,2114.4215772151947,3363.0,4.0,3.799999952316284,3.0,52.0,48.0,38.0
182750.0,2115.024695634842,3364.0,4.0,4.0,4.0,52.0,50.0,48.0
182800.0,2115.63325548172,3365.0,5.0,4.199999809265137,4.0,62.0,52.4,48.0
182850.0,2116.2287197113037,3366.0,5.0,4.199999809265137,4.0,62.0,52.4,48.0
182900.0,2116.82342338562,3367.0,5.0,4.199999809265137,4.0,62.0,52.4,48.0
182950.0,2117.4212148189545,3368.0,5.0,4.199999809265137,4.0,62.0,52.0,48.0
183000.0,2118.031459093094,3369.0,5.0,4.0,3.0,62.0,50.0,38.0
183050.0,2118.6202206611633,3370.0,5.0,4.0,3.0,62.0,50.0,38.0
183100.0,2119.178281068802,3371.0,5.0,4.0,3.0,62.0,50.0,38.0
183150.0,2119.7547736167908,3372.0,5.0,4.0,3.0,62.0,50.0,38.0
183200.0,2120.3513593673706,3374.0,5.0,3.4000000953674316,0.0,62.0,43.6,6.0
183250.0,2120.9371819496155,3375.0,4.0,3.0,0.0,50.0,40.0,6.0
183300.0,2121.549996614456,3376.0,5.0,3.200000047683716,0.0,60.0,42.0,6.0
183350.0,2122.129383802414,3377.0,5.0,3.0,0.0,60.0,40.0,6.0
183400.0,2122.7285916805267,3378.0,5.0,2.799999952316284,0.0,60.0,37.6,6.0
183450.0,2123.328509092331,3378.0,5.0,2.799999952316284,0.0,60.0,37.6,6.0
183500.0,2123.93941450119,3379.0,8.0,4.400000095367432,3.0,100.0,56.4,38.0
183550.0,2124.53635263443,3380.0,8.0,4.800000190734863,3.0,100.0,60.0,38.0
183600.0,2125.102553129196,3381.0,8.0,4.800000190734863,3.0,100.0,60.0,38.0
183650.0,2125.6964700222015,3382.0,8.0,4.599999904632568,2.0,100.0,57.6,28.0
183700.0,2126.282561779022,3383.0,8.0,5.0,2.0,100.0,62.4,28.0
183750.0,2126.8760545253754,3384.0,5.0,4.199999809265137,2.0,62.0,52.4,28.0
183800.0,2127.4691457748413,3385.0,5.0,4.0,2.0,62.0,50.0,28.0
183850.0,2128.0768089294434,3386.0,5.0,3.799999952316284,2.0,62.0,48.0,28.0
183900.0,2128.6692876815796,3387.0,5.0,3.799999952316284,2.0,62.0,48.0,28.0
183950.0,2129.248369693756,3388.0,7.0,4.199999809265137,2.0,82.0,52.0,28.0
184000.0,2129.8287818431854,3389.0,7.0,3.799999952316284,2.0,82.0,47.6,28.0
184050.0,2130.4158980846405,3390.0,7.0,4.0,2.0,82.0,50.0,28.0
184100.0,2131.012892961502,3391.0,7.0,4.0,2.0,82.0,50.0,28.0
184150.0,2131.5853531360626,3392.0,7.0,4.400000095367432,2.0,82.0,54.4,28.0
184200.0,2132.185200214386,3393.0,5.0,3.5999999046325684,2.0,62.0,46.0,28.0
184250.0,2132.7850522994995,3394.0,5.0,4.199999809265137,3.0,62.0,52.4,40.0
184300.0,2133.3911685943604,3395.0,5.0,4.0,3.0,60.0,50.0,40.0
184350.0,2133.9955229759216,3396.0,5.0,4.0,3.0,60.0,50.0,40.0
184400.0,2134.5887537002563,3397.0,5.0,3.5999999046325684,2.0,60.0,45.6,28.0
184450.0,2135.187227010727,3398.0,6.0,4.199999809265137,2.0,72.0,52.0,28.0
184500.0,2135.7694787979126,3399.0,6.0,4.0,2.0,72.0,50.0,28.0
184550.0,2136.366690635681,3400.0,6.0,4.199999809265137,2.0,72.0,52.0,28.0
184600.0,2136.9604003429413,3401.0,6.0,3.799999952316284,2.0,72.0,47.6,28.0
184650.0,2137.5245888233185,3402.0,6.0,4.599999904632568,2.0,72.0,56.4,28.0
184700.0,2138.120447397232,3403.0,6.0,4.0,2.0,72.0,50.0,28.0
184750.0,2138.720335006714,3404.0,6.0,4.0,2.0,72.0,50.0,28.0
184800.0,2139.325268507004,3405.0,6.0,3.799999952316284,2.0,72.0,48.0,28.0
184850.0,2139.9216878414154,3406.0,6.0,3.799999952316284,2.0,72.0,48.0,28.0
184900.0,2140.497833967209,3407.0,5.0,3.5999999046325684,2.0,60.0,45.6,28.0
184950.0,2141.093186855316,3408.0,5.0,3.799999952316284,2.0,60.0,47.6,28.0
185000.0,2141.6847002506256,3409.0,5.0,3.799999952316284,2.0,60.0,47.6,28.0
185050.0,2142.2770326137543,3410.0,5.0,4.0,2.0,62.0,50.0,28.0
185100.0,2142.8683598041534,3411.0,5.0,4.400000095367432,4.0,62.0,54.4,50.0
185150.0,2143.4546871185303,3412.0,5.0,4.0,3.0,62.0,50.0,38.0
185200.0,2144.054272890091,3414.0,5.0,3.4000000953674316,2.0,62.0,43.6,30.0
185250.0,2144.6558322906494,3415.0,4.0,3.0,2.0,50.0,40.0,30.0
185300.0,2145.2314546108246,3416.0,3.0,2.5999999046325684,2.0,44.0,35.6,28.0
185350.0,2145.81342625618,3417.0,6.0,3.200000047683716,2.0,72.0,42.4,28.0
185400.0,2146.4038529396057,3418.0,6.0,3.5999999046325684,2.0,72.0,46.4,28.0
185450.0,2147.007878303528,3419.0,6.0,3.5999999046325684,2.0,72.0,46.4,28.0
185500.0,2147.6016511917114,3420.0,6.0,4.199999809265137,2.0,72.0,52.0,28.0
185550.0,2148.1831426620483,3421.0,6.0,4.400000095367432,3.0,72.0,54.4,38.0
185600.0,2148.765640735626,3422.0,6.0,3.799999952316284,3.0,72.0,47.6,38.0
185650.0,2149.354590177536,3424.0,6.0,3.4000000953674316,2.0,72.0,43.2,26.0
185700.0,2149.952909708023,3425.0,3.0,2.799999952316284,2.0,46.0,38.0,26.0
185750.0,2150.5647230148315,3426.0,4.0,3.0,2.0,50.0,40.0,26.0
185800.0,2151.1569690704346,3427.0,4.0,3.200000047683716,2.0,50.0,42.4,26.0
185850.0,2151.7389330863953,3428.0,4.0,3.4000000953674316,2.0,50.0,44.4,26.0
185900.0,2152.33766746521,3429.0,4.0,3.5999999046325684,3.0,50.0,46.8,38.0
185950.0,2152.9462506771088,3430.0,4.0,3.5999999046325684,3.0,50.0,45.6,38.0
186000.0,2153.5323157310486,3431.0,4.0,3.5999999046325684,3.0,50.0,45.6,38.0
186050.0,2154.10347533226,3432.0,6.0,4.0,3.0,72.0,50.0,38.0
186100.0,2154.663203239441,3433.0,6.0,4.199999809265137,3.0,72.0,52.4,38.0
186150.0,2155.2530336380005,3434.0,6.0,4.199999809265137,3.0,72.0,52.4,38.0
186200.0,2155.852807998657,3435.0,6.0,4.199999809265137,3.0,72.0,52.0,38.0
186250.0,2156.449031352997,3438.0,3.0,2.200000047683716,1.0,40.0,29.6,16.0
186300.0,2157.023977994919,3440.0,3.0,1.600000023841858,0.0,40.0,23.6,6.0
186350.0,2157.5958247184753,3441.0,3.0,1.600000023841858,0.0,44.0,24.4,6.0
186400.0,2158.191354036331,3442.0,3.0,2.0,0.0,44.0,29.2,6.0
186450.0,2158.7844178676605,3443.0,5.0,2.799999952316284,0.0,60.0,38.0,6.0
186500.0,2159.36710357666,3444.0,5.0,2.799999952316284,0.0,60.0,37.6,6.0
186550.0,2159.9729523658752,3445.0,5.0,3.5999999046325684,3.0,60.0,46.4,38.0
186600.0,2160.5669827461243,3446.0,5.0,3.799999952316284,3.0,60.0,47.6,38.0
186650.0,2161.130284547806,3447.0,5.0,4.199999809265137,3.0,62.0,52.0,38.0
186700.0,2161.7211575508118,3448.0,5.0,4.0,3.0,62.0,50.0,38.0
186750.0,2162.3127660751343,3451.0,5.0,2.5999999046325684,1.0,62.0,34.4,16.0
186800.0,2162.889335155487,3452.0,4.0,2.200000047683716,1.0,50.0,30.0,16.0
186850.0,2163.4728558063507,3453.0,3.0,2.0,1.0,40.0,28.0,16.0
186900.0,2164.0375821590424,3454.0,6.0,2.799999952316284,1.0,70.0,36.4,16.0
186950.0,2164.617977142334,3455.0,6.0,3.200000047683716,1.0,70.0,41.2,16.0
187000.0,2165.187882900238,3457.0,6.0,3.200000047683716,1.0,70.0,40.8,16.0
187050.0,2165.7782757282257,3458.0,6.0,3.200000047683716,1.0,70.0,42.0,16.0
187100.0,2166.3663845062256,3459.0,3.0,2.5999999046325684,1.0,46.0,35.6,16.0
187150.0,2166.95059466362,3459.0,3.0,2.5999999046325684,1.0,46.0,35.6,16.0
187200.0,2167.529967069626,3460.0,9.0,3.799999952316284,1.0,112.0,50.0,16.0
187250.0,2168.1249001026154,3461.0,9.0,4.0,1.0,112.0,52.4,16.0
187300.0,2168.729386806488,3462.0,9.0,4.800000190734863,3.0,112.0,61.2,38.0
187350.0,2169.3327202796936,3463.0,9.0,4.800000190734863,3.0,112.0,60.0,38.0
187400.0,2169.9352984428406,3464.0,9.0,4.800000190734863,3.0,112.0,60.4,40.0
187450.0,2170.5126264095306,3466.0,5.0,3.200000047683716,2.0,60.0,40.8,26.0
187500.0,2171.107629776001,3467.0,3.0,2.799999952316284,2.0,46.0,38.0,26.0
187550.0,2171.6756434440613,3468.0,4.0,3.0,2.0,50.0,40.0,26.0
187600.0,2172.25665307045,3469.0,4.0,3.200000047683716,2.0,50.0,42.0,26.0
187650.0,2172.825680732727,3470.0,4.0,3.4000000953674316,2.0,50.0,44.4,26.0
187700.0,2173.400798559189,3471.0,4.0,3.799999952316284,3.0,50.0,49.2,46.0
187750.0,2174.0007989406586,3472.0,5.0,4.199999809265137,4.0,60.0,52.0,50.0
187800.0,2174.5930926799774,3473.0,5.0,4.0,3.0,60.0,50.0,40.0
187850.0,2175.1691296100616,3474.0,5.0,3.5999999046325684,2.0,60.0,45.6,28.0
187900.0,2175.7510902881622,3475.0,6.0,4.0,2.0,72.0,50.0,28.0
187950.0,2176.3330380916595,3476.0,6.0,4.0,2.0,72.0,50.0,28.0
188000.0,2176.901445388794,3477.0,6.0,3.799999952316284,2.0,72.0,48.0,28.0
188050.0,2177.471824169159,3478.0,6.0,3.799999952316284,2.0,72.0,47.6,28.0
188100.0,2178.044216632843,3479.0,6.0,4.599999904632568,3.0,72.0,56.4,38.0
188150.0,2178.6302103996277,3480.0,6.0,3.5999999046325684,1.0,72.0,45.6,18.0
188200.0,2179.2327778339386,3481.0,6.0,3.5999999046325684,1.0,72.0,45.6,18.0
188250.0,2179.8181433677673,3482.0,7.0,4.199999809265137,1.0,82.0,52.0,18.0
188300.0,2180.4052596092224,3483.0,7.0,4.199999809265137,1.0,82.0,52.4,18.0
188350.0,2180.9881217479706,3484.0,7.0,3.799999952316284,1.0,82.0,48.0,18.0
188400.0,2181.5842237472534,3485.0,7.0,4.0,2.0,82.0,50.0,28.0
188450.0,2182.169376850128,3485.0,7.0,4.0,2.0,82.0,50.0,28.0
188500.0,2182.739384651184,3487.0,10.0,3.799999952316284,0.0,122.0,49.2,6.0
188550.0,2183.3097603321075,3488.0,10.0,3.799999952316284,0.0,122.0,50.0,6.0
188600.0,2183.8966014385223,3489.0,10.0,3.799999952316284,0.0,122.0,50.0,6.0
188650.0,2184.4845747947693,3490.0,10.0,4.400000095367432,0.0,122.0,56.4,6.0
188700.0,2185.083715200424,3491.0,5.0,3.0,0.0,60.0,40.0,6.0
188750.0,2185.6772830486298,3492.0,5.0,3.799999952316284,3.0,60.0,48.8,40.0
188800.0,2186.2685022354126,3493.0,5.0,4.0,3.0,60.0,50.0,40.0
188850.0,2186.8797731399536,3494.0,5.0,3.5999999046325684,2.0,60.0,45.6,28.0
188900.0,2187.465541601181,3495.0,6.0,3.799999952316284,2.0,72.0,48.0,28.0
188950.0,2188.056651830673,3496.0,6.0,4.199999809265137,2.0,72.0,52.0,28.0
189000.0,2188.633458852768,3497.0,6.0,4.0,2.0,72.0,50.0,28.0
189050.0,2189.1985375881195,3498.0,6.0,4.0,2.0,72.0,50.0,28.0
189100.0,2189.7966554164886,3499.0,6.0,4.599999904632568,3.0,72.0,56.8,40.0
189150.0,2190.388403892517,3500.0,5.0,4.0,3.0,62.0,50.0,38.0
189200.0,2190.9887413978577,3501.0,5.0,3.799999952316284,3.0,62.0,48.0,38.0
189250.0,2191.569776535034,3502.0,5.0,4.199999809265137,3.0,62.0,52.0,38.0
189300.0,2192.139008998871,3503.0,5.0,3.799999952316284,2.0,62.0,47.6,28.0
189350.0,2192.720592737198,3504.0,5.0,3.5999999046325684,2.0,60.0,45.2,28.0
189400.0,2193.323624610901,3505.0,5.0,4.0,2.0,62.0,50.0,28.0
189450.0,2193.921099424362,3506.0,5.0,4.0,2.0,62.0,50.0,28.0
189500.0,2194.5041530132294,3507.0,5.0,3.5999999046325684,2.0,62.0,45.6,28.0
189550.0,2195.0728676319122,3509.0,5.0,3.4000000953674316,2.0,62.0,43.2,26.0
189600.0,2195.6592090129852,3510.0,4.0,3.0,2.0,50.0,40.0,26.0
189650.0,2196.256839990616,3511.0,3.0,2.799999952316284,2.0,46.0,37.6,26.0
189700.0,2196.8492641448975,3512.0,5.0,3.200000047683716,2.0,62.0,42.4,26.0
189750.0,2197.4531633853912,3513.0,5.0,3.200000047683716,2.0,62.0,42.0,26.0
189800.0,2198.055709838867,3514.0,5.0,3.5999999046325684,3.0,62.0,46.8,38.0
189850.0,2198.6605310440063,3515.0,5.0,4.0,3.0,62.0,50.0,38.0
189900.0,2199.2438600063324,3516.0,5.0,4.199999809265137,3.0,62.0,52.4,38.0
189950.0,2199.8126032352448,3517.0,5.0,4.0,3.0,62.0,50.0,38.0
190000.0,2200.389681816101,3518.0,5.0,4.199999809265137,4.0,62.0,52.4,50.0
190050.0,2200.9596104621887,3519.0,5.0,4.400000095367432,4.0,62.0,54.4,50.0
190100.0,2201.5258157253265,3520.0,5.0,4.0,3.0,60.0,50.0,40.0
190150.0,2202.120932340622,3521.0,5.0,4.0,3.0,60.0,50.0,40.0
190200.0,2202.6958775520325,3522.0,5.0,4.0,3.0,60.0,50.0,40.0
190250.0,2203.283748149872,3523.0,5.0,4.0,3.0,60.0,50.0,40.0
190300.0,2203.8810362815857,3524.0,4.0,3.799999952316284,3.0,50.0,48.0,40.0
190350.0,2204.4657855033875,3525.0,4.0,3.799999952316284,3.0,50.0,47.6,38.0
190400.0,2205.0647089481354,3526.0,6.0,4.199999809265137,3.0,72.0,52.0,38.0
190450.0,2205.652523994446,3527.0,6.0,4.0,3.0,72.0,50.0,38.0
190500.0,2206.245950937271,3528.0,6.0,4.0,3.0,72.0,50.0,38.0
190550.0,2206.837959766388,3529.0,6.0,4.0,3.0,72.0,50.0,38.0
190600.0,2207.4094932079315,3530.0,6.0,4.199999809265137,3.0,72.0,52.4,40.0
190650.0,2208.000698328018,3531.0,4.0,3.799999952316284,3.0,50.0,48.0,40.0
190700.0,2208.5879147052765,3532.0,4.0,3.5999999046325684,2.0,50.0,45.6,28.0
190750.0,2209.1927263736725,3533.0,6.0,4.0,2.0,72.0,50.0,28.0
190800.0,2209.787062883377,3534.0,6.0,3.799999952316284,2.0,72.0,47.6,28.0
190850.0,2210.368391752243,3535.0,6.0,4.0,2.0,72.0,50.0,28.0
190900.0,2210.9411704540253,3536.0,6.0,4.0,2.0,72.0,50.0,28.0
190950.0,2211.525447845459,3537.0,6.0,4.400000095367432,3.0,72.0,54.4,38.0
191000.0,2212.129303216934,3539.0,5.0,3.4000000953674316,1.0,62.0,43.2,16.0
191050.0,2212.7287940979004,3540.0,4.0,2.799999952316284,1.0,50.0,37.6,16.0
191100.0,2213.3164846897125,3542.0,4.0,2.200000047683716,1.0,52.0,31.2,16.0
191150.0,2213.920105934143,3543.0,4.0,2.0,1.0,52.0,30.0,16.0
191200.0,2214.4840638637543,3545.0,4.0,2.4000000953674316,1.0,52.0,33.2,16.0
191250.0,2215.056568622589,3546.0,4.0,2.0,1.0,50.0,29.6,16.0
191300.0,2215.653555870056,3547.0,4.0,2.4000000953674316,1.0,50.0,34.4,16.0
191350.0,2216.2477769851685,3548.0,5.0,3.0,1.0,60.0,40.0,16.0
191400.0,2216.8260984420776,3549.0,5.0,3.200000047683716,1.0,62.0,42.4,16.0
191450.0,2217.4132549762726,3550.0,5.0,3.799999952316284,2.0,62.0,49.2,34.0
191500.0,2218.019502878189,3551.0,5.0,4.400000095367432,3.0,62.0,54.4,40.0
191550.0,2218.590137243271,3552.0,5.0,4.400000095367432,3.0,62.0,54.4,40.0
191600.0,2219.1766674518585,3553.0,5.0,4.199999809265137,3.0,62.0,52.4,40.0
191650.0,2219.7549130916595,3554.0,5.0,4.0,3.0,60.0,50.0,40.0
191700.0,2220.32049202919,3555.0,5.0,4.0,3.0,60.0,50.0,40.0
191750.0,2220.904256105423,3556.0,4.0,3.799999952316284,3.0,50.0,48.0,40.0
191800.0,2221.5000801086426,3557.0,4.0,4.0,4.0,50.0,50.0,50.0
191850.0,2222.092658996582,3558.0,4.0,4.0,4.0,50.0,50.0,50.0
191900.0,2222.678733587265,3559.0,5.0,4.199999809265137,4.0,60.0,52.0,50.0
191950.0,2223.2406289577484,3560.0,5.0,4.0,3.0,60.0,50.0,40.0
192000.0,2223.832777738571,3561.0,5.0,4.0,3.0,60.0,50.0,40.0
192050.0,2224.4182393550873,3562.0,5.0,3.799999952316284,3.0,60.0,47.6,38.0
192100.0,2225.008257627487,3563.0,5.0,3.5999999046325684,3.0,60.0,45.6,38.0
192150.0,2225.5986502170563,3564.0,6.0,3.799999952316284,3.0,72.0,48.0,38.0
192200.0,2226.1914422512054,3565.0,6.0,3.799999952316284,3.0,72.0,47.6,38.0
192250.0,2226.7613112926483,3566.0,6.0,4.0,3.0,72.0,50.0,38.0
192300.0,2227.3262026309967,3567.0,6.0,4.0,3.0,72.0,50.0,38.0
192350.0,2227.899190425873,3570.0,5.0,2.5999999046325684,1.0,62.0,34.4,16.0
192400.0,2228.467801094055,3571.0,3.0,2.0,1.0,38.0,27.6,16.0
192450.0,2229.0422961711884,3572.0,4.0,2.200000047683716,1.0,50.0,30.0,16.0
192500.0,2229.6146976947784,3574.0,4.0,2.0,1.0,50.0,28.0,16.0
192550.0,2230.18474149704,3575.0,6.0,3.0,1.0,76.0,40.0,16.0
192600.0,2230.7919194698334,3576.0,6.0,3.0,1.0,76.0,40.0,16.0
192650.0,2231.391961336136,3578.0,6.0,2.799999952316284,1.0,76.0,37.6,16.0
192700.0,2231.9932231903076,3579.0,6.0,3.200000047683716,2.0,76.0,43.2,28.0
192750.0,2232.5690371990204,3580.0,3.0,2.5999999046325684,2.0,44.0,35.6,28.0
192800.0,2233.166659593582,3581.0,6.0,3.4000000953674316,2.0,72.0,44.4,28.0
192850.0,2233.7714037895203,3582.0,6.0,3.4000000953674316,2.0,72.0,44.4,28.0
192900.0,2234.369215488434,3583.0,6.0,4.0,3.0,72.0,50.8,38.0
192950.0,2234.977129459381,3585.0,6.0,3.200000047683716,0.0,72.0,41.2,6.0
193000.0,2235.563261985779,3586.0,5.0,2.799999952316284,0.0,60.0,38.0,6.0
193050.0,2236.1375789642334,3587.0,5.0,3.0,0.0,60.0,40.0,6.0
193100.0,2236.719385623932,3588.0,4.0,2.799999952316284,0.0,56.0,38.0,6.0
193150.0,2237.3006043434143,3589.0,4.0,3.200000047683716,0.0,56.0,42.4,6.0
193200.0,2237.9085671901703,3590.0,4.0,3.5999999046325684,2.0,56.0,46.8,28.0
193250.0,2238.49712061882,3591.0,6.0,4.0,2.0,72.0,50.0,28.0
193300.0,2239.072596311569,3592.0,6.0,4.0,2.0,72.0,50.0,28.0
193350.0,2239.657474040985,3593.0,6.0,4.199999809265137,2.0,72.0,52.0,28.0
193400.0,2240.2571437358856,3594.0,6.0,4.0,2.0,72.0,50.0,28.0
193450.0,2240.8603937625885,3595.0,6.0,4.199999809265137,3.0,72.0,52.0,38.0
193500.0,2241.46027636528,3596.0,5.0,4.0,3.0,62.0,50.0,38.0
193550.0,2242.0588989257812,3596.0,5.0,4.0,3.0,62.0,50.0,38.0
193600.0,2242.64764380455,3597.0,8.0,4.800000190734863,3.0,100.0,60.0,38.0
193650.0,2243.245401620865,3599.0,8.0,4.0,2.0,100.0,50.8,26.0
193700.0,2243.8441803455353,3601.0,8.0,2.799999952316284,1.0,100.0,38.8,16.0
193750.0,2244.435463666916,3602.0,3.0,1.7999999523162842,1.0,44.0,27.6,16.0
193800.0,2245.006736755371,3602.0,3.0,1.7999999523162842,1.0,44.0,27.6,16.0
193850.0,2245.5850627422333,3604.0,8.0,2.799999952316284,1.0,102.0,40.4,16.0
193900.0,2246.178542137146,3605.0,8.0,3.0,1.0,102.0,42.0,16.0
193950.0,2246.7679986953735,3606.0,8.0,3.799999952316284,1.0,102.0,51.2,16.0
194000.0,2247.3527176380157,3607.0,8.0,4.0,1.0,102.0,52.4,16.0
194050.0,2247.9308409690857,3608.0,5.0,3.0,1.0,62.0,39.6,16.0
194100.0,2248.4965007305145,3609.0,5.0,3.799999952316284,2.0,62.0,48.8,32.0
194150.0,2249.0856342315674,3611.0,5.0,3.0,1.0,62.0,38.8,16.0
194200.0,2249.679538011551,3612.0,5.0,2.799999952316284,1.0,62.0,37.6,16.0
194250.0,2250.252252817154,3613.0,5.0,3.200000047683716,1.0,62.0,42.4,16.0
194300.0,2250.8181800842285,3615.0,5.0,2.5999999046325684,1.0,62.0,35.2,16.0
194350.0,2251.42155957222,3617.0,5.0,2.4000000953674316,1.0,62.0,33.2,16.0
194400.0,2252.0083286762238,3619.0,2.0,1.600000023841858,1.0,34.0,25.2,16.0
194450.0,2252.5889818668365,3620.0,4.0,2.0,1.0,56.0,31.2,16.0
194500.0,2253.1785037517548,3621.0,4.0,2.200000047683716,1.0,56.0,32.4,16.0
194550.0,2253.758335351944,3622.0,4.0,2.5999999046325684,1.0,56.0,37.2,16.0
194600.0,2254.343721628189,3623.0,4.0,3.0,1.0,56.0,40.4,16.0
194650.0,2254.923237800598,3624.0,5.0,3.799999952316284,3.0,60.0,49.2,40.0
194700.0,2255.520604133606,3625.0,5.0,3.799999952316284,3.0,60.0,48.0,40.0
194750.0,2256.114614009857,3626.0,5.0,4.0,3.0,60.0,50.0,40.0
194800.0,2256.6989891529083,3628.0,5.0,3.0,0.0,60.0,38.8,6.0
194850.0,2257.304174184799,3629.0,5.0,3.0,0.0,66.0,40.0,6.0
194900.0,2257.885459423065,3631.0,5.0,2.200000047683716,0.0,66.0,30.8,6.0
194950.0,2258.4760715961456,3632.0,5.0,2.4000000953674316,0.0,66.0,34.4,6.0
195000.0,2259.0619373321533,3633.0,5.0,3.200000047683716,2.0,66.0,43.2,26.0
195050.0,2259.6415119171143,3634.0,4.0,2.5999999046325684,2.0,50.0,35.6,26.0
195100.0,2260.2181873321533,3635.0,5.0,3.200000047683716,2.0,60.0,42.0,26.0
195150.0,2260.781143426895,3636.0,5.0,3.5999999046325684,2.0,60.0,46.8,28.0
195200.0,2261.3459656238556,3637.0,5.0,4.0,2.0,62.0,50.0,28.0
195250.0,2261.9215865135193,3638.0,5.0,4.199999809265137,2.0,62.0,52.0,28.0
195300.0,2262.4849457740784,3638.0,5.0,4.199999809265137,2.0,62.0,52.0,28.0
195350.0,2263.0687367916107,3639.0,8.0,5.400000095367432,4.0,100.0,66.4,50.0
195400.0,2263.6598658561707,3640.0,8.0,5.0,3.0,100.0,62.4,40.0
195450.0,2264.2475514411926,3641.0,8.0,5.0,3.0,100.0,62.4,40.0
195500.0,2264.843676805496,3642.0,8.0,4.800000190734863,3.0,100.0,60.0,40.0
195550.0,2265.4281075000763,3643.0,8.0,4.800000190734863,3.0,100.0,60.0,40.0
195600.0,2266.0110936164856,3644.0,5.0,4.0,3.0,60.0,50.0,40.0
195650.0,2266.5956366062164,3645.0,5.0,3.799999952316284,2.0,60.0,47.6,28.0
195700.0,2267.166587114334,3645.0,5.0,3.799999952316284,2.0,60.0,47.6,28.0
195750.0,2267.736322402954,3646.0,9.0,4.800000190734863,2.0,112.0,60.0,28.0
195800.0,2268.314594268799,3647.0,9.0,4.599999904632568,2.0,112.0,57.6,28.0
195850.0,2268.890831708908,3648.0,9.0,4.800000190734863,2.0,112.0,60.0,28.0
195900.0,2269.4925191402435,3649.0,9.0,4.400000095367432,2.0,112.0,55.6,28.0
195950.0,2270.092841863632,3650.0,9.0,5.199999809265137,2.0,112.0,64.4,28.0
196000.0,2270.6771376132965,3651.0,6.0,4.0,2.0,72.0,50.0,28.0
196050.0,2271.273482322693,3653.0,6.0,2.799999952316284,1.0,72.0,36.8,16.0
196100.0,2271.8500769138336,3654.0,6.0,3.200000047683716,1.0,72.0,42.4,16.0
196150.0,2272.409253835678,3655.0,4.0,2.799999952316284,1.0,56.0,38.0,16.0
196200.0,2272.983800172806,3656.0,4.0,3.0,1.0,56.0,40.0,16.0
196250.0,2273.5696716308594,3657.0,5.0,3.5999999046325684,1.0,60.0,46.4,16.0
196300.0,2274.160571575165,3658.0,5.0,4.0,3.0,60.0,51.2,40.0
196350.0,2274.7408158779144,3659.0,5.0,4.0,3.0,60.0,50.0,40.0
196400.0,2275.3213675022125,3660.0,5.0,4.0,3.0,60.0,50.0,40.0
196450.0,2275.907504796982,3661.0,5.0,4.0,3.0,60.0,50.0,40.0
196500.0,2276.4770996570587,3662.0,4.0,3.5999999046325684,3.0,50.0,45.6,38.0
196550.0,2277.0482692718506,3663.0,5.0,4.0,3.0,62.0,50.0,38.0
196600.0,2277.6300196647644,3664.0,5.0,3.799999952316284,3.0,62.0,47.6,38.0
196650.0,2278.2158210277557,3665.0,5.0,4.0,3.0,62.0,50.0,38.0
196700.0,2278.8141961097717,3666.0,5.0,4.0,3.0,62.0,50.0,38.0
196750.0,2279.4021763801575,3668.0,5.0,3.0,1.0,62.0,38.8,18.0
196800.0,2279.996837377548,3669.0,5.0,3.4000000953674316,1.0,66.0,44.4,18.0
196850.0,2280.5793976783752,3669.0,5.0,3.4000000953674316,1.0,66.0,44.4,18.0
196900.0,2281.1718232631683,3671.0,5.0,2.799999952316284,1.0,68.0,38.8,16.0
196950.0,2281.7851045131683,3672.0,5.0,3.5999999046325684,1.0,68.0,48.4,16.0
197000.0,2282.3926734924316,3673.0,5.0,3.799999952316284,1.0,68.0,51.2,16.0
197050.0,2282.978734254837,3674.0,5.0,3.5999999046325684,1.0,68.0,48.0,16.0
197100.0,2283.5687925815582,3675.0,5.0,3.4000000953674316,1.0,66.0,44.4,16.0
197150.0,2284.1633262634277,3676.0,5.0,3.5999999046325684,2.0,66.0,46.8,28.0
197200.0,2284.7533898353577,3677.0,6.0,3.799999952316284,2.0,72.0,48.0,28.0
197250.0,2285.342045545578,3678.0,6.0,4.199999809265137,2.0,72.0,52.0,28.0
197300.0,2285.9197738170624,3679.0,6.0,3.799999952316284,2.0,72.0,48.0,28.0
197350.0,2286.4900002479553,3680.0,6.0,4.0,2.0,72.0,50.0,28.0
197400.0,2287.071912050247,3681.0,6.0,4.400000095367432,2.0,72.0,54.4,30.0
197450.0,2287.667976140976,3682.0,5.0,4.199999809265137,2.0,60.0,52.0,30.0
197500.0,2288.2675728797913,3683.0,5.0,3.799999952316284,2.0,60.0,48.0,30.0
197550.0,2288.8609178066254,3684.0,5.0,4.199999809265137,3.0,60.0,52.0,40.0
197600.0,2289.439399957657,3685.0,5.0,4.0,3.0,60.0,50.0,40.0
197650.0,2290.036920785904,3686.0,5.0,4.0,3.0,60.0,50.0,40.0
197700.0,2290.6249117851257,3687.0,4.0,3.4000000953674316,2.0,50.0,43.6,28.0
197750.0,2291.1898913383484,3688.0,6.0,4.0,2.0,72.0,50.0,28.0
197800.0,2291.7571086883545,3688.0,6.0,4.0,2.0,72.0,50.0,28.0
197850.0,2292.3472077846527,3689.0,8.0,4.800000190734863,2.0,100.0,60.0,28.0
197900.0,2292.9324882030487,3690.0,8.0,4.800000190734863,2.0,100.0,60.0,28.0
197950.0,2293.5211062431335,3693.0,8.0,3.200000047683716,1.0,100.0,42.0,16.0
198000.0,2294.0889554023743,3694.0,4.0,2.4000000953674316,1.0,50.0,32.0,16.0
198050.0,2294.6699459552765,3695.0,4.0,1.7999999523162842,1.0,50.0,25.6,16.0
198100.0,2295.2732195854187,3696.0,7.0,2.799999952316284,1.0,82.0,36.4,16.0
198150.0,2295.856892824173,3697.0,7.0,3.200000047683716,1.0,82.0,41.2,16.0
198200.0,2296.445347547531,3698.0,7.0,3.799999952316284,1.0,82.0,48.0,18.0
198250.0,2297.012754917145,3699.0,7.0,4.0,1.0,82.0,50.0,18.0
198300.0,2297.604442358017,3700.0,7.0,4.599999904632568,3.0,82.0,56.4,40.0
198350.0,2298.2049577236176,3701.0,5.0,4.0,3.0,60.0,50.4,40.0
198400.0,2298.79053235054,3703.0,5.0,3.200000047683716,0.0,60.0,41.2,6.0
198450.0,2299.3764493465424,3704.0,4.0,2.5999999046325684,0.0,52.0,35.6,6.0
198500.0,2299.9639222621918,3706.0,4.0,1.7999999523162842,0.0,52.0,26.8,6.0
198550.0,2300.547754049301,3706.0,4.0,1.7999999523162842,0.0,52.0,26.8,6.0
198600.0,2301.1448159217834,3708.0,5.0,2.5999999046325684,0.0,72.0,38.0,6.0
198650.0,2301.732528924942,3709.0,5.0,3.200000047683716,0.0,72.0,44.8,6.0
198700.0,2302.309597969055,3710.0,5.0,3.0,0.0,72.0,42.0,6.0
198750.0,2302.8905262947083,3711.0,5.0,3.5999999046325684,2.0,72.0,48.8,28.0
198800.0,2303.4722306728363,3712.0,6.0,3.799999952316284,2.0,72.0,48.8,28.0
198850.0,2304.0422632694244,3713.0,6.0,4.0,3.0,72.0,50.8,38.0
198900.0,2304.6299211978912,3716.0,6.0,2.0,0.0,72.0,28.0,6.0
198950.0,2305.203644514084,3716.0,6.0,2.0,0.0,72.0,28.0,6.0
199000.0,2305.7834227085114,3716.0,6.0,2.0,0.0,72.0,28.0,6.0
199050.0,2306.3869862556458,3720.0,11.0,2.5999999046325684,0.0,138.0,36.4,6.0
199100.0,2307.001000404358,3721.0,11.0,2.5999999046325684,0.0,138.0,37.6,6.0
199150.0,2307.5919115543365,3723.0,5.0,1.7999999523162842,0.0,60.0,26.0,12.0
199200.0,2308.1920182704926,3725.0,5.0,2.0,0.0,60.0,30.0,12.0
199250.0,2308.788343667984,3727.0,3.0,1.399999976158142,0.0,38.0,23.2,14.0
199300.0,2309.3886799812317,3728.0,3.0,1.600000023841858,0.0,44.0,26.8,14.0
199350.0,2309.9910674095154,3729.0,5.0,2.5999999046325684,1.0,62.0,36.4,16.0
199400.0,2310.558556318283,3729.0,5.0,2.5999999046325684,1.0,62.0,36.4,16.0
199450.0,2311.125857591629,3730.0,9.0,3.799999952316284,1.0,110.0,50.8,16.0
199500.0,2311.7004823684692,3731.0,9.0,4.199999809265137,1.0,110.0,54.4,16.0
199550.0,2312.3088364601135,3732.0,9.0,4.800000190734863,3.0,110.0,61.2,40.0
199600.0,2312.9179282188416,3732.0,9.0,4.800000190734863,3.0,110.0,61.2,40.0
199650.0,2313.528183698654,3734.0,9.0,4.800000190734863,1.0,110.0,60.8,16.0
199700.0,2314.126788854599,3735.0,7.0,3.5999999046325684,1.0,88.0,48.0,16.0
199750.0,2314.715367794037,3736.0,7.0,3.799999952316284,1.0,88.0,50.0,16.0
199800.0,2315.320587158203,3737.0,7.0,4.0,1.0,88.0,52.0,16.0
199850.0,2315.918020248413,3738.0,5.0,3.200000047683716,1.0,60.0,42.4,16.0
199900.0,2316.515374183655,3739.0,5.0,4.0,3.0,62.0,51.6,40.0
199950.0,2317.0998158454895,3740.0,5.0,4.0,3.0,62.0,50.0,38.0
200000.0,2317.696165561676,3741.0,5.0,4.0,3.0,62.0,50.0,38.0
200050.0,2318.3097910881042,3742.0,5.0,3.5999999046325684,3.0,62.0,45.6,38.0
200100.0,2318.920817375183,3743.0,5.0,4.0,3.0,62.0,50.0,38.0
200150.0,2319.5223672389984,3744.0,5.0,3.799999952316284,3.0,62.0,47.6,38.0
200200.0,2320.1056876182556,3745.0,5.0,3.799999952316284,3.0,62.0,47.6,38.0
200250.0,2320.7051832675934,3746.0,6.0,4.199999809265137,3.0,72.0,52.0,38.0
200300.0,2321.3029623031616,3747.0,6.0,4.199999809265137,3.0,72.0,52.4,38.0
200350.0,2321.9067113399506,3748.0,6.0,4.199999809265137,3.0,72.0,52.0,38.0
200400.0,2322.49840426445,3748.0,6.0,4.199999809265137,3.0,72.0,52.0,38.0
200450.0,2323.0892004966736,3748.0,6.0,4.199999809265137,3.0,72.0,52.0,38.0
200500.0,2323.6850090026855,3749.0,9.0,5.199999809265137,3.0,118.0,65.6,38.0
200550.0,2324.2527792453766,3750.0,9.0,5.599999904632568,3.0,118.0,70.0,40.0
200600.0,2324.8215823173523,3750.0,9.0,5.599999904632568,3.0,118.0,70.0,40.0
200650.0,2325.383298397064,3751.0,10.0,6.400000095367432,3.0,122.0,80.0,40.0
200700.0,2325.969705581665,3753.0,10.0,5.199999809265137,0.0,122.0,67.2,8.0
200750.0,2326.560886859894,3753.0,10.0,5.199999809265137,0.0,122.0,67.2,8.0
200800.0,2327.1532826423645,3754.0,10.0,5.0,0.0,122.0,64.4,8.0
200850.0,2327.7341384887695,3755.0,10.0,5.0,0.0,122.0,64.4,8.0
200900.0,2328.3229110240936,3755.0,10.0,5.0,0.0,122.0,64.4,8.0
200950.0,2328.924763917923,3757.0,8.0,4.400000095367432,0.0,104.0,57.6,6.0
201000.0,2329.5362515449524,3758.0,8.0,4.800000190734863,0.0,104.0,62.8,6.0
201050.0,2330.1472446918488,3758.0,8.0,4.800000190734863,0.0,104.0,62.8,6.0
201100.0,2330.72363781929,3760.0,7.0,3.5999999046325684,0.0,90.0,49.2,6.0
201150.0,2331.312817811966,3763.0,6.0,2.0,0.0,80.0,30.0,12.0
201200.0,2331.8837475776672,3764.0,2.0,1.2000000476837158,0.0,28.0,19.6,12.0
201250.0,2332.476965904236,3765.0,5.0,2.0,0.0,62.0,28.8,12.0
201300.0,2333.059779882431,3766.0,5.0,3.0,1.0,62.0,38.4,16.0
201350.0,2333.6395049095154,3769.0,5.0,2.5999999046325684,0.0,62.0,34.8,6.0
201400.0,2334.2349836826324,3770.0,5.0,2.0,0.0,60.0,27.6,6.0
201450.0,2334.8207790851593,3771.0,6.0,2.200000047683716,0.0,72.0,30.0,6.0
201500.0,2335.4144587516785,3773.0,6.0,2.0,0.0,72.0,27.6,6.0
201550.0,2336.0251610279083,3774.0,6.0,2.5999999046325684,1.0,72.0,35.2,16.0
201600.0,2336.585154771805,3774.0,6.0,2.5999999046325684,1.0,72.0,35.2,16.0
201650.0,2337.150311946869,3776.0,7.0,2.5999999046325684,1.0,90.0,36.8,16.0
201700.0,2337.736684322357,3778.0,7.0,3.0,1.0,90.0,42.4,16.0
201750.0,2338.3446650505066,3779.0,7.0,2.4000000953674316,0.0,90.0,36.0,12.0
201800.0,2338.956386566162,3781.0,6.0,2.0,0.0,70.0,30.0,6.0
201850.0,2339.5399594306946,3783.0,6.0,1.7999999523162842,0.0,70.0,28.0,6.0
201900.0,2340.130708217621,3784.0,6.0,2.5999999046325684,0.0,70.0,36.4,6.0
201950.0,2340.7242090702057,3785.0,4.0,2.0,0.0,54.0,30.4,6.0
202000.0,2341.316980600357,3786.0,4.0,2.5999999046325684,0.0,54.0,36.8,6.0
202050.0,2341.918391942978,3788.0,4.0,3.200000047683716,2.0,54.0,41.6,26.0
202100.0,2342.5105214118958,3789.0,4.0,3.0,2.0,50.0,40.0,26.0
202150.0,2343.124485015869,3789.0,4.0,3.0,2.0,50.0,40.0,26.0
202200.0,2343.7319700717926,3790.0,7.0,3.799999952316284,2.0,88.0,49.6,26.0
202250.0,2344.3476235866547,3794.0,7.0,2.200000047683716,0.0,88.0,31.2,6.0
202300.0,2344.935645341873,3799.0,1.0,0.4000000059604645,0.0,16.0,11.2,6.0
202350.0,2345.5090432167053,3804.0,1.0,0.20000000298023224,0.0,16.0,8.0,6.0
202400.0,2346.0891366004944,3806.0,3.0,0.6000000238418579,0.0,38.0,14.4,6.0
202450.0,2346.691895723343,3807.0,3.0,0.800000011920929,0.0,38.0,17.6,6.0
202500.0,2347.2958199977875,3811.0,3.0,1.2000000476837158,0.0,40.0,20.0,6.0
202550.0,2347.8834495544434,3816.0,1.0,0.20000000298023224,0.0,16.0,9.2,6.0
202600.0,2348.4702577590942,3819.0,1.0,0.6000000238418579,0.0,16.0,14.0,6.0
202650.0,2349.0814521312714,3821.0,2.0,1.0,0.0,28.0,18.4,16.0
202700.0,2349.6997973918915,3825.0,2.0,0.800000011920929,0.0,34.0,15.6,6.0
202750.0,2350.292984724045,3829.0,1.0,0.4000000059604645,0.0,22.0,11.2,6.0
202800.0,2350.8623616695404,3832.0,1.0,0.4000000059604645,0.0,22.0,11.2,6.0
202850.0,2351.4225273132324,3835.0,2.0,0.800000011920929,0.0,28.0,14.4,6.0
202900.0,2351.9910480976105,3838.0,2.0,1.0,0.0,28.0,16.4,6.0
202950.0,2352.556586742401,3841.0,1.0,1.0,1.0,18.0,16.4,16.0
203000.0,2353.143899202347,3844.0,1.0,0.800000011920929,0.0,18.0,14.4,6.0
203050.0,2353.7591886520386,3846.0,2.0,1.0,0.0,28.0,16.8,6.0
203100.0,2354.3754847049713,3848.0,3.0,1.399999976158142,0.0,46.0,22.4,6.0
203150.0,2354.9650905132294,3849.0,3.0,2.0,1.0,46.0,30.0,16.0
203200.0,2355.54470539093,3851.0,3.0,2.200000047683716,1.0,46.0,32.4,16.0
203250.0,2356.1384649276733,3852.0,4.0,2.4000000953674316,1.0,54.0,34.0,16.0
203300.0,2356.736951112747,3853.0,4.0,2.4000000953674316,1.0,54.0,34.4,18.0
203350.0,2357.318909406662,3854.0,7.0,3.200000047683716,1.0,82.0,42.0,18.0
203400.0,2357.9121289253235,3855.0,7.0,3.4000000953674316,1.0,82.0,44.4,18.0
203450.0,2358.5082082748413,3857.0,7.0,2.799999952316284,1.0,82.0,36.8,16.0
203500.0,2359.113382577896,3859.0,3.0,2.0,1.0,44.0,28.8,16.0
203550.0,2359.7118740081787,3861.0,3.0,1.600000023841858,1.0,44.0,25.6,16.0
203600.0,2360.302767753601,3862.0,3.0,1.7999999523162842,1.0,44.0,29.2,16.0
203650.0,2360.90118765831,3864.0,3.0,1.7999999523162842,1.0,38.0,28.0,16.0
203700.0,2361.49653339386,3865.0,3.0,1.7999999523162842,1.0,38.0,27.6,16.0
203750.0,2362.0706288814545,3866.0,7.0,3.0,1.0,82.0,40.8,16.0
203800.0,2362.6585762500763,3867.0,7.0,3.0,1.0,82.0,40.0,16.0
203850.0,2363.272040605545,3867.0,7.0,3.0,1.0,82.0,40.0,16.0
203900.0,2363.8913531303406,3868.0,9.0,4.199999809265137,1.0,110.0,54.4,16.0
203950.0,2364.4751002788544,3869.0,9.0,4.800000190734863,2.0,110.0,61.2,30.0
204000.0,2365.047886133194,3870.0,9.0,5.400000095367432,2.0,110.0,66.4,30.0
204050.0,2365.631103515625,3871.0,9.0,4.599999904632568,2.0,110.0,58.0,30.0
204100.0,2366.2295310497284,3872.0,9.0,4.800000190734863,3.0,110.0,60.0,40.0
204150.0,2366.8168618679047,3873.0,5.0,4.0,3.0,60.0,50.0,40.0
204200.0,2367.407890558243,3874.0,5.0,3.799999952316284,3.0,60.0,48.0,40.0
204250.0,2368.009347677231,3876.0,5.0,3.0,1.0,60.0,38.8,16.0
204300.0,2368.607983827591,3877.0,5.0,3.0,1.0,60.0,39.6,16.0
204350.0,2369.220248222351,3878.0,5.0,3.0,1.0,62.0,40.0,16.0
204400.0,2369.8010482788086,3879.0,5.0,3.4000000953674316,1.0,62.0,44.4,16.0
204450.0,2370.368269920349,3880.0,5.0,3.200000047683716,1.0,62.0,42.4,16.0
204500.0,2370.923377752304,3881.0,5.0,4.0,2.0,62.0,51.2,28.0
204550.0,2371.4930653572083,3882.0,5.0,4.400000095367432,2.0,62.0,54.4,28.0
204600.0,2372.0848791599274,3884.0,5.0,3.0,1.0,60.0,38.8,18.0
204650.0,2372.6683733463287,3885.0,5.0,3.0,1.0,60.0,39.6,18.0
204700.0,2373.285592317581,3888.0,3.0,1.7999999523162842,1.0,40.0,26.4,16.0
204750.0,2373.900162935257,3889.0,3.0,1.7999999523162842,1.0,40.0,26.4,16.0
204800.0,2374.5159344673157,3890.0,4.0,2.200000047683716,1.0,52.0,30.4,16.0
204850.0,2375.108517885208,3891.0,4.0,2.200000047683716,1.0,52.0,30.0,16.0
204900.0,2375.703659057617,3894.0,4.0,2.5999999046325684,1.0,52.0,34.4,16.0
204950.0,2376.3046176433563,3895.0,4.0,2.200000047683716,1.0,50.0,30.0,16.0
205000.0,2376.8769586086273,3897.0,3.0,1.7999999523162842,1.0,38.0,25.2,16.0
205050.0,2377.477017879486,3898.0,3.0,2.200000047683716,1.0,46.0,31.2,16.0
205100.0,2378.084308385849,3900.0,3.0,2.4000000953674316,1.0,46.0,32.8,16.0
205150.0,2378.692332983017,3902.0,3.0,1.399999976158142,0.0,46.0,24.0,6.0
205200.0,2379.3025765419006,3903.0,7.0,2.200000047683716,0.0,86.0,32.0,6.0
205250.0,2379.8997354507446,3904.0,7.0,2.200000047683716,0.0,86.0,32.4,6.0
205300.0,2380.4602994918823,3905.0,7.0,2.799999952316284,0.0,86.0,39.2,6.0
205350.0,2381.0343301296234,3906.0,7.0,3.5999999046325684,0.0,86.0,46.4,6.0
205400.0,2381.640772342682,3907.0,7.0,4.0,2.0,86.0,50.8,28.0
205450.0,2382.2287192344666,3907.0,7.0,4.0,2.0,86.0,50.8,28.0
205500.0,2382.802365064621,3908.0,7.0,4.0,2.0,90.0,51.6,28.0
205550.0,2383.399255990982,3909.0,8.0,5.0,2.0,92.0,62.0,28.0
205600.0,2383.9928154945374,3910.0,8.0,4.800000190734863,2.0,92.0,60.0,28.0
205650.0,2384.5957436561584,3913.0,8.0,3.0,1.0,92.0,38.4,16.0
205700.0,2385.1802179813385,3914.0,3.0,2.0,1.0,40.0,28.0,16.0
205750.0,2385.768660545349,3914.0,3.0,2.0,1.0,40.0,28.0,16.0
205800.0,2386.3732283115387,3915.0,8.0,3.0,1.0,100.0,40.0,16.0
205850.0,2386.9676275253296,3917.0,8.0,3.0,1.0,100.0,40.0,16.0
205900.0,2387.5481700897217,3918.0,8.0,3.799999952316284,1.0,100.0,50.0,16.0
205950.0,2388.1192779541016,3922.0,5.0,1.399999976158142,0.0,66.0,22.4,6.0
206000.0,2388.6713602542877,3923.0,3.0,1.0,0.0,44.0,18.0,6.0
206050.0,2389.246927022934,3925.0,4.0,1.600000023841858,0.0,50.0,24.4,6.0
206100.0,2389.824460029602,3926.0,4.0,2.0,0.0,50.0,30.0,6.0
206150.0,2390.4080324172974,3927.0,5.0,2.799999952316284,0.0,60.0,38.8,6.0
206200.0,2390.9932923316956,3929.0,5.0,2.0,0.0,60.0,28.8,6.0
206250.0,2391.5866248607635,3930.0,5.0,2.5999999046325684,1.0,60.0,36.4,16.0
206300.0,2392.1891162395477,3933.0,3.0,1.7999999523162842,1.0,44.0,26.4,16.0
206350.0,2392.7889149188995,3934.0,3.0,2.200000047683716,1.0,44.0,31.2,16.0
206400.0,2393.3929319381714,3935.0,3.0,2.0,1.0,40.0,28.0,16.0
206450.0,2393.9699313640594,3937.0,5.0,2.4000000953674316,1.0,62.0,32.4,16.0
206500.0,2394.5631885528564,3938.0,5.0,3.0,1.0,62.0,40.4,16.0
206550.0,2395.1495411396027,3939.0,5.0,3.0,1.0,62.0,40.0,16.0
206600.0,2395.743176460266,3942.0,4.0,2.200000047683716,1.0,56.0,30.8,16.0
206650.0,2396.337171316147,3943.0,3.0,1.7999999523162842,1.0,38.0,25.2,16.0
206700.0,2396.9200735092163,3944.0,4.0,2.0,1.0,52.0,28.0,16.0
206750.0,2397.5086646080017,3945.0,4.0,2.4000000953674316,1.0,52.0,32.0,16.0
206800.0,2398.106701850891,3948.0,4.0,2.5999999046325684,1.0,52.0,34.4,16.0
206850.0,2398.7093534469604,3951.0,2.0,1.0,0.0,28.0,16.8,6.0
206900.0,2399.2770824432373,3953.0,2.0,1.0,0.0,28.0,16.8,6.0
206950.0,2399.846511363983,3954.0,4.0,1.600000023841858,0.0,56.0,24.4,6.0
207000.0,2400.454993724823,3956.0,4.0,2.0,0.0,56.0,28.8,6.0
207050.0,2401.0522587299347,3957.0,4.0,2.0,0.0,56.0,30.0,6.0
207100.0,2401.6464343070984,3958.0,4.0,2.799999952316284,2.0,56.0,39.2,28.0
207150.0,2402.247400999069,3960.0,4.0,2.5999999046325684,2.0,52.0,35.2,26.0
207200.0,2402.860089302063,3961.0,4.0,2.5999999046325684,2.0,52.0,36.8,26.0
207250.0,2403.4548304080963,3963.0,4.0,2.4000000953674316,1.0,48.0,32.8,16.0
207300.0,2404.0399844646454,3964.0,4.0,2.200000047683716,1.0,48.0,32.0,16.0
207350.0,2404.6235065460205,3965.0,5.0,2.799999952316284,1.0,62.0,39.2,16.0
207400.0,2405.211149930954,3966.0,5.0,3.4000000953674316,1.0,62.0,44.0,16.0
207450.0,2405.7869894504547,3967.0,5.0,3.200000047683716,1.0,62.0,42.4,16.0
207500.0,2406.3784997463226,3968.0,5.0,3.5999999046325684,2.0,62.0,46.8,34.0
207550.0,2406.9846403598785,3969.0,6.0,4.400000095367432,3.0,72.0,54.4,38.0
207600.0,2407.5840101242065,3970.0,6.0,4.0,3.0,72.0,50.0,38.0
207650.0,2408.184501171112,3971.0,6.0,3.799999952316284,3.0,72.0,48.0,38.0
207700.0,2408.745827436447,3972.0,6.0,4.0,3.0,72.0,50.0,38.0
207750.0,2409.3200948238373,3973.0,6.0,3.799999952316284,2.0,72.0,48.0,28.0
207800.0,2409.9150443077087,3974.0,6.0,3.799999952316284,2.0,72.0,48.0,28.0
207850.0,2410.5256967544556,3975.0,6.0,3.5999999046325684,2.0,72.0,45.6,28.0
207900.0,2411.130481004715,3976.0,6.0,3.799999952316284,2.0,72.0,48.0,28.0
207950.0,2411.7016730308533,3977.0,6.0,3.799999952316284,2.0,72.0,48.0,28.0
208000.0,2412.288518190384,3978.0,6.0,4.400000095367432,2.0,72.0,54.4,28.0
208050.0,2412.8966398239136,3979.0,5.0,4.199999809265137,2.0,62.0,52.0,28.0
208100.0,2413.509201526642,3980.0,5.0,4.400000095367432,3.0,62.0,54.4,40.0
208150.0,2414.1114959716797,3982.0,5.0,3.200000047683716,1.0,60.0,40.8,16.0
208200.0,2414.7010409832,3983.0,5.0,3.0,1.0,60.0,40.0,16.0
208250.0,2415.2839300632477,3984.0,4.0,2.799999952316284,1.0,56.0,38.0,16.0
208300.0,2415.883908510208,3985.0,4.0,3.0,1.0,56.0,40.0,16.0
208350.0,2416.4873521327972,3986.0,4.0,3.4000000953674316,1.0,56.0,44.4,16.0
208400.0,2417.090342760086,3987.0,4.0,4.0,4.0,56.0,51.2,50.0
208450.0,2417.6893792152405,3988.0,4.0,4.0,4.0,50.0,50.0,50.0
208500.0,2418.278263568878,3989.0,4.0,4.0,4.0,50.0,50.0,50.0
208550.0,2418.8766655921936,3990.0,4.0,3.799999952316284,3.0,50.0,47.6,38.0
208600.0,2419.491671562195,3991.0,4.0,3.799999952316284,3.0,50.0,47.6,38.0
208650.0,2420.1043903827667,3992.0,4.0,3.799999952316284,3.0,50.0,47.6,38.0
208700.0,2420.685859680176,3993.0,6.0,4.199999809265137,3.0,72.0,52.0,38.0
208750.0,2421.280293941498,3993.0,6.0,4.199999809265137,3.0,72.0,52.0,38.0
208800.0,2421.8555614948273,3994.0,6.0,4.599999904632568,3.0,80.0,58.0,38.0
208850.0,2422.4301307201385,3995.0,6.0,5.0,4.0,80.0,62.4,50.0
208900.0,2423.0236480236053,3996.0,6.0,5.199999809265137,4.0,80.0,64.4,50.0
208950.0,2423.624763727188,3996.0,6.0,5.199999809265137,4.0,80.0,64.4,50.0
209000.0,2424.232115983963,3997.0,7.0,5.800000190734863,5.0,90.0,72.4,60.0
209050.0,2424.8299803733826,3998.0,7.0,5.400000095367432,4.0,90.0,68.0,50.0
209100.0,2425.4284620285034,3999.0,7.0,5.0,4.0,90.0,62.0,50.0
209150.0,2426.021000623703,4000.0,7.0,4.800000190734863,4.0,90.0,60.0,50.0
209200.0,2426.6093759536743,4001.0,7.0,4.199999809265137,2.0,90.0,53.6,28.0
209250.0,2427.184297323227,4002.0,6.0,4.0,2.0,72.0,50.0,28.0
209300.0,2427.737778186798,4003.0,6.0,4.0,2.0,72.0,50.0,28.0
209350.0,2428.311965227127,4003.0,6.0,4.0,2.0,72.0,50.0,28.0
209400.0,2428.9131574630737,4004.0,9.0,5.0,2.0,110.0,62.0,28.0
209450.0,2429.5279784202576,4005.0,9.0,4.800000190734863,2.0,110.0,60.0,28.0
209500.0,2430.1482622623444,4006.0,9.0,5.400000095367432,3.0,110.0,66.4,40.0
209550.0,2430.732424020767,4007.0,9.0,4.599999904632568,2.0,110.0,58.0,30.0
209600.0,2431.3373103141785,4008.0,9.0,4.800000190734863,2.0,110.0,60.0,30.0
209650.0,2431.941204071045,4010.0,5.0,3.200000047683716,1.0,60.0,41.2,18.0
209700.0,2432.5505068302155,4011.0,5.0,3.0,1.0,60.0,40.0,18.0
209750.0,2433.1475574970245,4012.0,5.0,3.200000047683716,1.0,60.0,42.0,18.0
209800.0,2433.7442348003387,4013.0,4.0,3.0,1.0,54.0,40.0,18.0
209850.0,2434.359914302826,4014.0,4.0,3.4000000953674316,3.0,54.0,44.0,38.0
209900.0,2434.9726779460907,4015.0,6.0,4.0,3.0,72.0,50.8,38.0
209950.0,2435.582619667053,4016.0,6.0,4.0,3.0,72.0,50.0,38.0
210000.0,2436.1728715896606,4017.0,6.0,4.199999809265137,3.0,72.0,52.0,38.0
210050.0,2436.746646165848,4018.0,6.0,3.4000000953674316,0.0,72.0,50.6,38.0
210100.0,2437.3078031539917,4018.0,6.0,3.4000000953674316,0.0,72.0,50.6,38.0
210150.0,2437.90638256073,4019.0,6.0,2.799999952316284,0.0,90.0,61.0,43.0
210200.0,2438.5002524852753,4019.0,6.0,2.799999952316284,0.0,90.0,61.0,43.0
210250.0,2439.095807790756,4019.0,6.0,2.799999952316284,0.0,90.0,61.0,43.0
210300.0,2439.685271501541,4019.0,6.0,2.799999952316284,0.0,90.0,61.0,43.0
210350.0,2440.2651557922363,4020.0,4.0,2.0,0.0,217.0,90.0,43.0
210400.0,2440.8337206840515,4021.0,4.0,1.2000000476837158,0.0,217.0,82.6,13.0
210450.0,2441.416016817093,4021.0,4.0,1.2000000476837158,0.0,217.0,82.6,13.0
210500.0,2441.9914276599884,4022.0,2.0,0.4000000059604645,0.0,217.0,99.6,13.0
210550.0,2442.5765011310577,4022.0,2.0,0.4000000059604645,0.0,217.0,99.6,13.0
210600.0,2443.1603996753693,4022.0,2.0,0.4000000059604645,0.0,217.0,99.6,13.0
210650.0,2443.7723999023438,4022.0,2.0,0.4000000059604645,0.0,217.0,99.6,13.0
210700.0,2444.3724007606506,4022.0,2.0,0.4000000059604645,0.0,217.0,99.6,13.0
210750.0,2444.972801208496,4022.0,2.0,0.4000000059604645,0.0,217.0,99.6,13.0
210800.0,2445.57146859169,4022.0,2.0,0.4000000059604645,0.0,217.0,99.6,13.0
210850.0,2446.1479699611664,4023.0,2.0,0.4000000059604645,0.0,346.0,160.2,13.0
210900.0,2446.7222576141357,4024.0,2.0,0.4000000059604645,0.0,346.0,152.0,13.0
210950.0,2447.3198533058167,4024.0,2.0,0.4000000059604645,0.0,346.0,152.0,13.0
211000.0,2447.9264838695526,4026.0,0.0,0.0,0.0,346.0,125.8,18.0
211050.0,2448.513106584549,4026.0,0.0,0.0,0.0,346.0,125.8,18.0
211100.0,2449.1230702400208,4026.0,0.0,0.0,0.0,346.0,125.8,18.0
211150.0,2449.7393667697906,4026.0,0.0,0.0,0.0,346.0,125.8,18.0
211200.0,2450.346887588501,4027.0,3.0,0.6000000238418579,0.0,346.0,138.0,18.0
211250.0,2450.9479670524597,4028.0,3.0,0.6000000238418579,0.0,196.0,75.8,18.0
211300.0,2451.548392057419,4028.0,3.0,0.6000000238418579,0.0,196.0,75.8,18.0
211350.0,2452.156688928604,4028.0,3.0,0.6000000238418579,0.0,196.0,75.8,18.0
211400.0,2452.748414993286,4028.0,3.0,0.6000000238418579,0.0,196.0,75.8,18.0
211450.0,2453.352107524872,4028.0,3.0,0.6000000238418579,0.0,196.0,75.8,18.0
211500.0,2453.9605700969696,4028.0,3.0,0.6000000238418579,0.0,196.0,75.8,18.0
211550.0,2454.541688680649,4028.0,3.0,0.6000000238418579,0.0,196.0,75.8,18.0
211600.0,2455.1391146183014,4028.0,3.0,0.6000000238418579,0.0,196.0,75.8,18.0
211650.0,2455.7092654705048,4028.0,3.0,0.6000000238418579,0.0,196.0,75.8,18.0
211700.0,2456.281942129135,4028.0,3.0,0.6000000238418579,0.0,196.0,75.8,18.0
211750.0,2456.871130466461,4028.0,3.0,0.6000000238418579,0.0,196.0,75.8,18.0
211800.0,2457.4655451774597,4028.0,3.0,0.6000000238418579,0.0,196.0,75.8,18.0
211850.0,2458.072271347046,4028.0,3.0,0.6000000238418579,0.0,196.0,75.8,18.0
211900.0,2458.672944545746,4028.0,3.0,0.6000000238418579,0.0,196.0,75.8,18.0
211950.0,2459.2759194374084,4028.0,3.0,0.6000000238418579,0.0,196.0,75.8,18.0
212000.0,2459.861964702606,4028.0,3.0,0.6000000238418579,0.0,196.0,75.8,18.0
212050.0,2460.4652769565582,4028.0,3.0,0.6000000238418579,0.0,196.0,75.8,18.0
212100.0,2461.0684127807617,4028.0,3.0,0.6000000238418579,0.0,196.0,75.8,18.0
212150.0,2461.6712250709534,4028.0,3.0,0.6000000238418579,0.0,196.0,75.8,18.0
212200.0,2462.258172273636,4028.0,3.0,0.6000000238418579,0.0,196.0,75.8,18.0
212250.0,2462.839375972748,4028.0,3.0,0.6000000238418579,0.0,196.0,75.8,18.0
212300.0,2463.4363329410553,4028.0,3.0,0.6000000238418579,0.0,196.0,75.8,18.0
212350.0,2464.040680885315,4029.0,4.0,1.399999976158142,0.0,1111.0,288.2,18.0
212400.0,2464.6397137641907,4029.0,4.0,1.399999976158142,0.0,1111.0,288.2,18.0
212450.0,2465.221505880356,4029.0,4.0,1.399999976158142,0.0,1111.0,288.2,18.0
212500.0,2465.812279701233,4029.0,4.0,1.399999976158142,0.0,1111.0,288.2,18.0
212550.0,2466.392793416977,4029.0,4.0,1.399999976158142,0.0,1111.0,288.2,18.0
212600.0,2466.968674182892,4029.0,4.0,1.399999976158142,0.0,1111.0,288.2,18.0
212650.0,2467.531065940857,4030.0,4.0,1.7999999523162842,0.0,1111.0,333.8,18.0
212700.0,2468.129138946533,4030.0,4.0,1.7999999523162842,0.0,1111.0,333.8,18.0
212750.0,2468.7490422725677,4031.0,4.0,1.7999999523162842,0.0,1111.0,345.2,35.0
212800.0,2469.3573944568634,4031.0,4.0,1.7999999523162842,0.0,1111.0,345.2,35.0
212850.0,2469.9646656513214,4032.0,4.0,1.2000000476837158,0.0,1111.0,330.0,35.0
212900.0,2470.5806465148926,4033.0,4.0,1.2000000476837158,0.0,1111.0,335.4,62.0
212950.0,2471.1748671531677,4033.0,4.0,1.2000000476837158,0.0,1111.0,335.4,62.0
213000.0,2471.772565841675,4033.0,4.0,1.2000000476837158,0.0,1111.0,335.4,62.0
213050.0,2472.384833097458,4033.0,4.0,1.2000000476837158,0.0,1111.0,335.4,62.0
213100.0,2472.99254322052,4035.0,0.0,0.0,0.0,167.0,89.8,25.0
213150.0,2473.59144449234,4035.0,0.0,0.0,0.0,167.0,89.8,25.0
213200.0,2474.188966989517,4035.0,0.0,0.0,0.0,167.0,89.8,25.0
213250.0,2474.78856921196,4035.0,0.0,0.0,0.0,167.0,89.8,25.0
213300.0,2475.4005782604218,4036.0,2.0,0.4000000059604645,0.0,194.0,113.6,25.0
213350.0,2476.0184559822083,4037.0,2.0,0.4000000059604645,0.0,194.0,99.6,25.0
213400.0,2476.632624387741,4037.0,2.0,0.4000000059604645,0.0,194.0,99.6,25.0
213450.0,2477.2240471839905,4038.0,2.0,0.4000000059604645,0.0,194.0,107.6,25.0
213500.0,2477.8364555835724,4038.0,2.0,0.4000000059604645,0.0,194.0,107.6,25.0
213550.0,2478.440787792206,4038.0,2.0,0.4000000059604645,0.0,194.0,107.6,25.0
213600.0,2479.0422608852386,4038.0,2.0,0.4000000059604645,0.0,194.0,107.6,25.0
213650.0,2479.652720928192,4038.0,2.0,0.4000000059604645,0.0,194.0,107.6,25.0
213700.0,2480.2651875019073,4038.0,2.0,0.4000000059604645,0.0,194.0,107.6,25.0
213750.0,2480.884069442749,4038.0,2.0,0.4000000059604645,0.0,194.0,107.6,25.0
213800.0,2481.495718717575,4039.0,2.0,0.4000000059604645,0.0,345.0,143.2,25.0
213850.0,2482.096654176712,4039.0,2.0,0.4000000059604645,0.0,345.0,143.2,25.0
213900.0,2482.6999809741974,4040.0,2.0,0.6000000238418579,0.0,345.0,160.2,50.0
213950.0,2483.2824470996857,4040.0,2.0,0.6000000238418579,0.0,345.0,160.2,50.0
214000.0,2483.880640029907,4040.0,2.0,0.6000000238418579,0.0,345.0,160.2,50.0
214050.0,2484.466493368149,4040.0,2.0,0.6000000238418579,0.0,345.0,160.2,50.0
214100.0,2485.0490775108337,4040.0,2.0,0.6000000238418579,0.0,345.0,160.2,50.0
214150.0,2485.6634941101074,4040.0,2.0,0.6000000238418579,0.0,345.0,160.2,50.0
214200.0,2486.272336959839,4041.0,2.0,0.6000000238418579,0.0,345.0,179.4,50.0
214250.0,2486.871835231781,4041.0,2.0,0.6000000238418579,0.0,345.0,179.4,50.0
214300.0,2487.484870672226,4041.0,2.0,0.6000000238418579,0.0,345.0,179.4,50.0
214350.0,2488.0944907665253,4041.0,2.0,0.6000000238418579,0.0,345.0,179.4,50.0
214400.0,2488.692911863327,4041.0,2.0,0.6000000238418579,0.0,345.0,179.4,50.0
214450.0,2489.2745113372803,4041.0,2.0,0.6000000238418579,0.0,345.0,179.4,50.0
214500.0,2489.8843200206757,4042.0,2.0,0.800000011920929,0.0,345.0,232.0,102.0
214550.0,2490.4978342056274,4042.0,2.0,0.800000011920929,0.0,345.0,232.0,102.0
214600.0,2491.1141335964203,4042.0,2.0,0.800000011920929,0.0,345.0,232.0,102.0
214650.0,2491.725738763809,4043.0,2.0,1.0,0.0,345.0,237.0,110.0
214700.0,2492.3173813819885,4043.0,2.0,1.0,0.0,345.0,237.0,110.0
214750.0,2492.9202647209167,4043.0,2.0,1.0,0.0,345.0,237.0,110.0
214800.0,2493.513091802597,4044.0,2.0,1.0,0.0,313.0,200.0,110.0
214850.0,2494.1002373695374,4044.0,2.0,1.0,0.0,313.0,200.0,110.0
214900.0,2494.6924352645874,4044.0,2.0,1.0,0.0,313.0,200.0,110.0
214950.0,2495.2678258419037,4044.0,2.0,1.0,0.0,313.0,200.0,110.0
215000.0,2495.8659193515778,4044.0,2.0,1.0,0.0,313.0,200.0,110.0
215050.0,2496.4771378040314,4044.0,2.0,1.0,0.0,313.0,200.0,110.0
215100.0,2497.084323644638,4044.0,2.0,1.0,0.0,313.0,200.0,110.0
215150.0,2497.692582130432,4044.0,2.0,1.0,0.0,313.0,200.0,110.0
215200.0,2498.2915601730347,4044.0,2.0,1.0,0.0,313.0,200.0,110.0
215250.0,2498.894647359848,4044.0,2.0,1.0,0.0,313.0,200.0,110.0
215300.0,2499.492908716202,4044.0,2.0,1.0,0.0,313.0,200.0,110.0
215350.0,2500.0986909866333,4044.0,2.0,1.0,0.0,313.0,200.0,110.0
215400.0,2500.6997213363647,4044.0,2.0,1.0,0.0,313.0,200.0,110.0
215450.0,2501.3050515651703,4046.0,2.0,0.800000011920929,0.0,638.0,252.0,22.0
215500.0,2501.908073425293,4046.0,2.0,0.800000011920929,0.0,638.0,252.0,22.0
215550.0,2502.504495382309,4046.0,2.0,0.800000011920929,0.0,638.0,252.0,22.0
215600.0,2503.111829519272,4047.0,2.0,0.6000000238418579,0.0,638.0,220.8,22.0
215650.0,2503.7071759700775,4047.0,2.0,0.6000000238418579,0.0,638.0,220.8,22.0
215700.0,2504.304490327835,4047.0,2.0,0.6000000238418579,0.0,638.0,220.8,22.0
215750.0,2504.8976056575775,4048.0,2.0,0.4000000059604645,0.0,638.0,224.0,22.0
215800.0,2505.476536989212,4048.0,2.0,0.4000000059604645,0.0,638.0,224.0,22.0
215850.0,2506.088746070862,4048.0,2.0,0.4000000059604645,0.0,638.0,224.0,22.0
215900.0,2506.692224264145,4049.0,2.0,0.4000000059604645,0.0,638.0,220.0,22.0
215950.0,2507.2970538139343,4049.0,2.0,0.4000000059604645,0.0,638.0,220.0,22.0
216000.0,2507.9042077064514,4049.0,2.0,0.4000000059604645,0.0,638.0,220.0,22.0
216050.0,2508.4993827342987,4050.0,0.0,0.0,0.0,160.0,124.4,22.0
216100.0,2509.080393075943,4050.0,0.0,0.0,0.0,160.0,124.4,22.0
216150.0,2509.6648478507996,4050.0,0.0,0.0,0.0,160.0,124.4,22.0
216200.0,2510.2523624897003,4050.0,0.0,0.0,0.0,160.0,124.4,22.0
216250.0,2510.824768781662,4050.0,0.0,0.0,0.0,160.0,124.4,22.0
216300.0,2511.409648656845,4051.0,0.0,0.0,0.0,235.0,167.0,140.0
216350.0,2511.9951543807983,4051.0,0.0,0.0,0.0,235.0,167.0,140.0
216400.0,2512.5741329193115,4052.0,0.0,0.0,0.0,235.0,156.6,105.0
216450.0,2513.156081676483,4053.0,0.0,0.0,0.0,235.0,138.0,50.0
216500.0,2513.7466933727264,4053.0,0.0,0.0,0.0,235.0,138.0,50.0
216550.0,2514.3571071624756,4053.0,0.0,0.0,0.0,235.0,138.0,50.0
216600.0,2514.954776287079,4053.0,0.0,0.0,0.0,235.0,138.0,50.0
216650.0,2515.5608286857605,4053.0,0.0,0.0,0.0,235.0,138.0,50.0
216700.0,2516.153403520584,4053.0,0.0,0.0,0.0,235.0,138.0,50.0
216750.0,2516.7518949508667,4053.0,0.0,0.0,0.0,235.0,138.0,50.0
216800.0,2517.3329496383667,4053.0,0.0,0.0,0.0,235.0,138.0,50.0
216850.0,2517.9252185821533,4053.0,0.0,0.0,0.0,235.0,138.0,50.0
216900.0,2518.5325384140015,4054.0,0.0,0.0,0.0,463.0,202.6,50.0
216950.0,2519.1347110271454,4054.0,0.0,0.0,0.0,463.0,202.6,50.0
217000.0,2519.714921951294,4054.0,0.0,0.0,0.0,463.0,202.6,50.0
217050.0,2520.30487036705,4054.0,0.0,0.0,0.0,463.0,202.6,50.0
217100.0,2520.9212770462036,4055.0,1.0,0.20000000298023224,0.0,463.0,206.2,50.0
217150.0,2521.5328764915466,4055.0,1.0,0.20000000298023224,0.0,463.0,206.2,50.0
217200.0,2522.1484377384186,4055.0,1.0,0.20000000298023224,0.0,463.0,206.2,50.0
217250.0,2522.7158863544464,4055.0,1.0,0.20000000298023224,0.0,463.0,206.2,50.0
217300.0,2523.3197581768036,4056.0,1.0,0.20000000298023224,0.0,463.0,201.0,50.0
217350.0,2523.9160521030426,4056.0,1.0,0.20000000298023224,0.0,463.0,201.0,50.0
217400.0,2524.5206649303436,4056.0,1.0,0.20000000298023224,0.0,463.0,201.0,50.0
217450.0,2525.1327822208405,4056.0,1.0,0.20000000298023224,0.0,463.0,201.0,50.0
217500.0,2525.6915357112885,4056.0,1.0,0.20000000298023224,0.0,463.0,201.0,50.0
217550.0,2526.2682502269745,4056.0,1.0,0.20000000298023224,0.0,463.0,201.0,50.0
217600.0,2526.873224258423,4056.0,1.0,0.20000000298023224,0.0,463.0,201.0,50.0
217650.0,2527.483340024948,4056.0,1.0,0.20000000298023224,0.0,463.0,201.0,50.0
217700.0,2528.0925731658936,4056.0,1.0,0.20000000298023224,0.0,463.0,201.0,50.0
217750.0,2528.692615509033,4056.0,1.0,0.20000000298023224,0.0,463.0,201.0,50.0
217800.0,2529.298046350479,4056.0,1.0,0.20000000298023224,0.0,463.0,201.0,50.0
217850.0,2529.889069080353,4056.0,1.0,0.20000000298023224,0.0,463.0,201.0,50.0
217900.0,2530.5011541843414,4056.0,1.0,0.20000000298023224,0.0,463.0,201.0,50.0
217950.0,2531.1165142059326,4056.0,1.0,0.20000000298023224,0.0,463.0,201.0,50.0
218000.0,2531.701359272003,4056.0,1.0,0.20000000298023224,0.0,463.0,201.0,50.0
218050.0,2532.2870903015137,4056.0,1.0,0.20000000298023224,0.0,463.0,201.0,50.0
218100.0,2532.844467639923,4056.0,1.0,0.20000000298023224,0.0,463.0,201.0,50.0
218150.0,2533.4369127750397,4056.0,1.0,0.20000000298023224,0.0,463.0,201.0,50.0
218200.0,2534.041101694107,4056.0,1.0,0.20000000298023224,0.0,463.0,201.0,50.0
218250.0,2534.6319873332977,4056.0,1.0,0.20000000298023224,0.0,463.0,201.0,50.0
218300.0,2535.2253205776215,4056.0,1.0,0.20000000298023224,0.0,463.0,201.0,50.0
218350.0,2535.8201689720154,4056.0,1.0,0.20000000298023224,0.0,463.0,201.0,50.0
218400.0,2536.4121866226196,4056.0,1.0,0.20000000298023224,0.0,463.0,201.0,50.0
218450.0,2537.0196595191956,4056.0,1.0,0.20000000298023224,0.0,463.0,201.0,50.0
218500.0,2537.63156747818,4056.0,1.0,0.20000000298023224,0.0,463.0,201.0,50.0
218550.0,2538.236478328705,4057.0,1.0,0.4000000059604645,0.0,1260.0,432.0,50.0
218600.0,2538.8417522907257,4057.0,1.0,0.4000000059604645,0.0,1260.0,432.0,50.0
218650.0,2539.444883108139,4057.0,1.0,0.4000000059604645,0.0,1260.0,432.0,50.0
218700.0,2540.035071849823,4057.0,1.0,0.4000000059604645,0.0,1260.0,432.0,50.0
218750.0,2540.635912656784,4057.0,1.0,0.4000000059604645,0.0,1260.0,432.0,50.0
218800.0,2541.232209920883,4058.0,1.0,0.4000000059604645,0.0,1260.0,470.0,178.0
218850.0,2541.832431793213,4058.0,1.0,0.4000000059604645,0.0,1260.0,470.0,178.0
218900.0,2542.4357607364655,4058.0,1.0,0.4000000059604645,0.0,1260.0,470.0,178.0
218950.0,2543.0260334014893,4058.0,1.0,0.4000000059604645,0.0,1260.0,470.0,178.0
219000.0,2543.6197216510773,4058.0,1.0,0.4000000059604645,0.0,1260.0,470.0,178.0
219050.0,2544.1951990127563,4058.0,1.0,0.4000000059604645,0.0,1260.0,470.0,178.0
219100.0,2544.7741117477417,4058.0,1.0,0.4000000059604645,0.0,1260.0,470.0,178.0
219150.0,2545.3551256656647,4058.0,1.0,0.4000000059604645,0.0,1260.0,470.0,178.0
219200.0,2545.9472827911377,4059.0,1.0,0.6000000238418579,0.0,1260.0,459.4,178.0
219250.0,2546.5249910354614,4059.0,1.0,0.6000000238418579,0.0,1260.0,459.4,178.0
219300.0,2547.132308483124,4060.0,1.0,0.4000000059604645,0.0,1260.0,439.8,80.0
219350.0,2547.7381370067596,4061.0,1.0,0.4000000059604645,0.0,1260.0,410.0,60.0
219400.0,2548.3407497406006,4061.0,1.0,0.4000000059604645,0.0,1260.0,410.0,60.0
219450.0,2548.9526011943817,4061.0,1.0,0.4000000059604645,0.0,1260.0,410.0,60.0
219500.0,2549.5638275146484,4061.0,1.0,0.4000000059604645,0.0,1260.0,410.0,60.0
219550.0,2550.1692764759064,4061.0,1.0,0.4000000059604645,0.0,1260.0,410.0,60.0
219600.0,2550.7450380325317,4061.0,1.0,0.4000000059604645,0.0,1260.0,410.0,60.0
219650.0,2551.3449869155884,4061.0,1.0,0.4000000059604645,0.0,1260.0,410.0,60.0
219700.0,2551.9566452503204,4062.0,1.0,0.20000000298023224,0.0,410.0,224.0,60.0
219750.0,2552.5500178337097,4062.0,1.0,0.20000000298023224,0.0,410.0,224.0,60.0
219800.0,2553.1345205307007,4062.0,1.0,0.20000000298023224,0.0,410.0,224.0,60.0
219850.0,2553.7335329055786,4063.0,1.0,0.4000000059604645,0.0,410.0,212.0,60.0
219900.0,2554.3404965400696,4063.0,1.0,0.4000000059604645,0.0,410.0,212.0,60.0
219950.0,2554.9230918884277,4063.0,1.0,0.4000000059604645,0.0,410.0,212.0,60.0
220000.0,2555.484624862671,4063.0,1.0,0.4000000059604645,0.0,410.0,212.0,60.0
220050.0,2556.0488934516907,4063.0,1.0,0.4000000059604645,0.0,410.0,212.0,60.0
220100.0,2556.6157200336456,4063.0,1.0,0.4000000059604645,0.0,410.0,212.0,60.0
220150.0,2557.21240067482,4064.0,1.0,0.4000000059604645,0.0,330.0,190.0,60.0
220200.0,2557.820444583893,4064.0,1.0,0.4000000059604645,0.0,330.0,190.0,60.0
220250.0,2558.4128618240356,4064.0,1.0,0.4000000059604645,0.0,330.0,190.0,60.0
220300.0,2559.013179540634,4064.0,1.0,0.4000000059604645,0.0,330.0,190.0,60.0
220350.0,2559.5987169742584,4064.0,1.0,0.4000000059604645,0.0,330.0,190.0,60.0
220400.0,2560.1701238155365,4064.0,1.0,0.4000000059604645,0.0,330.0,190.0,60.0
220450.0,2560.7519516944885,4064.0,1.0,0.4000000059604645,0.0,330.0,190.0,60.0
220500.0,2561.352491378784,4064.0,1.0,0.4000000059604645,0.0,330.0,190.0,60.0
220550.0,2561.955549478531,4064.0,1.0,0.4000000059604645,0.0,330.0,190.0,60.0
220600.0,2562.5709393024445,4064.0,1.0,0.4000000059604645,0.0,330.0,190.0,60.0
220650.0,2563.157638311386,4064.0,1.0,0.4000000059604645,0.0,330.0,190.0,60.0
220700.0,2563.763217687607,4064.0,1.0,0.4000000059604645,0.0,330.0,190.0,60.0
220750.0,2564.373425722122,4064.0,1.0,0.4000000059604645,0.0,330.0,190.0,60.0
220800.0,2564.975310087204,4064.0,1.0,0.4000000059604645,0.0,330.0,190.0,60.0
220850.0,2565.580030441284,4064.0,1.0,0.4000000059604645,0.0,330.0,190.0,60.0
220900.0,2566.1633343696594,4065.0,2.0,0.800000011920929,0.0,750.0,324.0,60.0
220950.0,2566.7482080459595,4065.0,2.0,0.800000011920929,0.0,750.0,324.0,60.0
221000.0,2567.340218067169,4065.0,2.0,0.800000011920929,0.0,750.0,324.0,60.0
221050.0,2567.911917924881,4065.0,2.0,0.800000011920929,0.0,750.0,324.0,60.0
221100.0,2568.473657608032,4065.0,2.0,0.800000011920929,0.0,750.0,324.0,60.0
221150.0,2569.0452120304108,4065.0,2.0,0.800000011920929,0.0,750.0,324.0,60.0
221200.0,2569.6092002391815,4065.0,2.0,0.800000011920929,0.0,750.0,324.0,60.0
221250.0,2570.206606388092,4065.0,2.0,0.800000011920929,0.0,750.0,324.0,60.0
221300.0,2570.803943634033,4066.0,2.0,0.800000011920929,0.0,750.0,388.0,180.0
221350.0,2571.4044530391693,4066.0,2.0,0.800000011920929,0.0,750.0,388.0,180.0
221400.0,2572.002011537552,4066.0,2.0,0.800000011920929,0.0,750.0,388.0,180.0
221450.0,2572.5747804641724,4066.0,2.0,0.800000011920929,0.0,750.0,388.0,180.0
221500.0,2573.175518512726,4066.0,2.0,0.800000011920929,0.0,750.0,388.0,180.0
221550.0,2573.7806890010834,4066.0,2.0,0.800000011920929,0.0,750.0,388.0,180.0
221600.0,2574.3969900608063,4067.0,2.0,0.800000011920929,0.0,750.0,381.6,180.0
221650.0,2574.988618850708,4068.0,2.0,0.6000000238418579,0.0,750.0,356.0,52.0
221700.0,2575.5766797065735,4068.0,2.0,0.6000000238418579,0.0,750.0,356.0,52.0
221750.0,2576.1652135849,4069.0,2.0,0.4000000059604645,0.0,750.0,319.0,52.0
221800.0,2576.766239643097,4069.0,2.0,0.4000000059604645,0.0,750.0,319.0,52.0
221850.0,2577.368175506592,4070.0,0.0,0.0,0.0,380.0,190.0,52.0
221900.0,2577.963803052902,4070.0,0.0,0.0,0.0,380.0,190.0,52.0
221950.0,2578.5287470817566,4070.0,0.0,0.0,0.0,380.0,190.0,52.0
222000.0,2579.0849888324738,4071.0,0.0,0.0,0.0,298.0,142.0,52.0
222050.0,2579.6478526592255,4071.0,0.0,0.0,0.0,298.0,142.0,52.0
222100.0,2580.2460725307465,4071.0,0.0,0.0,0.0,298.0,142.0,52.0
222150.0,2580.8530762195587,4071.0,0.0,0.0,0.0,298.0,142.0,52.0
222200.0,2581.442403078079,4072.0,0.0,0.0,0.0,210.0,124.4,52.0
222250.0,2582.0321412086487,4072.0,0.0,0.0,0.0,210.0,124.4,52.0
222300.0,2582.6407084465027,4072.0,0.0,0.0,0.0,210.0,124.4,52.0
222350.0,2583.2462236881256,4072.0,0.0,0.0,0.0,210.0,124.4,52.0
222400.0,2583.8527138233185,4073.0,0.0,0.0,0.0,210.0,150.8,105.0
222450.0,2584.429312467575,4074.0,0.0,0.0,0.0,210.0,142.6,74.0
222500.0,2585.0289430618286,4075.0,0.0,0.0,0.0,210.0,130.2,43.0
222550.0,2585.632274389267,4076.0,0.0,0.0,0.0,210.0,110.0,39.0
222600.0,2586.224592924118,4076.0,0.0,0.0,0.0,210.0,110.0,39.0
222650.0,2586.8286287784576,4076.0,0.0,0.0,0.0,210.0,110.0,39.0
222700.0,2587.4041538238525,4076.0,0.0,0.0,0.0,210.0,110.0,39.0
222750.0,2588.001143217087,4076.0,0.0,0.0,0.0,210.0,110.0,39.0
222800.0,2588.5847992897034,4076.0,0.0,0.0,0.0,210.0,110.0,39.0
222850.0,2589.18506360054,4076.0,0.0,0.0,0.0,210.0,110.0,39.0
222900.0,2589.7880358695984,4076.0,0.0,0.0,0.0,210.0,110.0,39.0
222950.0,2590.3655405044556,4077.0,0.0,0.0,0.0,405.0,149.0,39.0
223000.0,2590.9309527873993,4077.0,0.0,0.0,0.0,405.0,149.0,39.0
223050.0,2591.5051622390747,4077.0,0.0,0.0,0.0,405.0,149.0,39.0
223100.0,2592.0990698337555,4078.0,0.0,0.0,0.0,405.0,141.2,39.0
223150.0,2592.6935629844666,4078.0,0.0,0.0,0.0,405.0,141.2,39.0
223200.0,2593.2949323654175,4079.0,0.0,0.0,0.0,405.0,146.6,39.0
223250.0,2593.8947401046753,4080.0,0.0,0.0,0.0,405.0,151.0,39.0
223300.0,2594.497034549713,4080.0,0.0,0.0,0.0,405.0,151.0,39.0
223350.0,2595.100800037384,4080.0,0.0,0.0,0.0,405.0,151.0,39.0
223400.0,2595.7089841365814,4080.0,0.0,0.0,0.0,405.0,151.0,39.0
223450.0,2596.308698415756,4080.0,0.0,0.0,0.0,405.0,151.0,39.0
223500.0,2596.894057035446,4080.0,0.0,0.0,0.0,405.0,151.0,39.0
223550.0,2597.4716420173645,4080.0,0.0,0.0,0.0,405.0,151.0,39.0
223600.0,2598.0365056991577,4082.0,2.0,0.4000000059604645,0.0,325.0,130.4,16.0
223650.0,2598.6247375011444,4083.0,2.0,0.4000000059604645,0.0,325.0,110.0,16.0
223700.0,2599.2285645008087,4083.0,2.0,0.4000000059604645,0.0,325.0,110.0,16.0
223750.0,2599.82266998291,4083.0,2.0,0.4000000059604645,0.0,325.0,110.0,16.0
223800.0,2600.424840927124,4083.0,2.0,0.4000000059604645,0.0,325.0,110.0,16.0
223850.0,2601.029700279236,4083.0,2.0,0.4000000059604645,0.0,325.0,110.0,16.0
223900.0,2601.5968668460846,4083.0,2.0,0.4000000059604645,0.0,325.0,110.0,16.0
223950.0,2602.163514137268,4083.0,2.0,0.4000000059604645,0.0,325.0,110.0,16.0
224000.0,2602.725157022476,4083.0,2.0,0.4000000059604645,0.0,325.0,110.0,16.0
224050.0,2603.3056204319,4084.0,2.0,0.4000000059604645,0.0,415.0,172.8,16.0
224100.0,2603.8962066173553,4084.0,2.0,0.4000000059604645,0.0,415.0,172.8,16.0
224150.0,2604.4884221553802,4084.0,2.0,0.4000000059604645,0.0,415.0,172.8,16.0
224200.0,2605.0758876800537,4084.0,2.0,0.4000000059604645,0.0,415.0,172.8,16.0
224250.0,2605.6768057346344,4084.0,2.0,0.4000000059604645,0.0,415.0,172.8,16.0
224300.0,2606.2771878242493,4084.0,2.0,0.4000000059604645,0.0,415.0,172.8,16.0
224350.0,2606.8800184726715,4085.0,2.0,0.6000000238418579,0.0,415.0,218.8,16.0
224400.0,2607.440885066986,4085.0,2.0,0.6000000238418579,0.0,415.0,218.8,16.0
224450.0,2608.0283653736115,4085.0,2.0,0.6000000238418579,0.0,415.0,218.8,16.0
224500.0,2608.592843770981,4085.0,2.0,0.6000000238418579,0.0,415.0,218.8,16.0
224550.0,2609.1855425834656,4086.0,1.0,0.20000000298023224,0.0,415.0,191.8,16.0
224600.0,2609.7922801971436,4086.0,1.0,0.20000000298023224,0.0,415.0,191.8,16.0
224650.0,2610.379373073578,4086.0,1.0,0.20000000298023224,0.0,415.0,191.8,16.0
224700.0,2610.949207305908,4086.0,1.0,0.20000000298023224,0.0,415.0,191.8,16.0
224750.0,2611.528042793274,4087.0,1.0,0.4000000059604645,0.0,415.0,232.4,43.0
224800.0,2612.1186957359314,4087.0,1.0,0.4000000059604645,0.0,415.0,232.4,43.0
224850.0,2612.690066576004,4088.0,1.0,0.4000000059604645,0.0,415.0,239.0,76.0
224900.0,2613.2804384231567,4088.0,1.0,0.4000000059604645,0.0,415.0,239.0,76.0
224950.0,2613.8880190849304,4088.0,1.0,0.4000000059604645,0.0,415.0,239.0,76.0
225000.0,2614.4872415065765,4088.0,1.0,0.4000000059604645,0.0,415.0,239.0,76.0
225050.0,2615.079448223114,4088.0,1.0,0.4000000059604645,0.0,415.0,239.0,76.0
225100.0,2615.65345621109,4088.0,1.0,0.4000000059604645,0.0,415.0,239.0,76.0
225150.0,2616.23232960701,4088.0,1.0,0.4000000059604645,0.0,415.0,239.0,76.0
225200.0,2616.798654794693,4088.0,1.0,0.4000000059604645,0.0,415.0,239.0,76.0
225250.0,2617.3913989067078,4088.0,1.0,0.4000000059604645,0.0,415.0,239.0,76.0
225300.0,2617.988372564316,4089.0,2.0,0.800000011920929,0.0,465.0,249.0,76.0
225350.0,2618.5761795043945,4090.0,2.0,0.6000000238418579,0.0,465.0,199.2,46.0
225400.0,2619.1497411727905,4091.0,2.0,0.6000000238418579,0.0,465.0,170.6,46.0
225450.0,2619.7322051525116,4092.0,2.0,0.4000000059604645,0.0,465.0,138.6,46.0
225500.0,2620.292686700821,4092.0,2.0,0.4000000059604645,0.0,465.0,138.6,46.0
225550.0,2620.8905158042908,4093.0,2.0,0.4000000059604645,0.0,465.0,143.0,46.0
225600.0,2621.4878385066986,4093.0,2.0,0.4000000059604645,0.0,465.0,143.0,46.0
225650.0,2622.085832834244,4093.0,2.0,0.4000000059604645,0.0,465.0,143.0,46.0
225700.0,2622.6729142665863,4093.0,2.0,0.4000000059604645,0.0,465.0,143.0,46.0
225750.0,2623.2649459838867,4093.0,2.0,0.4000000059604645,0.0,465.0,143.0,46.0
225800.0,2623.85671043396,4093.0,2.0,0.4000000059604645,0.0,465.0,143.0,46.0
225850.0,2624.4482572078705,4094.0,1.0,0.20000000298023224,0.0,294.0,108.8,46.0
225900.0,2625.044725894928,4094.0,1.0,0.20000000298023224,0.0,294.0,108.8,46.0
225950.0,2625.603388786316,4095.0,1.0,0.20000000298023224,0.0,294.0,118.6,47.0
226000.0,2626.154929161072,4095.0,1.0,0.20000000298023224,0.0,294.0,118.6,47.0
226050.0,2626.744369983673,4095.0,1.0,0.20000000298023224,0.0,294.0,118.6,47.0
226100.0,2627.340520143509,4095.0,1.0,0.20000000298023224,0.0,294.0,118.6,47.0
226150.0,2627.91224360466,4095.0,1.0,0.20000000298023224,0.0,294.0,118.6,47.0
226200.0,2628.4893341064453,4095.0,1.0,0.20000000298023224,0.0,294.0,118.6,47.0
226250.0,2629.085382938385,4096.0,1.0,0.20000000298023224,0.0,306.0,170.4,59.0
226300.0,2629.6795740127563,4096.0,1.0,0.20000000298023224,0.0,306.0,170.4,59.0
226350.0,2630.2823634147644,4097.0,1.0,0.20000000298023224,0.0,306.0,178.2,95.0
226400.0,2630.904482603073,4098.0,1.0,0.20000000298023224,0.0,306.0,170.6,60.0
226450.0,2631.5121207237244,4098.0,1.0,0.20000000298023224,0.0,306.0,170.6,60.0
226500.0,2632.121270418167,4099.0,0.0,0.0,0.0,306.0,129.4,60.0
226550.0,2632.694456100464,4099.0,0.0,0.0,0.0,306.0,129.4,60.0
226600.0,2633.292352437973,4099.0,0.0,0.0,0.0,306.0,129.4,60.0
226650.0,2633.8969366550446,4099.0,0.0,0.0,0.0,306.0,129.4,60.0
226700.0,2634.5037026405334,4099.0,0.0,0.0,0.0,306.0,129.4,60.0
226750.0,2635.1111063957214,4099.0,0.0,0.0,0.0,306.0,129.4,60.0
226800.0,2635.7082843780518,4099.0,0.0,0.0,0.0,306.0,129.4,60.0
226850.0,2636.316288471222,4099.0,0.0,0.0,0.0,306.0,129.4,60.0
226900.0,2636.9110853672028,4099.0,0.0,0.0,0.0,306.0,129.4,60.0
226950.0,2637.528166770935,4099.0,0.0,0.0,0.0,306.0,129.4,60.0
227000.0,2638.149785041809,4099.0,0.0,0.0,0.0,306.0,129.4,60.0
227050.0,2638.77201294899,4099.0,0.0,0.0,0.0,306.0,129.4,60.0
227100.0,2639.3848102092743,4099.0,0.0,0.0,0.0,306.0,129.4,60.0
227150.0,2639.9973092079163,4100.0,2.0,0.4000000059604645,0.0,639.0,238.2,60.0
227200.0,2640.6091074943542,4100.0,2.0,0.4000000059604645,0.0,639.0,238.2,60.0
227250.0,2641.220804452896,4100.0,2.0,0.4000000059604645,0.0,639.0,238.2,60.0
227300.0,2641.8412520885468,4100.0,2.0,0.4000000059604645,0.0,639.0,238.2,60.0
227350.0,2642.4606482982635,4101.0,2.0,0.4000000059604645,0.0,639.0,219.2,60.0
227400.0,2643.0865840911865,4101.0,2.0,0.4000000059604645,0.0,639.0,219.2,60.0
227450.0,2643.7014231681824,4101.0,2.0,0.4000000059604645,0.0,639.0,219.2,60.0
227500.0,2644.318900823593,4102.0,2.0,0.4000000059604645,0.0,639.0,227.4,60.0
227550.0,2644.9287185668945,4102.0,2.0,0.4000000059604645,0.0,639.0,227.4,60.0
227600.0,2645.5359308719635,4102.0,2.0,0.4000000059604645,0.0,639.0,227.4,60.0
227650.0,2646.140775680542,4102.0,2.0,0.4000000059604645,0.0,639.0,227.4,60.0
227700.0,2646.7543053627014,4102.0,2.0,0.4000000059604645,0.0,639.0,227.4,60.0
227750.0,2647.376307964325,4102.0,2.0,0.4000000059604645,0.0,639.0,227.4,60.0
227800.0,2647.9977247714996,4102.0,2.0,0.4000000059604645,0.0,639.0,227.4,60.0
227850.0,2648.614063978195,4102.0,2.0,0.4000000059604645,0.0,639.0,227.4,60.0
227900.0,2649.232786178589,4103.0,3.0,1.0,0.0,639.0,300.4,88.0
227950.0,2649.8563044071198,4103.0,3.0,1.0,0.0,639.0,300.4,88.0
228000.0,2650.480310678482,4103.0,3.0,1.0,0.0,639.0,300.4,88.0
228050.0,2651.078913450241,4103.0,3.0,1.0,0.0,639.0,300.4,88.0
228100.0,2651.6703901290894,4103.0,3.0,1.0,0.0,639.0,300.4,88.0
228150.0,2652.2626309394836,4104.0,3.0,1.2000000476837158,0.0,639.0,331.8,139.0
228200.0,2652.8510251045227,4106.0,3.0,0.800000011920929,0.0,425.0,173.0,25.0
228250.0,2653.4392890930176,4106.0,3.0,0.800000011920929,0.0,425.0,173.0,25.0
228300.0,2654.018031358719,4107.0,3.0,0.800000011920929,0.0,425.0,163.0,25.0
228350.0,2654.603109359741,4108.0,1.0,0.20000000298023224,0.0,245.0,85.4,25.0
228400.0,2655.194081068039,4108.0,1.0,0.20000000298023224,0.0,245.0,85.4,25.0
228450.0,2655.7811028957367,4108.0,1.0,0.20000000298023224,0.0,245.0,85.4,25.0
228500.0,2656.3693492412567,4109.0,2.0,0.4000000059604645,0.0,168.0,70.0,25.0
228550.0,2656.963465690613,4109.0,2.0,0.4000000059604645,0.0,168.0,70.0,25.0
228600.0,2657.5536069869995,4109.0,2.0,0.4000000059604645,0.0,168.0,70.0,25.0
228650.0,2658.1502799987793,4109.0,2.0,0.4000000059604645,0.0,168.0,70.0,25.0
228700.0,2658.7421581745148,4110.0,2.0,0.4000000059604645,0.0,185.0,102.0,31.0
228750.0,2659.336072206497,4110.0,2.0,0.4000000059604645,0.0,185.0,102.0,31.0
228800.0,2659.9258513450623,4110.0,2.0,0.4000000059604645,0.0,185.0,102.0,31.0
228850.0,2660.5178277492523,4110.0,2.0,0.4000000059604645,0.0,185.0,102.0,31.0
228900.0,2661.108023405075,4110.0,2.0,0.4000000059604645,0.0,185.0,102.0,31.0
228950.0,2661.70024228096,4111.0,2.0,0.6000000238418579,0.0,265.0,148.8,37.0
229000.0,2662.291339635849,4112.0,2.0,0.6000000238418579,0.0,265.0,140.0,37.0
229050.0,2662.8821103572845,4112.0,2.0,0.6000000238418579,0.0,265.0,140.0,37.0
229100.0,2663.4726009368896,4112.0,2.0,0.6000000238418579,0.0,265.0,140.0,37.0
229150.0,2664.06484746933,4113.0,2.0,0.6000000238418579,0.0,265.0,158.6,45.0
229200.0,2664.651787519455,4113.0,2.0,0.6000000238418579,0.0,265.0,158.6,45.0
229250.0,2665.2430963516235,4113.0,2.0,0.6000000238418579,0.0,265.0,158.6,45.0
229300.0,2665.833016395569,4114.0,1.0,0.20000000298023224,0.0,265.0,158.0,45.0
229350.0,2666.4247012138367,4115.0,1.0,0.20000000298023224,0.0,265.0,129.2,41.0
229400.0,2667.01633143425,4115.0,1.0,0.20000000298023224,0.0,265.0,129.2,41.0
229450.0,2667.612282514572,4115.0,1.0,0.20000000298023224,0.0,265.0,129.2,41.0
229500.0,2668.203597545624,4115.0,1.0,0.20000000298023224,0.0,265.0,129.2,41.0
229550.0,2668.794919013977,4115.0,1.0,0.20000000298023224,0.0,265.0,129.2,41.0
229600.0,2669.3854899406433,4115.0,1.0,0.20000000298023224,0.0,265.0,129.2,41.0
229650.0,2669.9737169742584,4115.0,1.0,0.20000000298023224,0.0,265.0,129.2,41.0
229700.0,2670.5655562877655,4115.0,1.0,0.20000000298023224,0.0,265.0,129.2,41.0
229750.0,2671.157470226288,4116.0,0.0,0.0,0.0,419.0,160.0,41.0
229800.0,2671.7467517852783,4117.0,0.0,0.0,0.0,419.0,157.6,33.0
229850.0,2672.3390991687775,4117.0,0.0,0.0,0.0,419.0,157.6,33.0
229900.0,2672.928037881851,4117.0,0.0,0.0,0.0,419.0,157.6,33.0
229950.0,2673.517176389694,4118.0,1.0,0.20000000298023224,0.0,419.0,162.2,33.0
230000.0,2674.108072757721,4119.0,1.0,0.20000000298023224,0.0,419.0,137.0,33.0
230050.0,2674.69690656662,4119.0,1.0,0.20000000298023224,0.0,419.0,137.0,33.0
230100.0,2675.2887091636658,4119.0,1.0,0.20000000298023224,0.0,419.0,137.0,33.0
230150.0,2675.8807327747345,4120.0,3.0,0.800000011920929,0.0,419.0,162.0,33.0
230200.0,2676.4705765247345,4121.0,3.0,0.800000011920929,0.0,166.0,88.6,33.0
230250.0,2677.062843799591,4121.0,3.0,0.800000011920929,0.0,166.0,88.6,33.0
230300.0,2677.654351234436,4121.0,3.0,0.800000011920929,0.0,166.0,88.6,33.0
230350.0,2678.2451436519623,4121.0,3.0,0.800000011920929,0.0,166.0,88.6,33.0
230400.0,2678.836220264435,4122.0,3.0,1.0,0.0,213.0,124.6,39.0
230450.0,2679.4275391101837,4122.0,3.0,1.0,0.0,213.0,124.6,39.0
230500.0,2680.016909599304,4123.0,3.0,0.800000011920929,0.0,213.0,111.2,39.0
230550.0,2680.6075372695923,4123.0,3.0,0.800000011920929,0.0,213.0,111.2,39.0
230600.0,2681.1960763931274,4123.0,3.0,0.800000011920929,0.0,213.0,111.2,39.0
230650.0,2681.7864973545074,4123.0,3.0,0.800000011920929,0.0,213.0,111.2,39.0
230700.0,2682.3783247470856,4124.0,3.0,1.0,0.0,213.0,145.2,52.0
230750.0,2682.969614982605,4124.0,3.0,1.0,0.0,213.0,145.2,52.0
230800.0,2683.5607562065125,4124.0,3.0,1.0,0.0,213.0,145.2,52.0
230850.0,2684.153463602066,4125.0,1.0,0.6000000238418579,0.0,213.0,142.8,52.0
230900.0,2684.7427139282227,4125.0,1.0,0.6000000238418579,0.0,213.0,142.8,52.0
230950.0,2685.3339414596558,4125.0,1.0,0.6000000238418579,0.0,213.0,142.8,52.0
231000.0,2685.9272248744965,4125.0,1.0,0.6000000238418579,0.0,213.0,142.8,52.0
231050.0,2686.521322488785,4126.0,2.0,1.0,0.0,213.0,168.4,86.0
231100.0,2687.1153087615967,4127.0,2.0,0.800000011920929,0.0,209.0,140.2,72.0
231150.0,2687.7074451446533,4127.0,2.0,0.800000011920929,0.0,209.0,140.2,72.0
231200.0,2688.2976133823395,4128.0,2.0,0.800000011920929,0.0,209.0,138.6,72.0
231250.0,2688.8880400657654,4128.0,2.0,0.800000011920929,0.0,209.0,138.6,72.0
231300.0,2689.479733467102,4128.0,2.0,0.800000011920929,0.0,209.0,138.6,72.0
231350.0,2690.0706226825714,4128.0,2.0,0.800000011920929,0.0,209.0,138.6,72.0
231400.0,2690.662802696228,4128.0,2.0,0.800000011920929,0.0,209.0,138.6,72.0
231450.0,2691.2548158168793,4128.0,2.0,0.800000011920929,0.0,209.0,138.6,72.0
231500.0,2691.8434517383575,4128.0,2.0,0.800000011920929,0.0,209.0,138.6,72.0
231550.0,2692.437755346298,4128.0,2.0,0.800000011920929,0.0,209.0,138.6,72.0
231600.0,2693.0279355049133,4128.0,2.0,0.800000011920929,0.0,209.0,138.6,72.0
231650.0,2693.6201384067535,4129.0,3.0,1.2000000476837158,0.0,457.0,188.2,72.0
231700.0,2694.2119102478027,4129.0,3.0,1.2000000476837158,0.0,457.0,188.2,72.0
231750.0,2694.804207086563,4129.0,3.0,1.2000000476837158,0.0,457.0,188.2,72.0
231800.0,2695.3952400684357,4129.0,3.0,1.2000000476837158,0.0,457.0,188.2,72.0
231850.0,2695.987628698349,4129.0,3.0,1.2000000476837158,0.0,457.0,188.2,72.0
231900.0,2696.5821871757507,4129.0,3.0,1.2000000476837158,0.0,457.0,188.2,72.0
231950.0,2697.177922964096,4130.0,3.0,1.0,0.0,457.0,215.8,72.0
232000.0,2697.7753229141235,4130.0,3.0,1.0,0.0,457.0,215.8,72.0
232050.0,2698.3667273521423,4131.0,3.0,0.800000011920929,0.0,457.0,201.6,72.0
232100.0,2698.9587757587433,4133.0,3.0,0.800000011920929,0.0,457.0,182.8,13.0
232150.0,2699.5482742786407,4133.0,3.0,0.800000011920929,0.0,457.0,182.8,13.0
232200.0,2700.1421225070953,4133.0,3.0,0.800000011920929,0.0,457.0,182.8,13.0
232250.0,2700.7317383289337,4133.0,3.0,0.800000011920929,0.0,457.0,182.8,13.0
232300.0,2701.323296070099,4133.0,3.0,0.800000011920929,0.0,457.0,182.8,13.0
232350.0,2701.9144520759583,4133.0,3.0,0.800000011920929,0.0,457.0,182.8,13.0
232400.0,2702.5059354305267,4133.0,3.0,0.800000011920929,0.0,457.0,182.8,13.0
232450.0,2703.097936630249,4133.0,3.0,0.800000011920929,0.0,457.0,182.8,13.0
232500.0,2703.6920523643494,4134.0,1.0,0.4000000059604645,0.0,397.0,170.8,13.0
232550.0,2704.282949447632,4134.0,1.0,0.4000000059604645,0.0,397.0,170.8,13.0
232600.0,2704.8760311603546,4134.0,1.0,0.4000000059604645,0.0,397.0,170.8,13.0
232650.0,2705.4689536094666,4135.0,1.0,0.6000000238418579,0.0,397.0,137.4,13.0
232700.0,2706.061644554138,4136.0,1.0,0.4000000059604645,0.0,397.0,131.8,13.0
232750.0,2706.653930425644,4136.0,1.0,0.4000000059604645,0.0,397.0,131.8,13.0
232800.0,2707.2422440052032,4136.0,1.0,0.4000000059604645,0.0,397.0,131.8,13.0
232850.0,2707.8323612213135,4136.0,1.0,0.4000000059604645,0.0,397.0,131.8,13.0
232900.0,2708.422125339508,4136.0,1.0,0.4000000059604645,0.0,397.0,131.8,13.0
232950.0,2709.0136115550995,4136.0,1.0,0.4000000059604645,0.0,397.0,131.8,13.0
233000.0,2709.6055421829224,4136.0,1.0,0.4000000059604645,0.0,397.0,131.8,13.0
233050.0,2710.1977355480194,4137.0,1.0,0.6000000238418579,0.0,397.0,192.8,13.0
233100.0,2710.7888350486755,4137.0,1.0,0.6000000238418579,0.0,397.0,192.8,13.0
233150.0,2711.373166322708,4137.0,1.0,0.6000000238418579,0.0,397.0,192.8,13.0
233200.0,2711.9566266536713,4137.0,1.0,0.6000000238418579,0.0,397.0,192.8,13.0
233250.0,2712.5444605350494,4137.0,1.0,0.6000000238418579,0.0,397.0,192.8,13.0
233300.0,2713.136918783188,4137.0,1.0,0.6000000238418579,0.0,397.0,192.8,13.0
233350.0,2713.7274417877197,4138.0,1.0,0.6000000238418579,0.0,397.0,246.2,81.0
233400.0,2714.3230834007263,4138.0,1.0,0.6000000238418579,0.0,397.0,246.2,81.0
233450.0,2714.9136826992035,4138.0,1.0,0.6000000238418579,0.0,397.0,246.2,81.0
233500.0,2715.50914645195,4138.0,1.0,0.6000000238418579,0.0,397.0,246.2,81.0
233550.0,2716.0997524261475,4138.0,1.0,0.6000000238418579,0.0,397.0,246.2,81.0
233600.0,2716.6911220550537,4138.0,1.0,0.6000000238418579,0.0,397.0,246.2,81.0
233650.0,2717.285052061081,4138.0,1.0,0.6000000238418579,0.0,397.0,246.2,81.0
233700.0,2717.8787150382996,4138.0,1.0,0.6000000238418579,0.0,397.0,246.2,81.0
233750.0,2718.473251104355,4139.0,1.0,0.6000000238418579,0.0,397.0,246.2,81.0
233800.0,2719.068205356598,4140.0,1.0,0.4000000059604645,0.0,397.0,234.6,67.0
233850.0,2719.6474232673645,4141.0,1.0,0.4000000059604645,0.0,397.0,227.6,46.0
233900.0,2720.2402069568634,4141.0,1.0,0.4000000059604645,0.0,397.0,227.6,46.0
233950.0,2720.8318610191345,4141.0,1.0,0.4000000059604645,0.0,397.0,227.6,46.0
234000.0,2721.42457985878,4142.0,1.0,0.20000000298023224,0.0,397.0,186.6,46.0
234050.0,2722.0189292430878,4143.0,1.0,0.20000000298023224,0.0,397.0,141.8,46.0
234100.0,2722.609550714493,4143.0,1.0,0.20000000298023224,0.0,397.0,141.8,46.0
234150.0,2723.2031922340393,4143.0,1.0,0.20000000298023224,0.0,397.0,141.8,46.0
234200.0,2723.7979855537415,4144.0,0.0,0.0,0.0,160.0,94.4,46.0
234250.0,2724.391848564148,4144.0,0.0,0.0,0.0,160.0,94.4,46.0
234300.0,2724.9857099056244,4144.0,0.0,0.0,0.0,160.0,94.4,46.0
234350.0,2725.578765630722,4144.0,0.0,0.0,0.0,160.0,94.4,46.0
234400.0,2726.1716730594635,4145.0,0.0,0.0,0.0,191.0,119.2,46.0
234450.0,2726.7684314250946,4146.0,0.0,0.0,0.0,191.0,118.0,40.0
234500.0,2727.3615465164185,4147.0,0.0,0.0,0.0,191.0,99.8,40.0
234550.0,2727.95520734787,4147.0,0.0,0.0,0.0,191.0,99.8,40.0
234600.0,2728.5501432418823,4148.0,0.0,0.0,0.0,191.0,109.0,40.0
234650.0,2729.1444098949432,4149.0,0.0,0.0,0.0,191.0,86.2,40.0
234700.0,2729.7387640476227,4149.0,0.0,0.0,0.0,191.0,86.2,40.0
234750.0,2730.334988117218,4149.0,0.0,0.0,0.0,191.0,86.2,40.0
234800.0,2730.928506374359,4150.0,0.0,0.0,0.0,167.0,81.4,40.0
234850.0,2731.519018650055,4151.0,0.0,0.0,0.0,167.0,83.8,46.0
234900.0,2732.1131179332733,4152.0,0.0,0.0,0.0,167.0,83.6,46.0
234950.0,2732.705146074295,4152.0,0.0,0.0,0.0,167.0,83.6,46.0
235000.0,2733.2977788448334,4152.0,0.0,0.0,0.0,167.0,83.6,46.0
235050.0,2733.891679286957,4152.0,0.0,0.0,0.0,167.0,83.6,46.0
235100.0,2734.4836118221283,4153.0,1.0,0.20000000298023224,0.0,189.0,101.0,46.0
235150.0,2735.081253528595,4154.0,1.0,0.20000000298023224,0.0,189.0,104.0,51.0
235200.0,2735.67405295372,4154.0,1.0,0.20000000298023224,0.0,189.0,104.0,51.0
235250.0,2736.2683024406433,4155.0,1.0,0.20000000298023224,0.0,189.0,88.0,51.0
235300.0,2736.861015319824,4155.0,1.0,0.20000000298023224,0.0,189.0,88.0,51.0
235350.0,2737.453835248947,4155.0,1.0,0.20000000298023224,0.0,189.0,88.0,51.0
235400.0,2738.0465774536133,4155.0,1.0,0.20000000298023224,0.0,189.0,88.0,51.0
235450.0,2738.639988899231,4156.0,1.0,0.4000000059604645,0.0,198.0,117.2,51.0
235500.0,2739.2342751026154,4156.0,1.0,0.4000000059604645,0.0,198.0,117.2,51.0
235550.0,2739.827906847,4157.0,1.0,0.6000000238418579,0.0,198.0,129.4,61.0
235600.0,2740.4167914390564,4157.0,1.0,0.6000000238418579,0.0,198.0,129.4,61.0
235650.0,2741.009848833084,4157.0,1.0,0.6000000238418579,0.0,198.0,129.4,61.0
235700.0,2741.6024630069733,4157.0,1.0,0.6000000238418579,0.0,198.0,129.4,61.0
235750.0,2742.1973528862,4157.0,1.0,0.6000000238418579,0.0,198.0,129.4,61.0
235800.0,2742.7872157096863,4158.0,4.0,1.2000000476837158,0.0,245.0,140.6,61.0
235850.0,2743.3778960704803,4159.0,4.0,1.2000000476837158,0.0,245.0,141.8,67.0
235900.0,2743.9647600650787,4159.0,4.0,1.2000000476837158,0.0,245.0,141.8,67.0
235950.0,2744.558801174164,4159.0,4.0,1.2000000476837158,0.0,245.0,141.8,67.0
236000.0,2745.1523365974426,4159.0,4.0,1.2000000476837158,0.0,245.0,141.8,67.0
236050.0,2745.7440598011017,4160.0,4.0,1.399999976158142,0.0,245.0,160.6,67.0
236100.0,2746.33566904068,4160.0,4.0,1.399999976158142,0.0,245.0,160.6,67.0
236150.0,2746.929735183716,4160.0,4.0,1.399999976158142,0.0,245.0,160.6,67.0
236200.0,2747.5275230407715,4160.0,4.0,1.399999976158142,0.0,245.0,160.6,67.0
236250.0,2748.120601415634,4160.0,4.0,1.399999976158142,0.0,245.0,160.6,67.0
236300.0,2748.712999343872,4160.0,4.0,1.399999976158142,0.0,245.0,160.6,67.0
236350.0,2749.3042974472046,4161.0,4.0,1.399999976158142,0.0,305.0,182.0,67.0
236400.0,2749.894647359848,4161.0,4.0,1.399999976158142,0.0,305.0,182.0,67.0
236450.0,2750.484573364258,4162.0,4.0,1.2000000476837158,0.0,305.0,180.0,67.0
236500.0,2751.0752153396606,4162.0,4.0,1.2000000476837158,0.0,305.0,180.0,67.0
236550.0,2751.667998313904,4162.0,4.0,1.2000000476837158,0.0,305.0,180.0,67.0
236600.0,2752.2637944221497,4162.0,4.0,1.2000000476837158,0.0,305.0,180.0,67.0
236650.0,2752.85555267334,4162.0,4.0,1.2000000476837158,0.0,305.0,180.0,67.0
236700.0,2753.4503467082977,4164.0,1.0,0.4000000059604645,0.0,305.0,168.8,18.0
236750.0,2754.046479701996,4165.0,1.0,0.20000000298023224,0.0,305.0,137.2,18.0
236800.0,2754.63894033432,4165.0,1.0,0.20000000298023224,0.0,305.0,137.2,18.0
236850.0,2755.233691930771,4165.0,1.0,0.20000000298023224,0.0,305.0,137.2,18.0
236900.0,2755.8244395256042,4165.0,1.0,0.20000000298023224,0.0,305.0,137.2,18.0
236950.0,2756.415962934494,4166.0,1.0,0.20000000298023224,0.0,238.0,121.0,18.0
237000.0,2757.0078477859497,4166.0,1.0,0.20000000298023224,0.0,238.0,121.0,18.0
237050.0,2757.600032567978,4166.0,1.0,0.20000000298023224,0.0,238.0,121.0,18.0
237100.0,2758.191924571991,4167.0,1.0,0.4000000059604645,0.0,238.0,129.6,18.0
237150.0,2758.784358739853,4167.0,1.0,0.4000000059604645,0.0,238.0,129.6,18.0
237200.0,2759.3772809505463,4167.0,1.0,0.4000000059604645,0.0,238.0,129.6,18.0
237250.0,2759.9769978523254,4169.0,1.0,0.4000000059604645,0.0,224.0,111.2,19.0
237300.0,2760.5991022586823,4169.0,1.0,0.4000000059604645,0.0,224.0,111.2,19.0
237350.0,2761.21933221817,4169.0,1.0,0.4000000059604645,0.0,224.0,111.2,19.0
237400.0,2761.8410160541534,4169.0,1.0,0.4000000059604645,0.0,224.0,111.2,19.0
237450.0,2762.460867166519,4169.0,1.0,0.4000000059604645,0.0,224.0,111.2,19.0
237500.0,2763.0735964775085,4169.0,1.0,0.4000000059604645,0.0,224.0,111.2,19.0
237550.0,2763.692334651947,4169.0,1.0,0.4000000059604645,0.0,224.0,111.2,19.0
237600.0,2764.316429376602,4169.0,1.0,0.4000000059604645,0.0,224.0,111.2,19.0
237650.0,2764.9406881332397,4169.0,1.0,0.4000000059604645,0.0,224.0,111.2,19.0
237700.0,2765.561995744705,4170.0,1.0,0.4000000059604645,0.0,418.0,190.2,19.0
237750.0,2766.1807491779327,4170.0,1.0,0.4000000059604645,0.0,418.0,190.2,19.0
237800.0,2766.8008275032043,4170.0,1.0,0.4000000059604645,0.0,418.0,190.2,19.0
237850.0,2767.415197610855,4170.0,1.0,0.4000000059604645,0.0,418.0,190.2,19.0
237900.0,2768.029881954193,4170.0,1.0,0.4000000059604645,0.0,418.0,190.2,19.0
237950.0,2768.645405292511,4170.0,1.0,0.4000000059604645,0.0,418.0,190.2,19.0
238000.0,2769.2688040733337,4172.0,1.0,0.4000000059604645,0.0,418.0,182.2,19.0
238050.0,2769.8887417316437,4172.0,1.0,0.4000000059604645,0.0,418.0,182.2,19.0
238100.0,2770.509395837784,4172.0,1.0,0.4000000059604645,0.0,418.0,182.2,19.0
238150.0,2771.1253304481506,4173.0,1.0,0.4000000059604645,0.0,418.0,182.0,19.0
238200.0,2771.7460613250732,4174.0,1.0,0.6000000238418579,0.0,418.0,189.8,26.0
238250.0,2772.364578485489,4174.0,1.0,0.6000000238418579,0.0,418.0,189.8,26.0
238300.0,2772.9872477054596,4174.0,1.0,0.6000000238418579,0.0,418.0,189.8,26.0
238350.0,2773.6046109199524,4174.0,1.0,0.6000000238418579,0.0,418.0,189.8,26.0
238400.0,2774.225276708603,4175.0,1.0,0.6000000238418579,0.0,303.0,139.6,26.0
238450.0,2774.8399608135223,4175.0,1.0,0.6000000238418579,0.0,303.0,139.6,26.0
238500.0,2775.460366487503,4177.0,1.0,0.20000000298023224,0.0,167.0,97.0,21.0
238550.0,2776.077403783798,4177.0,1.0,0.20000000298023224,0.0,167.0,97.0,21.0
238600.0,2776.696445465088,4177.0,1.0,0.20000000298023224,0.0,167.0,97.0,21.0
238650.0,2777.3148634433746,4177.0,1.0,0.20000000298023224,0.0,167.0,97.0,21.0
238700.0,2777.9307930469513,4177.0,1.0,0.20000000298023224,0.0,167.0,97.0,21.0
238750.0,2778.548136472702,4177.0,1.0,0.20000000298023224,0.0,167.0,97.0,21.0
238800.0,2779.1677215099335,4177.0,1.0,0.20000000298023224,0.0,167.0,97.0,21.0
238850.0,2779.7844302654266,4177.0,1.0,0.20000000298023224,0.0,167.0,97.0,21.0
238900.0,2780.408605337143,4177.0,1.0,0.20000000298023224,0.0,167.0,97.0,21.0
238950.0,2781.025404691696,4177.0,1.0,0.20000000298023224,0.0,167.0,97.0,21.0
239000.0,2781.645006418228,4177.0,1.0,0.20000000298023224,0.0,167.0,97.0,21.0
239050.0,2782.2633905410767,4177.0,1.0,0.20000000298023224,0.0,167.0,97.0,21.0
239100.0,2782.884421110153,4177.0,1.0,0.20000000298023224,0.0,167.0,97.0,21.0
239150.0,2783.502917766571,4177.0,1.0,0.20000000298023224,0.0,167.0,97.0,21.0
239200.0,2784.1258335113525,4178.0,1.0,0.20000000298023224,0.0,689.0,206.0,21.0
239250.0,2784.741868495941,4178.0,1.0,0.20000000298023224,0.0,689.0,206.0,21.0
239300.0,2785.359893798828,4178.0,1.0,0.20000000298023224,0.0,689.0,206.0,21.0
239350.0,2785.980389356613,4178.0,1.0,0.20000000298023224,0.0,689.0,206.0,21.0
239400.0,2786.6005301475525,4178.0,1.0,0.20000000298023224,0.0,689.0,206.0,21.0
239450.0,2787.224769592285,4178.0,1.0,0.20000000298023224,0.0,689.0,206.0,21.0
239500.0,2787.8464715480804,4178.0,1.0,0.20000000298023224,0.0,689.0,206.0,21.0
239550.0,2788.4606037139893,4178.0,1.0,0.20000000298023224,0.0,689.0,206.0,21.0
239600.0,2789.0688145160675,4178.0,1.0,0.20000000298023224,0.0,689.0,206.0,21.0
239650.0,2789.6835091114044,4178.0,1.0,0.20000000298023224,0.0,689.0,206.0,21.0
239700.0,2790.30242562294,4178.0,1.0,0.20000000298023224,0.0,689.0,206.0,21.0
239750.0,2790.920690059662,4178.0,1.0,0.20000000298023224,0.0,689.0,206.0,21.0
239800.0,2791.5337681770325,4178.0,1.0,0.20000000298023224,0.0,689.0,206.0,21.0
239850.0,2792.1481342315674,4178.0,1.0,0.20000000298023224,0.0,689.0,206.0,21.0
239900.0,2792.7671711444855,4178.0,1.0,0.20000000298023224,0.0,689.0,206.0,21.0
239950.0,2793.3888487815857,4178.0,1.0,0.20000000298023224,0.0,689.0,206.0,21.0
240000.0,2794.0041887760162,4179.0,0.0,0.0,0.0,820.0,358.4,21.0
240050.0,2794.626478910446,4180.0,2.0,0.4000000059604645,0.0,820.0,334.2,21.0
240100.0,2795.2477362155914,4181.0,6.0,1.600000023841858,0.0,820.0,325.2,21.0
240150.0,2795.8727507591248,4182.0,7.0,3.0,0.0,820.0,332.8,46.0
240200.0,2796.496405363083,4182.0,7.0,3.0,0.0,820.0,332.8,46.0
240250.0,2797.112999200821,4183.0,10.0,5.0,0.0,820.0,213.2,46.0
240300.0,2797.737399339676,4184.0,10.0,6.199999809265137,2.0,91.0,59.2,46.0
240350.0,2798.364703655243,4184.0,10.0,6.199999809265137,2.0,91.0,59.2,46.0
240400.0,2798.991847753525,4185.0,14.0,8.600000381469727,6.0,100.0,70.0,50.0
240450.0,2799.613473176956,4186.0,14.0,8.399999618530273,5.0,100.0,68.0,40.0
240500.0,2800.240272283554,4187.0,14.0,8.399999618530273,5.0,100.0,66.2,40.0
240550.0,2800.863461494446,4187.0,14.0,8.399999618530273,5.0,100.0,66.2,40.0
240600.0,2801.4871394634247,4188.0,17.0,9.800000190734863,5.0,120.0,72.0,40.0
240650.0,2802.112509727478,4189.0,17.0,10.0,5.0,120.0,72.0,40.0
240700.0,2802.738571882248,4190.0,17.0,8.600000381469727,5.0,120.0,62.0,40.0
240750.0,2803.365164756775,4191.0,17.0,8.800000190734863,6.0,120.0,63.8,49.0
240800.0,2803.9884326457977,4192.0,17.0,8.399999618530273,5.0,120.0,62.0,41.0
240850.0,2804.6129806041718,4192.0,17.0,8.399999618530273,5.0,120.0,62.0,41.0
240900.0,2805.236528635025,4192.0,17.0,8.399999618530273,5.0,120.0,62.0,41.0
240950.0,2805.8568861484528,4192.0,17.0,8.399999618530273,5.0,120.0,62.0,41.0
241000.0,2806.4815073013306,4193.0,26.0,10.199999809265137,5.0,200.0,78.0,41.0
241050.0,2807.10475230217,4194.0,26.0,10.199999809265137,5.0,200.0,79.8,41.0
241100.0,2807.72838807106,4195.0,26.0,9.399999618530273,3.0,200.0,78.0,41.0
241150.0,2808.3491730690002,4196.0,26.0,9.0,3.0,200.0,78.2,41.0
241200.0,2808.977222442627,4197.0,26.0,8.600000381469727,3.0,200.0,80.0,41.0
241250.0,2809.6031229496,4198.0,7.0,4.0,3.0,59.0,50.0,41.0
241300.0,2810.232969045639,4198.0,7.0,4.0,3.0,59.0,50.0,41.0
241350.0,2810.8564784526825,4199.0,5.0,3.5999999046325684,3.0,100.0,58.2,41.0
241400.0,2811.479223012924,4200.0,5.0,3.200000047683716,1.0,100.0,61.8,50.0
241450.0,2812.1003592014313,4201.0,5.0,2.799999952316284,1.0,100.0,60.0,41.0
241500.0,2812.7287855148315,4202.0,5.0,3.0,1.0,100.0,60.0,41.0
241550.0,2813.3535828590393,4203.0,5.0,3.200000047683716,1.0,100.0,62.0,41.0
241600.0,2813.980642557144,4204.0,4.0,2.5999999046325684,1.0,60.0,48.0,30.0
241650.0,2814.60769200325,4204.0,4.0,2.5999999046325684,1.0,60.0,48.0,30.0
241700.0,2815.2358360290527,4205.0,11.0,4.599999904632568,2.0,111.0,58.4,30.0
241750.0,2815.8607544898987,4206.0,11.0,4.599999904632568,2.0,111.0,58.0,30.0
241800.0,2816.485015153885,4207.0,11.0,5.400000095367432,2.0,111.0,62.0,30.0
241850.0,2817.109307050705,4208.0,11.0,5.199999809265137,2.0,111.0,59.8,30.0
241900.0,2817.7362565994263,4209.0,11.0,5.599999904632568,2.0,111.0,64.2,39.0
241950.0,2818.3643085956573,4210.0,8.0,4.0,2.0,70.0,49.8,39.0
242000.0,2818.989567041397,4211.0,8.0,4.400000095367432,3.0,70.0,52.0,39.0
242050.0,2819.610997915268,4211.0,8.0,4.400000095367432,3.0,70.0,52.0,39.0
242100.0,2820.2350449562073,4212.0,5.0,3.799999952316284,3.0,90.0,56.0,39.0
242150.0,2820.856748342514,4212.0,5.0,3.799999952316284,3.0,90.0,56.0,39.0
242200.0,2821.4842717647552,4212.0,5.0,3.799999952316284,3.0,90.0,56.0,39.0
242250.0,2822.112392425537,4213.0,17.0,6.599999904632568,3.0,160.0,78.2,39.0
242300.0,2822.736670732498,4213.0,17.0,6.599999904632568,3.0,160.0,78.2,39.0
242350.0,2823.360589981079,4213.0,17.0,6.599999904632568,3.0,160.0,78.2,39.0
242400.0,2823.9889636039734,4213.0,17.0,6.599999904632568,3.0,160.0,78.2,39.0
242450.0,2824.612446784973,4213.0,17.0,6.599999904632568,3.0,160.0,78.2,39.0
242500.0,2825.239632129669,4213.0,17.0,6.599999904632568,3.0,160.0,78.2,39.0
242550.0,2825.8628623485565,4213.0,17.0,6.599999904632568,3.0,160.0,78.2,39.0
242600.0,2826.4876022338867,4213.0,17.0,6.599999904632568,3.0,160.0,78.2,39.0
242650.0,2827.1091425418854,4214.0,47.0,15.199999809265137,3.0,400.0,147.8,39.0
242700.0,2827.73291015625,4215.0,47.0,15.600000381469727,4.0,400.0,148.0,40.0
242750.0,2828.359029531479,4215.0,47.0,15.600000381469727,4.0,400.0,148.0,40.0
242800.0,2828.9812779426575,4216.0,47.0,17.399999618530273,5.0,400.0,160.0,40.0
242850.0,2829.6045532226562,4217.0,47.0,17.799999237060547,5.0,400.0,154.2,40.0
242900.0,2830.2278242111206,4218.0,47.0,15.0,3.0,400.0,128.0,29.0
242950.0,2830.8567056655884,4218.0,47.0,15.0,3.0,400.0,128.0,29.0
243000.0,2831.480280637741,4218.0,47.0,15.0,3.0,400.0,128.0,29.0
243050.0,2832.1043326854706,4219.0,13.0,8.199999809265137,3.0,150.0,78.0,29.0
243100.0,2832.732423067093,4220.0,13.0,8.399999618530273,3.0,150.0,80.0,29.0
243150.0,2833.3569328784943,4221.0,13.0,6.800000190734863,3.0,150.0,68.0,29.0
243200.0,2833.980787754059,4222.0,13.0,7.0,3.0,150.0,70.2,29.0
243250.0,2834.605243206024,4222.0,13.0,7.0,3.0,150.0,70.2,29.0
243300.0,2835.2280225753784,4222.0,13.0,7.0,3.0,150.0,70.2,29.0
243350.0,2835.852684020996,4223.0,15.0,9.399999618530273,5.0,150.0,90.0,50.0
243400.0,2836.480818748474,4224.0,15.0,8.199999809265137,5.0,128.0,72.0,50.0
243450.0,2837.10524892807,4225.0,15.0,8.0,5.0,128.0,70.0,40.0
243500.0,2837.7279920578003,4225.0,15.0,8.0,5.0,128.0,70.0,40.0
243550.0,2838.3524379730225,4225.0,15.0,8.0,5.0,128.0,70.0,40.0
243600.0,2838.976396083832,4225.0,15.0,8.0,5.0,128.0,70.0,40.0
243650.0,2839.6008183956146,4225.0,15.0,8.0,5.0,128.0,70.0,40.0
243700.0,2840.2249507904053,4226.0,31.0,13.199999809265137,5.0,250.0,110.0,40.0
243750.0,2840.8492794036865,4227.0,31.0,12.800000190734863,5.0,250.0,107.6,40.0
243800.0,2841.4694600105286,4228.0,31.0,11.399999618530273,5.0,250.0,94.0,40.0
243850.0,2842.094200372696,4229.0,31.0,11.199999809265137,5.0,250.0,92.2,40.0
243900.0,2842.724139213562,4230.0,31.0,10.800000190734863,3.0,250.0,90.0,29.0
243950.0,2843.3483147621155,4230.0,31.0,10.800000190734863,3.0,250.0,90.0,29.0
244000.0,2843.9764697551727,4230.0,31.0,10.800000190734863,3.0,250.0,90.0,29.0
244050.0,2844.597238779068,4231.0,22.0,9.0,3.0,160.0,72.0,29.0
244100.0,2845.2209248542786,4232.0,22.0,8.800000190734863,3.0,160.0,68.0,29.0
244150.0,2845.84520816803,4232.0,22.0,8.800000190734863,3.0,160.0,68.0,29.0
244200.0,2846.468351125717,4232.0,22.0,8.800000190734863,3.0,160.0,68.0,29.0
244250.0,2847.096403360367,4233.0,22.0,11.600000381469727,3.0,161.0,88.2,29.0
244300.0,2847.720715045929,4233.0,22.0,11.600000381469727,3.0,161.0,88.2,29.0
244350.0,2848.349186182022,4233.0,22.0,11.600000381469727,3.0,161.0,88.2,29.0
244400.0,2848.9718697071075,4233.0,22.0,11.600000381469727,3.0,161.0,88.2,29.0
244450.0,2849.59521150589,4233.0,22.0,11.600000381469727,3.0,161.0,88.2,29.0
244500.0,2850.224681854248,4233.0,22.0,11.600000381469727,3.0,161.0,88.2,29.0
244550.0,2850.8478593826294,4233.0,22.0,11.600000381469727,3.0,161.0,88.2,29.0
244600.0,2851.4729969501495,4233.0,22.0,11.600000381469727,3.0,161.0,88.2,29.0
244650.0,2852.101309299469,4233.0,22.0,11.600000381469727,3.0,161.0,88.2,29.0
244700.0,2852.7243683338165,4233.0,22.0,11.600000381469727,3.0,161.0,88.2,29.0
244750.0,2853.3489587306976,4233.0,22.0,11.600000381469727,3.0,161.0,88.2,29.0
244800.0,2853.9694221019745,4233.0,22.0,11.600000381469727,3.0,161.0,88.2,29.0
244850.0,2854.589987754822,4233.0,22.0,11.600000381469727,3.0,161.0,88.2,29.0
244900.0,2855.2112386226654,4234.0,87.0,27.799999237060547,3.0,649.0,207.8,29.0
244950.0,2855.84001493454,4235.0,87.0,28.200000762939453,5.0,649.0,210.0,40.0
245000.0,2856.4604439735413,4236.0,87.0,25.799999237060547,5.0,649.0,192.2,40.0
245050.0,2857.0882802009583,4236.0,87.0,25.799999237060547,5.0,649.0,192.2,40.0
245100.0,2857.7092864513397,4237.0,87.0,27.0,5.0,649.0,200.0,40.0
245150.0,2858.332104206085,4238.0,87.0,24.200000762939453,5.0,649.0,179.8,40.0
245200.0,2858.961051464081,4239.0,11.0,8.800000190734863,5.0,79.0,61.8,40.0
245250.0,2859.584223508835,4240.0,11.0,8.800000190734863,5.0,79.0,60.0,31.0
245300.0,2860.212574481964,4241.0,11.0,9.0,5.0,79.0,58.0,31.0
245350.0,2860.8324480056763,4241.0,11.0,9.0,5.0,79.0,58.0,31.0
245400.0,2861.4569466114044,4242.0,14.0,9.600000381469727,5.0,99.0,62.0,31.0
245450.0,2862.081660747528,4243.0,14.0,10.199999809265137,5.0,99.0,62.4,31.0
245500.0,2862.7126359939575,4243.0,14.0,10.199999809265137,5.0,99.0,62.4,31.0
245550.0,2863.3343381881714,4244.0,14.0,11.0,5.0,99.0,70.2,31.0
245600.0,2863.956421852112,4245.0,14.0,11.600000381469727,8.0,99.0,73.8,49.0
245650.0,2864.580719947815,4245.0,14.0,11.600000381469727,8.0,99.0,73.8,49.0
245700.0,2865.209184885025,4246.0,16.0,12.600000381469727,8.0,100.0,81.6,49.0
245750.0,2865.8249640464783,4247.0,16.0,11.199999809265137,7.0,100.0,70.0,41.0
245800.0,2866.444498062134,4248.0,16.0,10.600000381469727,7.0,100.0,67.6,41.0
245850.0,2867.06431722641,4248.0,16.0,10.600000381469727,7.0,100.0,67.6,41.0
245900.0,2867.6878542900085,4248.0,16.0,10.600000381469727,7.0,100.0,67.6,41.0
245950.0,2868.3148427009583,4249.0,27.0,13.199999809265137,7.0,159.0,79.8,41.0
246000.0,2868.937395811081,4250.0,27.0,13.199999809265137,7.0,159.0,80.4,41.0
246050.0,2869.5621995925903,4250.0,27.0,13.199999809265137,7.0,159.0,80.4,41.0
246100.0,2870.1833534240723,4251.0,27.0,13.399999618530273,7.0,159.0,80.2,41.0
246150.0,2870.804617881775,4251.0,27.0,13.399999618530273,7.0,159.0,80.2,41.0
246200.0,2871.428837776184,4252.0,27.0,15.399999618530273,8.0,159.0,91.8,50.0
246250.0,2872.0495455265045,4252.0,27.0,15.399999618530273,8.0,159.0,91.8,50.0
246300.0,2872.6728100776672,4252.0,27.0,15.399999618530273,8.0,159.0,91.8,50.0
246350.0,2873.2960345745087,4252.0,27.0,15.399999618530273,8.0,159.0,91.8,50.0
246400.0,2873.924286842346,4253.0,34.0,20.600000381469727,8.0,194.0,120.6,52.0
246450.0,2874.5473325252533,4253.0,34.0,20.600000381469727,8.0,194.0,120.6,52.0
246500.0,2875.1767308712006,4253.0,34.0,20.600000381469727,8.0,194.0,120.6,52.0
246550.0,2875.7969403266907,4254.0,34.0,20.200000762939453,8.0,194.0,118.2,52.0
246600.0,2876.4193983078003,4254.0,34.0,20.200000762939453,8.0,194.0,118.2,52.0
246650.0,2877.0443663597107,4254.0,34.0,20.200000762939453,8.0,194.0,118.2,52.0
246700.0,2877.6723091602325,4255.0,34.0,23.600000381469727,17.0,194.0,139.6,99.0
246750.0,2878.2975313663483,4256.0,34.0,21.200000762939453,5.0,194.0,126.0,31.0
246800.0,2878.920572280884,4257.0,34.0,19.399999618530273,5.0,194.0,118.2,31.0
246850.0,2879.544950246811,4258.0,25.0,14.0,5.0,159.0,87.8,31.0
246900.0,2880.17281293869,4258.0,25.0,14.0,5.0,159.0,87.8,31.0
246950.0,2880.7961621284485,4258.0,25.0,14.0,5.0,159.0,87.8,31.0
247000.0,2881.4212996959686,4258.0,25.0,14.0,5.0,159.0,87.8,31.0
247050.0,2882.044938325882,4259.0,38.0,16.600000381469727,5.0,218.0,102.0,31.0
247100.0,2882.672167301178,4259.0,38.0,16.600000381469727,5.0,218.0,102.0,31.0
247150.0,2883.294800758362,4260.0,38.0,14.800000190734863,5.0,218.0,88.8,31.0
247200.0,2883.924055337906,4260.0,38.0,14.800000190734863,5.0,218.0,88.8,31.0
247250.0,2884.5492811203003,4260.0,38.0,14.800000190734863,5.0,218.0,88.8,31.0
247300.0,2885.172637462616,4261.0,38.0,19.200000762939453,7.0,218.0,113.8,42.0
247350.0,2885.7954893112183,4262.0,38.0,18.399999618530273,4.0,218.0,108.0,31.0
247400.0,2886.418128490448,4263.0,38.0,19.399999618530273,4.0,218.0,113.4,31.0
247450.0,2887.0426166057587,4263.0,38.0,19.399999618530273,4.0,218.0,113.4,31.0
247500.0,2887.664149284363,4263.0,38.0,19.399999618530273,4.0,218.0,113.4,31.0
247550.0,2888.2905011177063,4264.0,27.0,16.399999618530273,4.0,156.0,98.2,31.0
247600.0,2888.905636072159,4264.0,27.0,16.399999618530273,4.0,156.0,98.2,31.0
247650.0,2889.523627281189,4265.0,27.0,16.600000381469727,4.0,156.0,99.4,31.0
247700.0,2890.1430490016937,4265.0,27.0,16.600000381469727,4.0,156.0,99.4,31.0
247750.0,2890.768648147583,4265.0,27.0,16.600000381469727,4.0,156.0,99.4,31.0
247800.0,2891.396375656128,4265.0,27.0,16.600000381469727,4.0,156.0,99.4,31.0
247850.0,2892.0285527706146,4265.0,27.0,16.600000381469727,4.0,156.0,99.4,31.0
247900.0,2892.6564972400665,4265.0,27.0,16.600000381469727,4.0,156.0,99.4,31.0
247950.0,2893.278333902359,4265.0,27.0,16.600000381469727,4.0,156.0,99.4,31.0
248000.0,2893.89732170105,4265.0,27.0,16.600000381469727,4.0,156.0,99.4,31.0
248050.0,2894.5224783420563,4265.0,27.0,16.600000381469727,4.0,156.0,99.4,31.0
248100.0,2895.152424812317,4265.0,27.0,16.600000381469727,4.0,156.0,99.4,31.0
248150.0,2895.7769796848297,4265.0,27.0,16.600000381469727,4.0,156.0,99.4,31.0
248200.0,2896.40110206604,4265.0,27.0,16.600000381469727,4.0,156.0,99.4,31.0
248250.0,2897.024890899658,4265.0,27.0,16.600000381469727,4.0,156.0,99.4,31.0
248300.0,2897.6522929668427,4265.0,27.0,16.600000381469727,4.0,156.0,99.4,31.0
248350.0,2898.2760405540466,4265.0,27.0,16.600000381469727,4.0,156.0,99.4,31.0
248400.0,2898.9042916297913,4265.0,27.0,16.600000381469727,4.0,156.0,99.4,31.0
248450.0,2899.5289788246155,4265.0,27.0,16.600000381469727,4.0,156.0,99.4,31.0
248500.0,2900.1558170318604,4266.0,137.0,38.599998474121094,4.0,853.0,238.8,31.0
248550.0,2900.7770681381226,4266.0,137.0,38.599998474121094,4.0,853.0,238.8,31.0
248600.0,2901.3966360092163,4266.0,137.0,38.599998474121094,4.0,853.0,238.8,31.0
248650.0,2902.0234565734863,4266.0,137.0,38.599998474121094,4.0,853.0,238.8,31.0
248700.0,2902.648618221283,4266.0,137.0,38.599998474121094,4.0,853.0,238.8,31.0
248750.0,2903.2685849666595,4266.0,137.0,38.599998474121094,4.0,853.0,238.8,31.0
248800.0,2903.89000082016,4266.0,137.0,38.599998474121094,4.0,853.0,238.8,31.0
248850.0,2904.508294582367,4266.0,137.0,38.599998474121094,4.0,853.0,238.8,31.0
248900.0,2905.132620573044,4267.0,137.0,49.400001525878906,12.0,853.0,312.2,69.0
248950.0,2905.7572932243347,4267.0,137.0,49.400001525878906,12.0,853.0,312.2,69.0
249000.0,2906.3806817531586,4268.0,137.0,50.599998474121094,17.0,853.0,320.2,99.0
249050.0,2907.001265525818,4269.0,137.0,47.400001525878906,7.0,853.0,302.2,52.0
249100.0,2907.620768070221,4269.0,137.0,47.400001525878906,7.0,853.0,302.2,52.0
249150.0,2908.2444038391113,4269.0,137.0,47.400001525878906,7.0,853.0,302.2,52.0
249200.0,2908.8723113536835,4270.0,137.0,48.599998474121094,7.0,853.0,310.0,52.0
249250.0,2909.4943969249725,4270.0,137.0,48.599998474121094,7.0,853.0,310.0,52.0
249300.0,2910.1163578033447,4270.0,137.0,48.599998474121094,7.0,853.0,310.0,52.0
249350.0,2910.740625143051,4271.0,58.0,26.399999618530273,7.0,398.0,169.4,52.0
249400.0,2911.3690922260284,4272.0,26.0,16.399999618530273,7.0,150.0,101.6,52.0
249450.0,2911.9915142059326,4273.0,26.0,14.0,6.0,150.0,88.0,41.0
249500.0,2912.615519285202,4273.0,26.0,14.0,6.0,150.0,88.0,41.0
249550.0,2913.229153394699,4273.0,26.0,14.0,6.0,150.0,88.0,41.0
249600.0,2913.8527324199677,4274.0,26.0,17.399999618530273,6.0,150.0,107.6,41.0
249650.0,2914.471531867981,4274.0,26.0,17.399999618530273,6.0,150.0,107.6,41.0
249700.0,2915.0902364254,4274.0,26.0,17.399999618530273,6.0,150.0,107.6,41.0
249750.0,2915.716317176819,4274.0,26.0,17.399999618530273,6.0,150.0,107.6,41.0
249800.0,2916.340290784836,4275.0,33.0,19.399999618530273,6.0,212.0,122.4,41.0
249850.0,2916.963100194931,4276.0,33.0,15.199999809265137,5.0,212.0,98.0,28.0
249900.0,2917.587822198868,4276.0,33.0,15.199999809265137,5.0,212.0,98.0,28.0
249950.0,2918.2138772010803,4276.0,33.0,15.199999809265137,5.0,212.0,98.0,28.0
250000.0,2918.8363568782806,4276.0,33.0,15.199999809265137,5.0,212.0,98.0,28.0
250050.0,2919.4621546268463,4276.0,33.0,15.199999809265137,5.0,212.0,98.0,28.0
250100.0,2920.0903708934784,4277.0,46.0,22.799999237060547,5.0,271.0,140.4,28.0
250150.0,2920.714704990387,4277.0,46.0,22.799999237060547,5.0,271.0,140.4,28.0
250200.0,2921.316934108734,4277.0,46.0,22.799999237060547,5.0,271.0,140.4,28.0
250250.0,2921.937381029129,4278.0,46.0,25.600000381469727,5.0,271.0,156.2,28.0
250300.0,2922.558411359787,4280.0,46.0,16.399999618530273,3.0,271.0,97.4,18.0
250350.0,2923.1766426563263,4280.0,46.0,16.399999618530273,3.0,271.0,97.4,18.0
250400.0,2923.7963848114014,4280.0,46.0,16.399999618530273,3.0,271.0,97.4,18.0
250450.0,2924.417340993881,4280.0,46.0,16.399999618530273,3.0,271.0,97.4,18.0
250500.0,2925.0329999923706,4280.0,46.0,16.399999618530273,3.0,271.0,97.4,18.0
250550.0,2925.661001443863,4280.0,46.0,16.399999618530273,3.0,271.0,97.4,18.0
250600.0,2926.280253171921,4280.0,46.0,16.399999618530273,3.0,271.0,97.4,18.0
250650.0,2926.8988575935364,4282.0,56.0,18.0,3.0,332.0,107.6,18.0
250700.0,2927.524144411087,4282.0,56.0,18.0,3.0,332.0,107.6,18.0
250750.0,2928.1451127529144,4283.0,56.0,17.399999618530273,3.0,332.0,103.8,18.0
250800.0,2928.762645483017,4284.0,56.0,17.399999618530273,3.0,332.0,103.8,18.0
250850.0,2929.3812894821167,4284.0,56.0,17.399999618530273,3.0,332.0,103.8,18.0
250900.0,2930.004953145981,4286.0,17.0,9.0,3.0,101.0,53.6,18.0
250950.0,2930.6284506320953,4286.0,17.0,9.0,3.0,101.0,53.6,18.0
251000.0,2931.2456085681915,4287.0,17.0,11.0,3.0,101.0,66.4,18.0
251050.0,2931.864860534668,4287.0,17.0,11.0,3.0,101.0,66.4,18.0
251100.0,2932.4847021102905,4287.0,17.0,11.0,3.0,101.0,66.4,18.0
251150.0,2933.103648662567,4287.0,17.0,11.0,3.0,101.0,66.4,18.0
251200.0,2933.7273490428925,4287.0,17.0,11.0,3.0,101.0,66.4,18.0
251250.0,2934.3527121543884,4288.0,44.0,16.399999618530273,3.0,269.0,100.0,18.0
251300.0,2934.976541996002,4288.0,44.0,16.399999618530273,3.0,269.0,100.0,18.0
251350.0,2935.6047418117523,4288.0,44.0,16.399999618530273,3.0,269.0,100.0,18.0
251400.0,2936.225192785263,4288.0,44.0,16.399999618530273,3.0,269.0,100.0,18.0
251450.0,2936.8442962169647,4288.0,44.0,16.399999618530273,3.0,269.0,100.0,18.0
251500.0,2937.4642746448517,4288.0,44.0,16.399999618530273,3.0,269.0,100.0,18.0
251550.0,2938.092318534851,4288.0,44.0,16.399999618530273,3.0,269.0,100.0,18.0
251600.0,2938.7172293663025,4288.0,44.0,16.399999618530273,3.0,269.0,100.0,18.0
251650.0,2939.339115381241,4289.0,66.0,28.0,3.0,400.0,170.0,18.0
251700.0,2939.957102060318,4290.0,66.0,27.0,3.0,400.0,165.6,18.0
251750.0,2940.5831174850464,4290.0,66.0,27.0,3.0,400.0,165.6,18.0
251800.0,2941.207308292389,4290.0,66.0,27.0,3.0,400.0,165.6,18.0
251850.0,2941.829142808914,4290.0,66.0,27.0,3.0,400.0,165.6,18.0
251900.0,2942.450738430023,4290.0,66.0,27.0,3.0,400.0,165.6,18.0
251950.0,2943.080267906189,4290.0,66.0,27.0,3.0,400.0,165.6,18.0
252000.0,2943.708018541336,4290.0,66.0,27.0,3.0,400.0,165.6,18.0
252050.0,2944.3304800987244,4290.0,66.0,27.0,3.0,400.0,165.6,18.0
252100.0,2944.948376893997,4291.0,66.0,38.79999923706055,9.0,401.0,242.2,59.0
252150.0,2945.5764951705933,4291.0,66.0,38.79999923706055,9.0,401.0,242.2,59.0
252200.0,2946.196712255478,4291.0,66.0,38.79999923706055,9.0,401.0,242.2,59.0
252250.0,2946.8212316036224,4292.0,66.0,40.599998474121094,9.0,401.0,253.8,59.0
252300.0,2947.444188594818,4292.0,66.0,40.599998474121094,9.0,401.0,253.8,59.0
252350.0,2948.0684564113617,4292.0,66.0,40.599998474121094,9.0,401.0,253.8,59.0
252400.0,2948.6886734962463,4292.0,66.0,40.599998474121094,9.0,401.0,253.8,59.0
252450.0,2949.3106179237366,4292.0,66.0,40.599998474121094,9.0,401.0,253.8,59.0
252500.0,2949.9286210536957,4292.0,66.0,40.599998474121094,9.0,401.0,253.8,59.0
252550.0,2950.5485501289368,4292.0,66.0,40.599998474121094,9.0,401.0,253.8,59.0
252600.0,2951.1642010211945,4292.0,66.0,40.599998474121094,9.0,401.0,253.8,59.0
252650.0,2951.788435935974,4292.0,66.0,40.599998474121094,9.0,401.0,253.8,59.0
252700.0,2952.411696434021,4292.0,66.0,40.599998474121094,9.0,401.0,253.8,59.0
252750.0,2953.0360770225525,4292.0,66.0,40.599998474121094,9.0,401.0,253.8,59.0
252800.0,2953.6488151550293,4292.0,66.0,40.599998474121094,9.0,401.0,253.8,59.0
252850.0,2954.268878221512,4292.0,66.0,40.599998474121094,9.0,401.0,253.8,59.0
252900.0,2954.8882007598877,4292.0,66.0,40.599998474121094,9.0,401.0,253.8,59.0
252950.0,2955.512329339981,4292.0,66.0,40.599998474121094,9.0,401.0,253.8,59.0
253000.0,2956.132243156433,4292.0,66.0,40.599998474121094,9.0,401.0,253.8,59.0
253050.0,2956.754589319229,4292.0,66.0,40.599998474121094,9.0,401.0,253.8,59.0
253100.0,2957.3778853416443,4293.0,137.0,59.20000076293945,9.0,840.0,368.0,59.0
253150.0,2957.997127056122,4294.0,137.0,48.20000076293945,9.0,840.0,300.4,59.0
253200.0,2958.612648487091,4294.0,137.0,48.20000076293945,9.0,840.0,300.4,59.0
253250.0,2959.2352385520935,4294.0,137.0,48.20000076293945,9.0,840.0,300.4,59.0
253300.0,2959.858701467514,4294.0,137.0,48.20000076293945,9.0,840.0,300.4,59.0
253350.0,2960.4869379997253,4294.0,137.0,48.20000076293945,9.0,840.0,300.4,59.0
253400.0,2961.110663175583,4294.0,137.0,48.20000076293945,9.0,840.0,300.4,59.0
253450.0,2961.732044696808,4294.0,137.0,48.20000076293945,9.0,840.0,300.4,59.0
253500.0,2962.3603463172913,4295.0,137.0,59.0,11.0,840.0,360.6,62.0
253550.0,2962.982935190201,4295.0,137.0,59.0,11.0,840.0,360.6,62.0
253600.0,2963.608757019043,4295.0,137.0,59.0,11.0,840.0,360.6,62.0
253650.0,2964.233416557312,4295.0,137.0,59.0,11.0,840.0,360.6,62.0
253700.0,2964.8611516952515,4295.0,137.0,59.0,11.0,840.0,360.6,62.0
253750.0,2965.4841570854187,4295.0,137.0,59.0,11.0,840.0,360.6,62.0
253800.0,2966.1055810451508,4295.0,137.0,59.0,11.0,840.0,360.6,62.0
253850.0,2966.7324018478394,4295.0,137.0,59.0,11.0,840.0,360.6,62.0
253900.0,2967.356815099716,4295.0,137.0,59.0,11.0,840.0,360.6,62.0
253950.0,2967.9809460639954,4295.0,137.0,59.0,11.0,840.0,360.6,62.0
254000.0,2968.596045732498,4295.0,137.0,59.0,11.0,840.0,360.6,62.0
254050.0,2969.211418390274,4295.0,137.0,59.0,11.0,840.0,360.6,62.0
254100.0,2969.833544254303,4296.0,137.0,67.4000015258789,11.0,840.0,398.0,62.0
254150.0,2970.4608113765717,4296.0,137.0,67.4000015258789,11.0,840.0,398.0,62.0
254200.0,2971.0823550224304,4296.0,137.0,67.4000015258789,11.0,840.0,398.0,62.0
254250.0,2971.7090458869934,4296.0,137.0,67.4000015258789,11.0,840.0,398.0,62.0
254300.0,2972.332349061966,4296.0,137.0,67.4000015258789,11.0,840.0,398.0,62.0
254350.0,2972.958543777466,4296.0,137.0,67.4000015258789,11.0,840.0,398.0,62.0
254400.0,2973.579982995987,4296.0,137.0,67.4000015258789,11.0,840.0,398.0,62.0
254450.0,2974.2064802646637,4296.0,137.0,67.4000015258789,11.0,840.0,398.0,62.0
254500.0,2974.8294558525085,4296.0,137.0,67.4000015258789,11.0,840.0,398.0,62.0
254550.0,2975.453129529953,4296.0,137.0,67.4000015258789,11.0,840.0,398.0,62.0
254600.0,2976.0807087421417,4296.0,137.0,67.4000015258789,11.0,840.0,398.0,62.0
254650.0,2976.704214811325,4297.0,137.0,82.5999984741211,11.0,840.0,480.4,62.0
254700.0,2977.315038204193,4298.0,104.0,56.599998474121094,7.0,588.0,322.0,48.0
254750.0,2977.9078888893127,4299.0,104.0,56.400001525878906,7.0,588.0,321.4,48.0
254800.0,2978.4923887252808,4300.0,104.0,45.400001525878906,7.0,588.0,259.4,48.0
254850.0,2979.0713057518005,4301.0,98.0,25.799999237060547,6.0,552.0,150.0,41.0
254900.0,2979.662439584732,4302.0,10.0,8.199999809265137,6.0,60.0,51.6,41.0
254950.0,2980.202796459198,4302.0,10.0,8.199999809265137,6.0,60.0,51.6,41.0
255000.0,2980.767762899399,4303.0,14.0,9.600000381469727,6.0,90.0,60.0,41.0
255050.0,2981.338039636612,4303.0,14.0,9.600000381469727,6.0,90.0,60.0,41.0
255100.0,2981.9228055477142,4304.0,17.0,11.0,6.0,100.0,68.2,41.0
255150.0,2982.504162788391,4304.0,17.0,11.0,6.0,100.0,68.2,41.0
255200.0,2983.0789535045624,4304.0,17.0,11.0,6.0,100.0,68.2,41.0
255250.0,2983.657560825348,4305.0,23.0,14.0,6.0,159.0,90.0,41.0
255300.0,2984.2522513866425,4306.0,23.0,14.199999809265137,7.0,159.0,90.0,41.0
255350.0,2984.8323998451233,4306.0,23.0,14.199999809265137,7.0,159.0,90.0,41.0
255400.0,2985.391791820526,4306.0,23.0,14.199999809265137,7.0,159.0,90.0,41.0
255450.0,2985.9573979377747,4306.0,23.0,14.199999809265137,7.0,159.0,90.0,41.0
255500.0,2986.5154366493225,4306.0,23.0,14.199999809265137,7.0,159.0,90.0,41.0
255550.0,2987.097956418991,4307.0,35.0,19.200000762939453,7.0,231.0,124.2,41.0
255600.0,2987.6881370544434,4308.0,35.0,18.0,7.0,231.0,120.0,41.0
255650.0,2988.2676632404327,4308.0,35.0,18.0,7.0,231.0,120.0,41.0
255700.0,2988.844486951828,4308.0,35.0,18.0,7.0,231.0,120.0,41.0
255750.0,2989.415529727936,4308.0,35.0,18.0,7.0,231.0,120.0,41.0
255800.0,2990.0004761219025,4309.0,35.0,21.0,7.0,231.0,140.0,41.0
255850.0,2990.5848393440247,4309.0,35.0,21.0,7.0,231.0,140.0,41.0
255900.0,2991.1727197170258,4309.0,35.0,21.0,7.0,231.0,140.0,41.0
255950.0,2991.7692358493805,4309.0,35.0,21.0,7.0,231.0,140.0,41.0
256000.0,2992.3731260299683,4309.0,35.0,21.0,7.0,231.0,140.0,41.0
256050.0,2992.976269006729,4309.0,35.0,21.0,7.0,231.0,140.0,41.0
256100.0,2993.584748029709,4309.0,35.0,21.0,7.0,231.0,140.0,41.0
256150.0,2994.1892704963684,4309.0,35.0,21.0,7.0,231.0,140.0,41.0
256200.0,2994.77761387825,4309.0,35.0,21.0,7.0,231.0,140.0,41.0
256250.0,2995.3631188869476,4310.0,67.0,29.799999237060547,7.0,460.0,200.2,41.0
256300.0,2995.9651856422424,4310.0,67.0,29.799999237060547,7.0,460.0,200.2,41.0
256350.0,2996.5730953216553,4311.0,67.0,31.600000381469727,8.0,460.0,211.8,69.0
256400.0,2997.177166223526,4311.0,67.0,31.600000381469727,8.0,460.0,211.8,69.0
256450.0,2997.7752447128296,4312.0,67.0,26.799999237060547,8.0,460.0,181.8,69.0
256500.0,2998.37344622612,4312.0,67.0,26.799999237060547,8.0,460.0,181.8,69.0
256550.0,2998.946287870407,4312.0,67.0,26.799999237060547,8.0,460.0,181.8,69.0
256600.0,2999.548771381378,4313.0,67.0,31.399999618530273,11.0,460.0,202.2,81.0
256650.0,3000.159066438675,4314.0,67.0,26.399999618530273,7.0,460.0,170.6,42.0
256700.0,3000.7558982372284,4315.0,31.0,15.0,7.0,171.0,90.2,42.0
256750.0,3001.3453533649445,4315.0,31.0,15.0,7.0,171.0,90.2,42.0
256800.0,3001.9347949028015,4315.0,31.0,15.0,7.0,171.0,90.2,42.0
256850.0,3002.5362384319305,4315.0,31.0,15.0,7.0,171.0,90.2,42.0
256900.0,3003.14830160141,4315.0,31.0,15.0,7.0,171.0,90.2,42.0
256950.0,3003.756243467331,4316.0,44.0,20.600000381469727,7.0,249.0,120.2,42.0
257000.0,3004.3511774539948,4316.0,44.0,20.600000381469727,7.0,249.0,120.2,42.0
257050.0,3004.9493491649628,4316.0,44.0,20.600000381469727,7.0,249.0,120.2,42.0
257100.0,3005.5608415603638,4316.0,44.0,20.600000381469727,7.0,249.0,120.2,42.0
257150.0,3006.165361404419,4316.0,44.0,20.600000381469727,7.0,249.0,120.2,42.0
257200.0,3006.7742831707,4317.0,44.0,27.0,7.0,249.0,152.0,42.0
257250.0,3007.383944749832,4317.0,44.0,27.0,7.0,249.0,152.0,42.0
257300.0,3007.9845209121704,4317.0,44.0,27.0,7.0,249.0,152.0,42.0
257350.0,3008.5504825115204,4318.0,44.0,26.200000762939453,7.0,249.0,149.8,42.0
257400.0,3009.1447517871857,4319.0,44.0,26.399999618530273,8.0,249.0,151.4,50.0
257450.0,3009.752893924713,4320.0,44.0,26.0,8.0,249.0,149.8,50.0
257500.0,3010.3608753681183,4320.0,44.0,26.0,8.0,249.0,149.8,50.0
257550.0,3010.956812143326,4320.0,44.0,26.0,8.0,249.0,149.8,50.0
257600.0,3011.557013988495,4321.0,43.0,21.399999618530273,8.0,240.0,128.4,50.0
257650.0,3012.149141073227,4321.0,43.0,21.399999618530273,8.0,240.0,128.4,50.0
257700.0,3012.73166847229,4322.0,27.0,15.399999618530273,8.0,160.0,98.4,50.0
257750.0,3013.3219788074493,4322.0,27.0,15.399999618530273,8.0,160.0,98.4,50.0
257800.0,3013.9646310806274,4322.0,27.0,15.399999618530273,8.0,160.0,98.4,50.0
257850.0,3014.560919523239,4322.0,27.0,15.399999618530273,8.0,160.0,98.4,50.0
257900.0,3015.1490116119385,4323.0,36.0,17.200000762939453,8.0,208.0,108.0,50.0
257950.0,3015.7286932468414,4324.0,36.0,17.600000381469727,8.0,208.0,109.8,50.0
258000.0,3016.317034959793,4325.0,36.0,17.399999618530273,7.0,208.0,108.0,41.0
258050.0,3016.912201166153,4325.0,36.0,17.399999618530273,7.0,208.0,108.0,41.0
258100.0,3017.5165169239044,4326.0,36.0,16.799999237060547,7.0,208.0,101.4,41.0
258150.0,3018.135720729828,4327.0,36.0,15.600000381469727,7.0,208.0,93.6,41.0
258200.0,3018.711072206497,4328.0,18.0,10.0,7.0,109.0,62.0,41.0
258250.0,3019.2852053642273,4328.0,18.0,10.0,7.0,109.0,62.0,41.0
258300.0,3019.8622188568115,4328.0,18.0,10.0,7.0,109.0,62.0,41.0
258350.0,3020.460307598114,4328.0,18.0,10.0,7.0,109.0,62.0,41.0
258400.0,3021.055109500885,4329.0,32.0,14.399999618530273,7.0,199.0,90.0,41.0
258450.0,3021.634962081909,4329.0,32.0,14.399999618530273,7.0,199.0,90.0,41.0
258500.0,3022.2178802490234,4330.0,32.0,16.399999618530273,7.0,199.0,102.4,50.0
258550.0,3022.8153665065765,4331.0,32.0,14.399999618530273,7.0,199.0,90.0,47.0
258600.0,3023.4117045402527,4331.0,32.0,14.399999618530273,7.0,199.0,90.0,47.0
258650.0,3024.013332128525,4332.0,32.0,15.0,8.0,199.0,96.0,47.0
258700.0,3024.606470823288,4333.0,32.0,15.199999809265137,8.0,199.0,98.0,47.0
258750.0,3025.1824605464935,4333.0,32.0,15.199999809265137,8.0,199.0,98.0,47.0
258800.0,3025.7709143161774,4334.0,17.0,11.800000190734863,8.0,103.0,78.2,47.0
258850.0,3026.367754459381,4334.0,17.0,11.800000190734863,8.0,103.0,78.2,47.0
258900.0,3026.965175151825,4335.0,16.0,11.600000381469727,8.0,110.0,79.6,47.0
258950.0,3027.5555534362793,4335.0,16.0,11.600000381469727,8.0,110.0,79.6,47.0
259000.0,3028.119000673294,4335.0,16.0,11.600000381469727,8.0,110.0,79.6,47.0
259050.0,3028.7042105197906,4335.0,16.0,11.600000381469727,8.0,110.0,79.6,47.0
259100.0,3029.3000366687775,4336.0,29.0,15.800000190734863,9.0,199.0,110.0,60.0
259150.0,3029.896340608597,4336.0,29.0,15.800000190734863,9.0,199.0,110.0,60.0
259200.0,3030.4911880493164,4336.0,29.0,15.800000190734863,9.0,199.0,110.0,60.0
259250.0,3031.0829784870148,4337.0,29.0,18.600000381469727,9.0,199.0,122.0,60.0
259300.0,3031.66429066658,4338.0,29.0,17.799999237060547,5.0,199.0,116.2,31.0
259350.0,3032.2554166316986,4339.0,29.0,17.399999618530273,5.0,199.0,111.8,31.0
259400.0,3032.8493366241455,4340.0,29.0,15.199999809265137,5.0,199.0,96.4,31.0
259450.0,3033.448089838028,4341.0,24.0,10.600000381469727,5.0,141.0,64.4,31.0
259500.0,3034.040016889572,4342.0,13.0,7.400000095367432,5.0,78.0,46.2,31.0
259550.0,3034.624698162079,4344.0,8.0,6.0,3.0,50.0,38.0,18.0
259600.0,3035.208146572113,4346.0,8.0,5.400000095367432,3.0,50.0,33.6,18.0
259650.0,3035.7943058013916,4347.0,8.0,5.400000095367432,3.0,51.0,33.8,18.0
259700.0,3036.365441083908,4348.0,8.0,4.800000190734863,3.0,51.0,30.0,18.0
259750.0,3036.9402606487274,4348.0,8.0,4.800000190734863,3.0,51.0,30.0,18.0
259800.0,3037.524141073227,4349.0,21.0,8.399999618530273,3.0,129.0,52.2,18.0
259850.0,3038.0949988365173,4349.0,21.0,8.399999618530273,3.0,129.0,52.2,18.0
259900.0,3038.6882553100586,4349.0,21.0,8.399999618530273,3.0,129.0,52.2,18.0
259950.0,3039.288766860962,4349.0,21.0,8.399999618530273,3.0,129.0,52.2,18.0
260000.0,3039.8886065483093,4349.0,21.0,8.399999618530273,3.0,129.0,52.2,18.0
260050.0,3040.4785895347595,4349.0,21.0,8.399999618530273,3.0,129.0,52.2,18.0
260100.0,3041.058035850525,4349.0,21.0,8.399999618530273,3.0,129.0,52.2,18.0
260150.0,3041.6473953723907,4350.0,53.0,18.0,3.0,340.0,113.8,18.0
260200.0,3042.2425355911255,4350.0,53.0,18.0,3.0,340.0,113.8,18.0
260250.0,3042.8381724357605,4350.0,53.0,18.0,3.0,340.0,113.8,18.0
260300.0,3043.434577226639,4350.0,53.0,18.0,3.0,340.0,113.8,18.0
260350.0,3044.0205760002136,4351.0,53.0,24.399999618530273,5.0,340.0,152.2,31.0
260400.0,3044.6118981838226,4351.0,53.0,24.399999618530273,5.0,340.0,152.2,31.0
260450.0,3045.208993911743,4351.0,53.0,24.399999618530273,5.0,340.0,152.2,31.0
260500.0,3045.8140971660614,4351.0,53.0,24.399999618530273,5.0,340.0,152.2,31.0
260550.0,3046.4062039852142,4351.0,53.0,24.399999618530273,5.0,340.0,152.2,31.0
260600.0,3046.9894165992737,4351.0,53.0,24.399999618530273,5.0,340.0,152.2,31.0
260650.0,3047.564949989319,4351.0,53.0,24.399999618530273,5.0,340.0,152.2,31.0
260700.0,3048.1580419540405,4351.0,53.0,24.399999618530273,5.0,340.0,152.2,31.0
260750.0,3048.7489697933197,4351.0,53.0,24.399999618530273,5.0,340.0,152.2,31.0
260800.0,3049.3481016159058,4351.0,53.0,24.399999618530273,5.0,340.0,152.2,31.0
260850.0,3049.9363815784454,4351.0,53.0,24.399999618530273,5.0,340.0,152.2,31.0
260900.0,3050.5275127887726,4351.0,53.0,24.399999618530273,5.0,340.0,152.2,31.0
260950.0,3051.1316378116608,4351.0,53.0,24.399999618530273,5.0,340.0,152.2,31.0
261000.0,3051.7354865074158,4351.0,53.0,24.399999618530273,5.0,340.0,152.2,31.0
261050.0,3052.339283466339,4351.0,53.0,24.399999618530273,5.0,340.0,152.2,31.0
261100.0,3052.938596010208,4351.0,53.0,24.399999618530273,5.0,340.0,152.2,31.0
261150.0,3053.537143468857,4351.0,53.0,24.399999618530273,5.0,340.0,152.2,31.0
261200.0,3054.134735584259,4351.0,53.0,24.399999618530273,5.0,340.0,152.2,31.0
261250.0,3054.7194468975067,4351.0,53.0,24.399999618530273,5.0,340.0,152.2,31.0
261300.0,3055.310058116913,4352.0,149.0,52.599998474121094,5.0,942.0,330.4,31.0
261350.0,3055.9047684669495,4353.0,149.0,52.599998474121094,5.0,942.0,331.8,38.0
261400.0,3056.4928057193756,4353.0,149.0,52.599998474121094,5.0,942.0,331.8,38.0
261450.0,3057.063535928726,4353.0,149.0,52.599998474121094,5.0,942.0,331.8,38.0
261500.0,3057.644659280777,4353.0,149.0,52.599998474121094,5.0,942.0,331.8,38.0
261550.0,3058.244479417801,4353.0,149.0,52.599998474121094,5.0,942.0,331.8,38.0
261600.0,3058.8562655448914,4353.0,149.0,52.599998474121094,5.0,942.0,331.8,38.0
261650.0,3059.435247898102,4353.0,149.0,52.599998474121094,5.0,942.0,331.8,38.0
261700.0,3060.012791156769,4354.0,149.0,60.400001525878906,5.0,942.0,378.0,38.0
261750.0,3060.5871827602386,4355.0,149.0,51.599998474121094,5.0,942.0,320.0,38.0
261800.0,3061.1866040229797,4355.0,149.0,51.599998474121094,5.0,942.0,320.0,38.0
261850.0,3061.798402070999,4355.0,149.0,51.599998474121094,5.0,942.0,320.0,38.0
261900.0,3062.40505361557,4355.0,149.0,51.599998474121094,5.0,942.0,320.0,38.0
261950.0,3062.990421772003,4356.0,149.0,51.599998474121094,5.0,942.0,320.0,38.0
262000.0,3063.5852246284485,4357.0,60.0,23.399999618530273,5.0,360.0,141.4,38.0
262050.0,3064.192184448242,4357.0,60.0,23.399999618530273,5.0,360.0,141.4,38.0
262100.0,3064.800526380539,4358.0,60.0,25.600000381469727,8.0,360.0,153.8,49.0
262150.0,3065.3973524570465,4359.0,35.0,14.600000381469727,5.0,210.0,88.4,33.0
262200.0,3065.9956924915314,4359.0,35.0,14.600000381469727,5.0,210.0,88.4,33.0
262250.0,3066.5833168029785,4360.0,35.0,15.399999618530273,5.0,210.0,96.2,33.0
262300.0,3067.1351687908173,4361.0,16.0,10.600000381469727,5.0,100.0,68.0,33.0
262350.0,3067.7295467853546,4362.0,16.0,10.800000190734863,5.0,100.0,68.2,33.0
262400.0,3068.3293693065643,4362.0,16.0,10.800000190734863,5.0,100.0,68.2,33.0
262450.0,3068.9237792491913,4362.0,16.0,10.800000190734863,5.0,100.0,68.2,33.0
262500.0,3069.5237090587616,4362.0,16.0,10.800000190734863,5.0,100.0,68.2,33.0
262550.0,3070.116309404373,4362.0,16.0,10.800000190734863,5.0,100.0,68.2,33.0
262600.0,3070.699751138687,4362.0,16.0,10.800000190734863,5.0,100.0,68.2,33.0
262650.0,3071.2938120365143,4362.0,16.0,10.800000190734863,5.0,100.0,68.2,33.0
262700.0,3071.8914997577667,4363.0,54.0,18.399999618530273,5.0,331.0,114.4,33.0
262750.0,3072.494035720825,4364.0,54.0,19.799999237060547,9.0,331.0,121.6,50.0
262800.0,3073.083966732025,4364.0,54.0,19.799999237060547,9.0,331.0,121.6,50.0
262850.0,3073.6863601207733,4364.0,54.0,19.799999237060547,9.0,331.0,121.6,50.0
262900.0,3074.2789540290833,4364.0,54.0,19.799999237060547,9.0,331.0,121.6,50.0
262950.0,3074.874574661255,4364.0,54.0,19.799999237060547,9.0,331.0,121.6,50.0
263000.0,3075.4683730602264,4365.0,54.0,25.600000381469727,9.0,331.0,155.8,50.0
263050.0,3076.0636122226715,4365.0,54.0,25.600000381469727,9.0,331.0,155.8,50.0
263100.0,3076.634215593338,4366.0,54.0,26.200000762939453,9.0,331.0,160.0,50.0
263150.0,3077.2044870853424,4366.0,54.0,26.200000762939453,9.0,331.0,160.0,50.0
263200.0,3077.8027896881104,4366.0,54.0,26.200000762939453,9.0,331.0,160.0,50.0
263250.0,3078.4045782089233,4367.0,54.0,29.200000762939453,12.0,331.0,181.8,69.0
263300.0,3078.980032682419,4367.0,54.0,29.200000762939453,12.0,331.0,181.8,69.0
263350.0,3079.561529636383,4368.0,42.0,21.600000381469727,12.0,260.0,135.6,69.0
263400.0,3080.1383039951324,4369.0,42.0,20.200000762939453,5.0,260.0,130.0,41.0
263450.0,3080.7255277633667,4370.0,24.0,13.600000381469727,5.0,159.0,89.8,41.0
263500.0,3081.3104741573334,4370.0,24.0,13.600000381469727,5.0,159.0,89.8,41.0
263550.0,3081.890622615814,4370.0,24.0,13.600000381469727,5.0,159.0,89.8,41.0
263600.0,3082.4594373703003,4371.0,24.0,15.399999618530273,5.0,159.0,101.8,41.0
263650.0,3083.023044347763,4371.0,24.0,15.399999618530273,5.0,159.0,101.8,41.0
263700.0,3083.587543964386,4371.0,24.0,15.399999618530273,5.0,159.0,101.8,41.0
263750.0,3084.152708053589,4371.0,24.0,15.399999618530273,5.0,159.0,101.8,41.0
263800.0,3084.720453262329,4371.0,24.0,15.399999618530273,5.0,159.0,101.8,41.0
263850.0,3085.293186187744,4371.0,24.0,15.399999618530273,5.0,159.0,101.8,41.0
263900.0,3085.867973089218,4372.0,40.0,18.600000381469727,5.0,292.0,128.4,41.0
263950.0,3086.4290504455566,4373.0,40.0,16.799999237060547,5.0,292.0,118.2,41.0
264000.0,3087.022134065628,4373.0,40.0,16.799999237060547,5.0,292.0,118.2,41.0
264050.0,3087.6032540798187,4374.0,40.0,19.600000381469727,7.0,292.0,131.8,49.0
264100.0,3088.1828076839447,4374.0,40.0,19.600000381469727,7.0,292.0,131.8,49.0
264150.0,3088.7734186649323,4374.0,40.0,19.600000381469727,7.0,292.0,131.8,49.0
264200.0,3089.35574054718,4374.0,40.0,19.600000381469727,7.0,292.0,131.8,49.0
264250.0,3089.933742761612,4374.0,40.0,19.600000381469727,7.0,292.0,131.8,49.0
264300.0,3090.5125000476837,4375.0,40.0,25.799999237060547,7.0,292.0,170.4,49.0
264350.0,3091.079862833023,4375.0,40.0,25.799999237060547,7.0,292.0,170.4,49.0
264400.0,3091.6480660438538,4375.0,40.0,25.799999237060547,7.0,292.0,170.4,49.0
264450.0,3092.2241945266724,4375.0,40.0,25.799999237060547,7.0,292.0,170.4,49.0
264500.0,3092.7991778850555,4376.0,40.0,28.0,7.0,292.0,180.2,49.0
264550.0,3093.3811872005463,4376.0,40.0,28.0,7.0,292.0,180.2,49.0
264600.0,3093.9635751247406,4376.0,40.0,28.0,7.0,292.0,180.2,49.0
264650.0,3094.5485978126526,4376.0,40.0,28.0,7.0,292.0,180.2,49.0
264700.0,3095.1245272159576,4376.0,40.0,28.0,7.0,292.0,180.2,49.0
264750.0,3095.710100889206,4376.0,40.0,28.0,7.0,292.0,180.2,49.0
264800.0,3096.294396162033,4377.0,52.0,30.399999618530273,7.0,299.0,181.6,49.0
264850.0,3096.892477273941,4377.0,52.0,30.399999618530273,7.0,299.0,181.6,49.0
264900.0,3097.487804889679,4377.0,52.0,30.399999618530273,7.0,299.0,181.6,49.0
264950.0,3098.075791120529,4377.0,52.0,30.399999618530273,7.0,299.0,181.6,49.0
265000.0,3098.6632702350616,4377.0,52.0,30.399999618530273,7.0,299.0,181.6,49.0
265050.0,3099.2434680461884,4379.0,52.0,33.599998474121094,3.0,299.0,198.0,18.0
265100.0,3099.8250875473022,4380.0,52.0,27.0,3.0,299.0,156.2,18.0
265150.0,3100.415175676346,4380.0,52.0,27.0,3.0,299.0,156.2,18.0
265200.0,3100.9921610355377,4380.0,52.0,27.0,3.0,299.0,156.2,18.0
265250.0,3101.568352460861,4380.0,52.0,27.0,3.0,299.0,156.2,18.0
265300.0,3102.1519553661346,4380.0,52.0,27.0,3.0,299.0,156.2,18.0
265350.0,3102.7376277446747,4381.0,52.0,29.399999618530273,3.0,299.0,168.0,18.0
265400.0,3103.299623966217,4382.0,46.0,21.0,3.0,258.0,120.0,18.0
265450.0,3103.892540216446,4382.0,46.0,21.0,3.0,258.0,120.0,18.0
265500.0,3104.4837963581085,4382.0,46.0,21.0,3.0,258.0,120.0,18.0
265550.0,3105.0673706531525,4382.0,46.0,21.0,3.0,258.0,120.0,18.0
265600.0,3105.6398587226868,4383.0,46.0,20.0,3.0,258.0,116.2,18.0
265650.0,3106.208651304245,4383.0,46.0,20.0,3.0,258.0,116.2,18.0
265700.0,3106.765433073044,4383.0,46.0,20.0,3.0,258.0,116.2,18.0
265750.0,3107.3341331481934,4383.0,46.0,20.0,3.0,258.0,116.2,18.0
265800.0,3107.921694755554,4383.0,46.0,20.0,3.0,258.0,116.2,18.0
265850.0,3108.5045754909515,4383.0,46.0,20.0,3.0,258.0,116.2,18.0
265900.0,3109.098484992981,4383.0,46.0,20.0,3.0,258.0,116.2,18.0
265950.0,3109.6769003868103,4383.0,46.0,20.0,3.0,258.0,116.2,18.0
266000.0,3110.2585003376007,4383.0,46.0,20.0,3.0,258.0,116.2,18.0
266050.0,3110.8347475528717,4383.0,46.0,20.0,3.0,258.0,116.2,18.0
266100.0,3111.4017984867096,4383.0,46.0,20.0,3.0,258.0,116.2,18.0
266150.0,3111.991758823395,4383.0,46.0,20.0,3.0,258.0,116.2,18.0
266200.0,3112.5759348869324,4383.0,46.0,20.0,3.0,258.0,116.2,18.0
266250.0,3113.1530141830444,4383.0,46.0,20.0,3.0,258.0,116.2,18.0
266300.0,3113.740937232971,4383.0,46.0,20.0,3.0,258.0,116.2,18.0
266350.0,3114.321633338928,4383.0,46.0,20.0,3.0,258.0,116.2,18.0
266400.0,3114.9155943393707,4384.0,136.0,46.599998474121094,7.0,788.0,270.2,43.0
266450.0,3115.502993106842,4384.0,136.0,46.599998474121094,7.0,788.0,270.2,43.0
266500.0,3116.093382358551,4385.0,136.0,48.79999923706055,10.0,788.0,283.4,59.0
266550.0,3116.6766951084137,4386.0,136.0,41.400001525878906,9.0,788.0,242.0,51.0
266600.0,3117.261127471924,4386.0,136.0,41.400001525878906,9.0,788.0,242.0,51.0
266650.0,3117.8442511558533,4386.0,136.0,41.400001525878906,9.0,788.0,242.0,51.0
266700.0,3118.431798219681,4387.0,136.0,43.599998474121094,9.0,788.0,258.2,51.0
266750.0,3119.032730102539,4387.0,136.0,43.599998474121094,9.0,788.0,258.2,51.0
266800.0,3119.6217958927155,4387.0,136.0,43.599998474121094,9.0,788.0,258.2,51.0
266850.0,3120.2114679813385,4388.0,136.0,41.79999923706055,9.0,788.0,247.6,51.0
266900.0,3120.799775838852,4388.0,136.0,41.79999923706055,9.0,788.0,247.6,51.0
266950.0,3121.371551990509,4388.0,136.0,41.79999923706055,9.0,788.0,247.6,51.0
267000.0,3121.936316728592,4389.0,25.0,19.0,9.0,150.0,118.0,51.0
267050.0,3122.511386871338,4390.0,25.0,17.399999618530273,9.0,150.0,108.2,51.0
267100.0,3123.096383333206,4390.0,25.0,17.399999618530273,9.0,150.0,108.2,51.0
267150.0,3123.672742128372,4390.0,25.0,17.399999618530273,9.0,150.0,108.2,51.0
267200.0,3124.244218349457,4390.0,25.0,17.399999618530273,9.0,150.0,108.2,51.0
267250.0,3124.831295967102,4391.0,33.0,22.200000762939453,10.0,209.0,139.8,60.0
267300.0,3125.4090855121613,4391.0,33.0,22.200000762939453,10.0,209.0,139.8,60.0
267350.0,3125.9948382377625,4392.0,33.0,21.399999618530273,10.0,209.0,130.6,60.0
267400.0,3126.5823018550873,4392.0,33.0,21.399999618530273,10.0,209.0,130.6,60.0
267450.0,3127.168454885483,4392.0,33.0,21.399999618530273,10.0,209.0,130.6,60.0
267500.0,3127.7668375968933,4392.0,33.0,21.399999618530273,10.0,209.0,130.6,60.0
267550.0,3128.344331264496,4392.0,33.0,21.399999618530273,10.0,209.0,130.6,60.0
267600.0,3128.913724899292,4392.0,33.0,21.399999618530273,10.0,209.0,130.6,60.0
267650.0,3129.4923417568207,4392.0,33.0,21.399999618530273,10.0,209.0,130.6,60.0
267700.0,3130.0687787532806,4392.0,33.0,21.399999618530273,10.0,209.0,130.6,60.0
267750.0,3130.6602308750153,4392.0,33.0,21.399999618530273,10.0,209.0,130.6,60.0
267800.0,3131.257797241211,4392.0,33.0,21.399999618530273,10.0,209.0,130.6,60.0
267850.0,3131.8545219898224,4392.0,33.0,21.399999618530273,10.0,209.0,130.6,60.0
267900.0,3132.4414958953857,4392.0,33.0,21.399999618530273,10.0,209.0,130.6,60.0
267950.0,3133.023493528366,4392.0,33.0,21.399999618530273,10.0,209.0,130.6,60.0
268000.0,3133.623003721237,4392.0,33.0,21.399999618530273,10.0,209.0,130.6,60.0
268050.0,3134.217396259308,4393.0,118.0,40.0,10.0,697.0,240.0,60.0
268100.0,3134.8086807727814,4394.0,118.0,37.20000076293945,8.0,697.0,222.0,50.0
268150.0,3135.3939576148987,4395.0,118.0,36.400001525878906,6.0,697.0,218.0,40.0
268200.0,3135.978278875351,4395.0,118.0,36.400001525878906,6.0,697.0,218.0,40.0
268250.0,3136.569770336151,4395.0,118.0,36.400001525878906,6.0,697.0,218.0,40.0
268300.0,3137.1546347141266,4395.0,118.0,36.400001525878906,6.0,697.0,218.0,40.0
268350.0,3137.7420992851257,4395.0,118.0,36.400001525878906,6.0,697.0,218.0,40.0
268400.0,3138.331763267517,4395.0,118.0,36.400001525878906,6.0,697.0,218.0,40.0
268450.0,3138.915246963501,4395.0,118.0,36.400001525878906,6.0,697.0,218.0,40.0
268500.0,3139.505624294281,4395.0,118.0,36.400001525878906,6.0,697.0,218.0,40.0
268550.0,3140.087543964386,4395.0,118.0,36.400001525878906,6.0,697.0,218.0,40.0
268600.0,3140.6754112243652,4395.0,118.0,36.400001525878906,6.0,697.0,218.0,40.0
268650.0,3141.2563569545746,4395.0,118.0,36.400001525878906,6.0,697.0,218.0,40.0
268700.0,3141.835069656372,4396.0,118.0,47.599998474121094,6.0,697.0,290.0,40.0
268750.0,3142.413473367691,4396.0,118.0,47.599998474121094,6.0,697.0,290.0,40.0
268800.0,3142.9963352680206,4397.0,118.0,47.400001525878906,6.0,697.0,289.4,40.0
268850.0,3143.59082531929,4397.0,118.0,47.400001525878906,6.0,697.0,289.4,40.0
268900.0,3144.1905829906464,4397.0,118.0,47.400001525878906,6.0,697.0,289.4,40.0
268950.0,3144.783813238144,4398.0,89.0,28.399999618530273,6.0,569.0,180.0,40.0
269000.0,3145.383062839508,4398.0,89.0,28.399999618530273,6.0,569.0,180.0,40.0
269050.0,3145.9811973571777,4399.0,89.0,30.200000762939453,6.0,569.0,191.8,40.0
269100.0,3146.5714066028595,4399.0,89.0,30.200000762939453,6.0,569.0,191.8,40.0
269150.0,3147.164114713669,4399.0,89.0,30.200000762939453,6.0,569.0,191.8,40.0
269200.0,3147.7588951587677,4400.0,89.0,34.20000076293945,16.0,569.0,214.0,91.0
269250.0,3148.3604941368103,4400.0,89.0,34.20000076293945,16.0,569.0,214.0,91.0
269300.0,3148.9528012275696,4400.0,89.0,34.20000076293945,16.0,569.0,214.0,91.0
269350.0,3149.5278453826904,4400.0,89.0,34.20000076293945,16.0,569.0,214.0,91.0
269400.0,3150.1217896938324,4400.0,89.0,34.20000076293945,16.0,569.0,214.0,91.0
269450.0,3150.714307308197,4400.0,89.0,34.20000076293945,16.0,569.0,214.0,91.0
269500.0,3151.2930178642273,4400.0,89.0,34.20000076293945,16.0,569.0,214.0,91.0
269550.0,3151.861158132553,4400.0,89.0,34.20000076293945,16.0,569.0,214.0,91.0
269600.0,3152.4423859119415,4401.0,72.0,30.799999237060547,16.0,399.0,180.0,91.0
269650.0,3153.0158591270447,4402.0,72.0,29.399999618530273,9.0,399.0,171.8,50.0
269700.0,3153.592794895172,4403.0,72.0,26.399999618530273,8.0,399.0,151.8,50.0
269750.0,3154.1627447605133,4404.0,72.0,24.399999618530273,7.0,399.0,140.4,50.0
269800.0,3154.756005525589,4404.0,72.0,24.399999618530273,7.0,399.0,140.4,50.0
269850.0,3155.356917858124,4404.0,72.0,24.399999618530273,7.0,399.0,140.4,50.0
269900.0,3155.9281527996063,4404.0,72.0,24.399999618530273,7.0,399.0,140.4,50.0
269950.0,3156.49245762825,4404.0,72.0,24.399999618530273,7.0,399.0,140.4,50.0
270000.0,3157.0541005134583,4404.0,72.0,24.399999618530273,7.0,399.0,140.4,50.0
270050.0,3157.6368775367737,4408.0,41.0,9.800000190734863,0.0,268.0,69.6,6.0
270100.0,3158.21608376503,4411.0,2.0,0.800000011920929,0.0,28.0,15.6,6.0
270150.0,3158.8034591674805,4414.0,2.0,1.0,0.0,28.0,16.4,6.0
270200.0,3159.377995491028,4418.0,1.0,0.6000000238418579,0.0,18.0,12.4,6.0
270250.0,3159.957899570465,4422.0,1.0,0.4000000059604645,0.0,22.0,11.2,6.0
270300.0,3160.5188179016113,4425.0,1.0,0.20000000298023224,0.0,16.0,9.2,6.0
270350.0,3161.0827322006226,4428.0,4.0,1.2000000476837158,0.0,50.0,18.8,6.0
270400.0,3161.6613891124725,4433.0,1.0,0.4000000059604645,0.0,16.0,10.0,6.0
270450.0,3162.235415697098,4435.0,3.0,0.800000011920929,0.0,38.0,14.4,6.0
270500.0,3162.8049931526184,4438.0,3.0,1.0,0.0,38.0,18.0,6.0
270550.0,3163.387073278427,4441.0,2.0,0.800000011920929,0.0,28.0,16.4,6.0
270600.0,3163.9426653385162,4441.0,2.0,0.800000011920929,0.0,28.0,16.4,6.0
270650.0,3164.506740808487,4442.0,7.0,1.7999999523162842,0.0,90.0,28.8,6.0
270700.0,3165.0797715187073,4445.0,7.0,2.4000000953674316,0.0,90.0,33.6,6.0
270750.0,3165.6450958251953,4448.0,3.0,1.2000000476837158,0.0,38.0,18.8,6.0
270800.0,3166.224559545517,4450.0,3.0,0.800000011920929,0.0,38.0,14.4,6.0
270850.0,3166.8116776943207,4451.0,5.0,1.2000000476837158,0.0,66.0,20.0,6.0
270900.0,3167.387196779251,4453.0,5.0,2.0,0.0,66.0,28.8,6.0
270950.0,3167.959673166275,4453.0,5.0,2.0,0.0,66.0,28.8,6.0
271000.0,3168.5327622890472,4456.0,6.0,2.200000047683716,0.0,82.0,32.0,6.0
271050.0,3169.1313259601593,4458.0,6.0,2.0,0.0,82.0,30.0,6.0
271100.0,3169.7359354496,4459.0,2.0,1.0,0.0,30.0,18.0,6.0
271150.0,3170.3050541877747,4460.0,5.0,1.7999999523162842,0.0,62.0,27.2,6.0
271200.0,3170.885514974594,4462.0,5.0,2.4000000953674316,0.0,62.0,33.2,6.0
271250.0,3171.4699964523315,4463.0,5.0,2.799999952316284,0.0,62.0,38.8,6.0
271300.0,3172.034250020981,4464.0,5.0,3.4000000953674316,0.0,62.0,44.4,6.0
271350.0,3172.619624853134,4465.0,5.0,3.200000047683716,0.0,60.0,42.0,6.0
271400.0,3173.197479724884,4466.0,4.0,3.0,0.0,50.0,40.0,6.0
271450.0,3173.7809505462646,4466.0,4.0,3.0,0.0,50.0,40.0,6.0
271500.0,3174.371833086014,4470.0,5.0,2.0,0.0,68.0,29.2,6.0
271550.0,3174.961753129959,4471.0,5.0,1.7999999523162842,0.0,68.0,27.6,6.0
271600.0,3175.5416991710663,4473.0,3.0,1.600000023841858,0.0,42.0,24.4,6.0
271650.0,3176.1250796318054,4474.0,3.0,1.7999999523162842,0.0,42.0,27.6,6.0
271700.0,3176.688691854477,4475.0,6.0,3.0,1.0,72.0,40.8,22.0
271750.0,3177.2522718906403,4476.0,6.0,3.200000047683716,1.0,72.0,42.4,22.0
271800.0,3177.81516289711,4477.0,6.0,3.799999952316284,1.0,72.0,48.4,22.0
271850.0,3178.393974542618,4478.0,6.0,3.5999999046325684,1.0,72.0,46.4,22.0
271900.0,3178.9824318885803,4479.0,6.0,4.400000095367432,2.0,72.0,54.4,28.0
271950.0,3179.5495069026947,4480.0,5.0,4.199999809265137,2.0,62.0,52.0,28.0
272000.0,3180.1227283477783,4481.0,5.0,4.199999809265137,2.0,62.0,52.4,28.0
272050.0,3180.7096886634827,4483.0,5.0,3.4000000953674316,0.0,62.0,43.6,6.0
272100.0,3181.3165323734283,4484.0,5.0,3.0,0.0,60.0,40.0,6.0
272150.0,3181.9189100265503,4485.0,4.0,2.799999952316284,0.0,52.0,38.0,6.0
272200.0,3182.5127160549164,4486.0,4.0,2.799999952316284,0.0,50.0,37.6,6.0
272250.0,3183.0925776958466,4487.0,4.0,2.799999952316284,0.0,50.0,37.6,6.0
272300.0,3183.7002074718475,4488.0,4.0,3.4000000953674316,3.0,50.0,44.4,38.0
272350.0,3184.2902357578278,4490.0,5.0,3.200000047683716,1.0,62.0,41.2,16.0
272400.0,3184.8971650600433,4491.0,5.0,2.5999999046325684,1.0,62.0,35.6,16.0
272450.0,3185.496780395508,4492.0,5.0,3.0,1.0,62.0,40.0,16.0
272500.0,3186.0946538448334,4493.0,5.0,3.200000047683716,1.0,62.0,42.0,16.0
272550.0,3186.7047171592712,4493.0,5.0,3.200000047683716,1.0,62.0,42.0,16.0
272600.0,3187.289635658264,4494.0,10.0,4.199999809265137,1.0,122.0,54.0,16.0
272650.0,3187.881406068802,4496.0,10.0,4.199999809265137,1.0,122.0,53.2,16.0
272700.0,3188.482500076294,4496.0,10.0,4.199999809265137,1.0,122.0,53.2,16.0
272750.0,3189.0519649982452,4497.0,10.0,5.0,1.0,122.0,64.4,16.0
272800.0,3189.6544365882874,4498.0,10.0,5.0,1.0,122.0,64.4,16.0
272850.0,3190.247744321823,4499.0,9.0,3.4000000953674316,1.0,116.0,45.6,16.0
272900.0,3190.85093998909,4501.0,9.0,4.0,2.0,116.0,52.4,28.0
272950.0,3191.462807893753,4501.0,9.0,4.0,2.0,116.0,52.4,28.0
273000.0,3192.0332973003387,4502.0,5.0,3.200000047683716,2.0,72.0,43.6,28.0
273050.0,3192.6312861442566,4503.0,6.0,3.5999999046325684,2.0,72.0,48.0,28.0
273100.0,3193.2284502983093,4503.0,6.0,3.5999999046325684,2.0,72.0,48.0,28.0
273150.0,3193.835664510727,4504.0,8.0,4.800000190734863,2.0,100.0,62.4,28.0
273200.0,3194.4328789711,4505.0,8.0,5.0,2.0,100.0,64.4,28.0
273250.0,3195.0450620651245,4506.0,8.0,5.0,2.0,100.0,64.4,28.0
273300.0,3195.65243935585,4509.0,5.0,2.4000000953674316,0.0,60.0,32.0,6.0
273350.0,3196.247151374817,4512.0,2.0,0.6000000238418579,0.0,28.0,12.4,6.0
273400.0,3196.840396165848,4513.0,3.0,1.2000000476837158,0.0,38.0,18.8,6.0
273450.0,3197.4206466674805,4514.0,5.0,2.0,0.0,62.0,28.0,6.0
273500.0,3198.0044577121735,4515.0,5.0,2.4000000953674316,0.0,62.0,32.4,6.0
273550.0,3198.579209089279,4516.0,5.0,3.4000000953674316,0.0,62.0,43.2,6.0
273600.0,3199.1548998355865,4518.0,5.0,3.4000000953674316,1.0,62.0,43.2,18.0
273650.0,3199.70964384079,4519.0,5.0,2.799999952316284,1.0,60.0,37.6,18.0
273700.0,3200.2553701400757,4522.0,3.0,1.7999999523162842,0.0,40.0,26.4,6.0
273750.0,3200.818924188614,4523.0,3.0,1.7999999523162842,0.0,40.0,26.8,6.0
273800.0,3201.4002919197083,4524.0,4.0,2.200000047683716,0.0,50.0,30.0,6.0
273850.0,3201.982884168625,4525.0,4.0,2.4000000953674316,0.0,50.0,32.0,6.0
273900.0,3202.5690338611603,4526.0,4.0,2.799999952316284,0.0,50.0,36.8,6.0
273950.0,3203.1499288082123,4527.0,4.0,3.5999999046325684,2.0,50.0,45.6,28.0
274000.0,3203.740903377533,4528.0,6.0,4.400000095367432,4.0,72.0,54.4,50.0
274050.0,3204.327239513397,4529.0,6.0,4.0,2.0,72.0,50.0,28.0
274100.0,3204.9220638275146,4530.0,6.0,4.199999809265137,2.0,72.0,52.4,28.0
274150.0,3205.5104196071625,4531.0,6.0,4.199999809265137,2.0,72.0,52.4,28.0
274200.0,3206.1083283424377,4533.0,5.0,3.0,2.0,62.0,38.8,26.0
274250.0,3206.69198179245,4535.0,4.0,2.0,0.0,50.0,28.8,14.0
274300.0,3207.2697944641113,4536.0,3.0,1.7999999523162842,0.0,44.0,27.6,14.0
274350.0,3207.8359298706055,4537.0,4.0,2.200000047683716,0.0,50.0,32.0,14.0
274400.0,3208.412209033966,4538.0,5.0,2.799999952316284,0.0,62.0,39.2,14.0
274450.0,3208.9928212165833,4539.0,5.0,3.200000047683716,2.0,62.0,42.0,26.0
274500.0,3209.5675570964813,4540.0,6.0,4.0,2.0,72.0,51.2,28.0
274550.0,3210.14364695549,4541.0,6.0,4.199999809265137,2.0,72.0,52.4,28.0
274600.0,3210.7239027023315,4542.0,6.0,3.799999952316284,2.0,72.0,48.0,28.0
274650.0,3211.312497138977,4543.0,6.0,4.0,2.0,72.0,50.0,28.0
274700.0,3211.906002998352,4544.0,6.0,4.400000095367432,2.0,72.0,54.4,28.0
274750.0,3212.49263215065,4545.0,6.0,4.0,2.0,72.0,50.0,28.0
274800.0,3213.0838918685913,4546.0,6.0,4.199999809265137,2.0,72.0,52.4,28.0
274850.0,3213.68417429924,4547.0,6.0,4.199999809265137,2.0,72.0,52.0,26.0
274900.0,3214.262658596039,4548.0,5.0,4.0,2.0,62.0,50.0,26.0
274950.0,3214.848170518875,4550.0,5.0,3.0,1.0,62.0,38.8,16.0
275000.0,3215.4320335388184,4552.0,5.0,2.200000047683716,1.0,62.0,31.2,16.0
275050.0,3216.011173248291,4553.0,4.0,2.0,1.0,56.0,30.0,16.0
275100.0,3216.5778665542603,4554.0,4.0,2.4000000953674316,1.0,56.0,34.4,16.0
275150.0,3217.139701604843,4554.0,4.0,2.4000000953674316,1.0,56.0,34.4,16.0
275200.0,3217.7033693790436,4555.0,8.0,3.799999952316284,1.0,100.0,51.2,24.0
275250.0,3218.26908993721,4555.0,8.0,3.799999952316284,1.0,100.0,51.2,24.0
275300.0,3218.8550760746,4556.0,8.0,4.800000190734863,2.0,100.0,62.0,26.0
275350.0,3219.4343683719635,4557.0,8.0,5.599999904632568,4.0,100.0,71.2,50.0
275400.0,3220.011173248291,4558.0,8.0,5.599999904632568,4.0,100.0,70.0,50.0
275450.0,3220.576651573181,4558.0,8.0,5.599999904632568,4.0,100.0,70.0,50.0
275500.0,3221.1600482463837,4559.0,8.0,6.199999809265137,4.0,100.0,77.6,50.0
275550.0,3221.7598276138306,4559.0,8.0,6.199999809265137,4.0,100.0,77.6,50.0
275600.0,3222.3512518405914,4559.0,8.0,6.199999809265137,4.0,100.0,77.6,50.0
275650.0,3222.900187730789,4560.0,11.0,6.800000190734863,4.0,140.0,85.6,50.0
275700.0,3223.4623963832855,4560.0,11.0,6.800000190734863,4.0,140.0,85.6,50.0
275750.0,3224.0277149677277,4561.0,11.0,7.599999904632568,4.0,140.0,94.4,50.0
275800.0,3224.6093385219574,4562.0,11.0,7.199999809265137,4.0,140.0,90.0,50.0
275850.0,3225.194519519806,4563.0,11.0,7.199999809265137,4.0,140.0,90.0,50.0
275900.0,3225.7721343040466,4564.0,11.0,6.800000190734863,4.0,140.0,84.4,50.0
275950.0,3226.338388442993,4564.0,11.0,6.800000190734863,4.0,140.0,84.4,50.0
276000.0,3226.932215452194,4565.0,10.0,5.800000190734863,4.0,122.0,72.0,50.0
276050.0,3227.5220363140106,4566.0,6.0,4.400000095367432,3.0,78.0,55.6,40.0
276100.0,3228.102216720581,4567.0,6.0,4.599999904632568,3.0,78.0,57.6,40.0
276150.0,3228.68021440506,4568.0,6.0,4.800000190734863,3.0,78.0,60.0,40.0
276200.0,3229.2700929641724,4569.0,6.0,4.599999904632568,3.0,78.0,58.0,40.0
276250.0,3229.8517475128174,4570.0,5.0,4.400000095367432,3.0,62.0,54.4,40.0
276300.0,3230.4455749988556,4571.0,5.0,4.0,1.0,62.0,50.0,18.0
276350.0,3231.036534309387,4571.0,5.0,4.0,1.0,62.0,50.0,18.0
276400.0,3231.632266521454,4573.0,8.0,4.0,1.0,100.0,50.8,18.0
276450.0,3232.228529214859,4574.0,8.0,3.5999999046325684,1.0,100.0,47.6,18.0
276500.0,3232.813013792038,4575.0,8.0,3.5999999046325684,1.0,100.0,48.0,18.0
276550.0,3233.4003567695618,4577.0,5.0,2.5999999046325684,1.0,62.0,35.6,18.0
276600.0,3233.9860627651215,4577.0,5.0,2.5999999046325684,1.0,62.0,35.6,18.0
276650.0,3234.5774581432343,4578.0,7.0,3.5999999046325684,1.0,94.0,49.2,18.0
276700.0,3235.1533250808716,4579.0,7.0,4.0,1.0,94.0,52.4,18.0
276750.0,3235.724795103073,4580.0,7.0,4.0,1.0,94.0,52.4,18.0
276800.0,3236.3120698928833,4581.0,7.0,4.0,1.0,94.0,52.0,16.0
276850.0,3236.9105105400085,4583.0,5.0,3.200000047683716,1.0,62.0,41.2,16.0
276900.0,3237.508857011795,4584.0,5.0,2.5999999046325684,1.0,62.0,35.6,16.0
276950.0,3238.0912806987762,4585.0,4.0,2.4000000953674316,1.0,50.0,33.2,16.0
277000.0,3238.6639382839203,4586.0,5.0,3.200000047683716,1.0,60.0,42.0,22.0
277050.0,3239.241193294525,4588.0,5.0,3.0,1.0,60.0,39.6,16.0
277100.0,3239.815819501877,4589.0,5.0,3.4000000953674316,1.0,60.0,44.4,16.0
277150.0,3240.377345561981,4590.0,5.0,3.4000000953674316,1.0,60.0,44.4,16.0
277200.0,3240.939898252487,4592.0,4.0,2.4000000953674316,1.0,50.0,33.6,16.0
277250.0,3241.527394771576,4593.0,4.0,2.799999952316284,1.0,50.0,39.2,16.0
277300.0,3242.1244859695435,4593.0,4.0,2.799999952316284,1.0,50.0,39.2,16.0
277350.0,3242.7190458774567,4594.0,8.0,3.799999952316284,1.0,100.0,50.0,16.0
277400.0,3243.3068397045135,4595.0,8.0,3.4000000953674316,1.0,100.0,45.6,16.0
277450.0,3243.894416809082,4596.0,8.0,3.799999952316284,1.0,100.0,50.0,16.0
277500.0,3244.4716985225677,4597.0,8.0,4.599999904632568,2.0,100.0,58.8,28.0
277550.0,3245.033989429474,4598.0,8.0,4.800000190734863,2.0,100.0,60.0,28.0
277600.0,3245.5968532562256,4598.0,8.0,4.800000190734863,2.0,100.0,60.0,28.0
277650.0,3246.1637523174286,4599.0,8.0,4.800000190734863,2.0,100.0,60.0,28.0
277700.0,3246.7310888767242,4601.0,8.0,4.199999809265137,1.0,100.0,52.8,16.0
277750.0,3247.306102991104,4602.0,8.0,3.799999952316284,1.0,100.0,50.0,16.0
277800.0,3247.892138004303,4603.0,8.0,4.0,1.0,100.0,52.0,16.0
277850.0,3248.4795882701874,4604.0,5.0,2.5999999046325684,1.0,60.0,35.6,16.0
277900.0,3249.0573601722717,4605.0,6.0,3.200000047683716,1.0,72.0,42.4,16.0
277950.0,3249.6265168190002,4606.0,6.0,3.5999999046325684,1.0,72.0,46.8,18.0
278000.0,3250.1970796585083,4608.0,6.0,3.0,1.0,72.0,38.8,16.0
278050.0,3250.7764914035797,4609.0,6.0,3.4000000953674316,1.0,72.0,44.4,16.0
278100.0,3251.3569660186768,4610.0,4.0,3.0,1.0,50.0,40.0,16.0
278150.0,3251.9261066913605,4610.0,4.0,3.0,1.0,50.0,40.0,16.0
278200.0,3252.5045495033264,4611.0,8.0,4.0,1.0,100.0,52.4,16.0
278250.0,3253.0880053043365,4612.0,8.0,3.5999999046325684,1.0,100.0,48.0,16.0
278300.0,3253.6814756393433,4613.0,8.0,4.199999809265137,2.0,100.0,54.8,28.0
278350.0,3254.249189853668,4614.0,8.0,4.599999904632568,2.0,100.0,57.6,28.0
278400.0,3254.8403396606445,4615.0,8.0,4.599999904632568,2.0,100.0,57.6,28.0
278450.0,3255.4145333766937,4616.0,5.0,4.0,2.0,62.0,50.0,28.0
278500.0,3255.992014169693,4617.0,5.0,4.400000095367432,4.0,62.0,54.4,50.0
278550.0,3256.565534353256,4618.0,5.0,4.199999809265137,3.0,62.0,52.0,38.0
278600.0,3257.1551773548126,4619.0,5.0,4.0,3.0,62.0,50.0,38.0
278650.0,3257.7402770519257,4620.0,5.0,4.199999809265137,3.0,62.0,52.4,38.0
278700.0,3258.321520805359,4621.0,5.0,3.799999952316284,3.0,62.0,48.0,38.0
278750.0,3258.893619298935,4622.0,5.0,4.0,3.0,62.0,50.0,38.0
278800.0,3259.4597342014313,4623.0,5.0,4.199999809265137,3.0,62.0,52.4,40.0
278850.0,3260.02840256691,4624.0,5.0,4.0,3.0,62.0,50.4,40.0
278900.0,3260.6032021045685,4625.0,5.0,3.799999952316284,3.0,60.0,47.6,40.0
278950.0,3261.180330514908,4626.0,5.0,4.199999809265137,3.0,62.0,52.0,40.0
279000.0,3261.7572526931763,4627.0,5.0,4.0,3.0,62.0,50.0,40.0
279050.0,3262.3415350914,4629.0,5.0,3.200000047683716,1.0,62.0,41.2,18.0
279100.0,3262.9283888339996,4630.0,5.0,3.200000047683716,1.0,62.0,42.4,18.0
279150.0,3263.520712375641,4631.0,4.0,3.0,1.0,54.0,40.0,18.0
279200.0,3264.1078016757965,4632.0,4.0,3.0,1.0,54.0,40.0,18.0
279250.0,3264.699824810028,4633.0,4.0,3.5999999046325684,2.0,54.0,46.4,28.0
279300.0,3265.2931842803955,4634.0,4.0,4.0,4.0,54.0,50.8,50.0
279350.0,3265.884162902832,4635.0,4.0,4.0,4.0,50.0,50.0,50.0
279400.0,3266.4592323303223,4635.0,4.0,4.0,4.0,50.0,50.0,50.0
279450.0,3267.0468442440033,4635.0,4.0,4.0,4.0,50.0,50.0,50.0
279500.0,3267.6156895160675,4636.0,13.0,5.800000190734863,4.0,160.0,72.0,50.0
279550.0,3268.178848028183,4637.0,13.0,5.199999809265137,1.0,160.0,65.6,18.0
279600.0,3268.740941286087,4638.0,13.0,5.599999904632568,1.0,160.0,70.0,18.0
279650.0,3269.299771308899,4639.0,13.0,5.599999904632568,1.0,160.0,70.0,18.0
279700.0,3269.87783408165,4640.0,13.0,5.599999904632568,1.0,160.0,70.0,18.0
279750.0,3270.4508576393127,4641.0,6.0,3.799999952316284,1.0,72.0,48.0,18.0
279800.0,3271.019359588623,4642.0,6.0,4.400000095367432,4.0,72.0,54.4,50.0
279850.0,3271.6002123355865,4643.0,4.0,4.0,4.0,50.0,50.0,50.0
279900.0,3272.1849398612976,4644.0,4.0,4.0,4.0,50.0,50.0,50.0
279950.0,3272.7653872966766,4645.0,4.0,3.799999952316284,3.0,50.0,47.6,38.0
280000.0,3273.3452293872833,4646.0,6.0,4.199999809265137,3.0,72.0,52.0,38.0
280050.0,3273.9292030334473,4647.0,6.0,3.5999999046325684,1.0,72.0,45.6,18.0
280100.0,3274.512094974518,4648.0,6.0,3.799999952316284,1.0,72.0,47.6,18.0
280150.0,3275.101358652115,4649.0,6.0,4.0,1.0,72.0,50.0,18.0
280200.0,3275.681523323059,4649.0,6.0,4.0,1.0,72.0,50.0,18.0
280250.0,3276.260883808136,4649.0,6.0,4.0,1.0,72.0,50.0,18.0
280300.0,3276.832214832306,4650.0,12.0,5.800000190734863,1.0,150.0,72.4,18.0
280350.0,3277.413551568985,4651.0,12.0,5.400000095367432,1.0,150.0,68.0,18.0
280400.0,3277.999312400818,4652.0,12.0,6.199999809265137,4.0,150.0,76.4,50.0
280450.0,3278.5773808956146,4652.0,12.0,6.199999809265137,4.0,150.0,76.4,50.0
280500.0,3279.1500973701477,4653.0,12.0,6.800000190734863,4.0,150.0,84.8,50.0
280550.0,3279.718556880951,4653.0,12.0,6.800000190734863,4.0,150.0,84.8,50.0
280600.0,3280.304413795471,4654.0,12.0,7.0,4.0,150.0,87.6,50.0
280650.0,3280.894186258316,4654.0,12.0,7.0,4.0,150.0,87.6,50.0
280700.0,3281.4734361171722,4655.0,8.0,6.199999809265137,4.0,102.0,77.6,50.0
280750.0,3282.045075416565,4656.0,8.0,6.599999904632568,5.0,102.0,82.0,60.0
280800.0,3282.611435174942,4657.0,8.0,6.199999809265137,3.0,102.0,78.0,40.0
280850.0,3283.194697856903,4658.0,8.0,5.400000095367432,3.0,100.0,67.6,40.0
280900.0,3283.7951261997223,4659.0,8.0,5.0,3.0,100.0,62.4,40.0
280950.0,3284.361632823944,4660.0,6.0,4.400000095367432,3.0,72.0,54.8,40.0
281000.0,3284.928252220154,4661.0,5.0,3.799999952316284,3.0,62.0,48.0,38.0
281050.0,3285.504887342453,4662.0,5.0,3.5999999046325684,2.0,62.0,45.6,28.0
281100.0,3286.087797641754,4663.0,5.0,3.5999999046325684,2.0,62.0,45.6,28.0
281150.0,3286.670495033264,4664.0,6.0,4.0,2.0,72.0,50.0,28.0
281200.0,3287.2616233825684,4665.0,6.0,3.799999952316284,2.0,72.0,47.6,28.0
281250.0,3287.8409798145294,4667.0,6.0,3.5999999046325684,1.0,72.0,45.2,16.0
281300.0,3288.4145228862762,4668.0,6.0,3.200000047683716,1.0,72.0,42.4,16.0
281350.0,3288.991882801056,4670.0,3.0,2.200000047683716,1.0,38.0,30.8,16.0
281400.0,3289.5888028144836,4671.0,3.0,1.7999999523162842,1.0,38.0,28.0,16.0
281450.0,3290.1841099262238,4673.0,4.0,2.200000047683716,1.0,50.0,30.8,16.0
281500.0,3290.7501649856567,4674.0,5.0,2.5999999046325684,1.0,68.0,36.8,16.0
281550.0,3291.3134322166443,4675.0,5.0,3.0,1.0,68.0,41.2,16.0
281600.0,3291.8894679546356,4676.0,5.0,3.200000047683716,1.0,68.0,42.0,16.0
281650.0,3292.4817385673523,4677.0,5.0,3.4000000953674316,1.0,68.0,44.4,16.0
281700.0,3293.0807778835297,4678.0,5.0,4.0,2.0,68.0,51.2,28.0
281750.0,3293.6773493289948,4679.0,5.0,4.0,2.0,62.0,50.0,28.0
281800.0,3294.275381088257,4679.0,5.0,4.0,2.0,62.0,50.0,28.0
281850.0,3294.8684673309326,4679.0,5.0,4.0,2.0,62.0,50.0,28.0
281900.0,3295.4591920375824,4680.0,12.0,5.599999904632568,2.0,150.0,70.4,28.0
281950.0,3296.0547246932983,4681.0,12.0,5.800000190734863,3.0,150.0,72.4,38.0
282000.0,3296.628654718399,4682.0,12.0,5.400000095367432,3.0,150.0,68.0,38.0
282050.0,3297.192758321762,4683.0,12.0,5.800000190734863,3.0,150.0,72.0,38.0
282100.0,3297.765456199646,4684.0,12.0,5.599999904632568,3.0,150.0,69.6,38.0
282150.0,3298.3359813690186,4685.0,6.0,3.799999952316284,3.0,70.0,47.6,38.0
282200.0,3298.905030965805,4686.0,6.0,4.0,3.0,70.0,50.0,40.0
282250.0,3299.4571561813354,4688.0,4.0,2.799999952316284,1.0,50.0,36.8,16.0
282300.0,3300.0119202136993,4689.0,4.0,2.799999952316284,1.0,56.0,38.0,16.0
282350.0,3300.572902202606,4690.0,4.0,3.0,1.0,56.0,40.0,16.0
282400.0,3301.149583339691,4691.0,5.0,3.200000047683716,1.0,60.0,42.0,16.0
282450.0,3301.739220380783,4691.0,5.0,3.200000047683716,1.0,60.0,42.0,16.0
282500.0,3302.322208881378,4693.0,5.0,4.0,3.0,60.0,52.4,38.0
282550.0,3302.8991000652313,4694.0,5.0,3.5999999046325684,2.0,60.0,47.6,32.0
282600.0,3303.494482755661,4695.0,6.0,4.0,2.0,72.0,52.0,32.0
282650.0,3304.0679655075073,4696.0,6.0,3.4000000953674316,2.0,72.0,46.0,30.0
282700.0,3304.636414051056,4697.0,6.0,3.5999999046325684,2.0,72.0,46.4,30.0
282750.0,3305.2183759212494,4698.0,6.0,3.799999952316284,2.0,72.0,48.8,30.0
282800.0,3305.7850375175476,4698.0,6.0,3.799999952316284,2.0,72.0,48.8,30.0
282850.0,3306.355839252472,4698.0,6.0,3.799999952316284,2.0,72.0,48.8,30.0
282900.0,3306.933921098709,4698.0,6.0,3.799999952316284,2.0,72.0,48.8,30.0
282950.0,3307.514748573303,4699.0,14.0,6.199999809265137,2.0,178.0,78.0,30.0
283000.0,3308.103545665741,4699.0,14.0,6.199999809265137,2.0,178.0,78.0,30.0
283050.0,3308.6855733394623,4700.0,14.0,7.199999809265137,2.0,178.0,90.0,30.0
283100.0,3309.260698080063,4700.0,14.0,7.199999809265137,2.0,178.0,90.0,30.0
283150.0,3309.829354286194,4701.0,14.0,8.399999618530273,4.0,178.0,104.0,50.0
283200.0,3310.4087195396423,4704.0,11.0,4.400000095367432,1.0,132.0,56.4,16.0
283250.0,3310.99316573143,4705.0,8.0,2.799999952316284,1.0,100.0,38.0,16.0
283300.0,3311.570808649063,4705.0,8.0,2.799999952316284,1.0,100.0,38.0,16.0
283350.0,3312.146286725998,4706.0,8.0,2.799999952316284,1.0,100.0,38.0,16.0
283400.0,3312.7238585948944,4707.0,8.0,3.4000000953674316,1.0,100.0,44.4,16.0
283450.0,3313.305671453476,4708.0,8.0,4.0,1.0,100.0,51.2,16.0
283500.0,3313.901121377945,4708.0,8.0,4.0,1.0,100.0,51.2,16.0
283550.0,3314.461356163025,4708.0,8.0,4.0,1.0,100.0,51.2,16.0
283600.0,3315.0262167453766,4709.0,13.0,6.400000095367432,3.0,160.0,80.0,40.0
283650.0,3315.5961906909943,4711.0,13.0,4.800000190734863,1.0,160.0,61.2,16.0
283700.0,3316.1871778964996,4711.0,13.0,4.800000190734863,1.0,160.0,61.2,16.0
283750.0,3316.768451690674,4714.0,5.0,2.0,1.0,72.0,30.0,16.0
283800.0,3317.3485531806946,4715.0,5.0,2.4000000953674316,1.0,72.0,34.4,16.0
283850.0,3317.9246356487274,4715.0,5.0,2.4000000953674316,1.0,72.0,34.4,16.0
283900.0,3318.5018072128296,4716.0,7.0,3.5999999046325684,1.0,88.0,48.8,16.0
283950.0,3319.0681488513947,4717.0,7.0,3.0,1.0,88.0,40.0,16.0
284000.0,3319.644249677658,4718.0,7.0,4.0,1.0,88.0,51.2,16.0
284050.0,3320.2336452007294,4718.0,7.0,4.0,1.0,88.0,51.2,16.0
284100.0,3320.813942670822,4719.0,7.0,5.0,2.0,88.0,63.6,28.0
284150.0,3321.3792045116425,4720.0,7.0,5.400000095367432,2.0,88.0,67.6,28.0
284200.0,3321.9640560150146,4720.0,7.0,5.400000095367432,2.0,88.0,67.6,28.0
284250.0,3322.5505187511444,4721.0,7.0,5.400000095367432,2.0,90.0,68.0,28.0
284300.0,3323.1433548927307,4722.0,7.0,6.199999809265137,6.0,90.0,76.4,70.0
284350.0,3323.740455389023,4723.0,7.0,5.800000190734863,4.0,90.0,72.0,50.0
284400.0,3324.3368899822235,4723.0,7.0,5.800000190734863,4.0,90.0,72.0,50.0
284450.0,3324.9187400341034,4723.0,7.0,5.800000190734863,4.0,90.0,72.0,50.0
284500.0,3325.5080280303955,4724.0,10.0,6.599999904632568,4.0,130.0,82.4,50.0
284550.0,3326.096581220627,4725.0,10.0,6.400000095367432,4.0,130.0,80.0,50.0
284600.0,3326.664051294327,4725.0,10.0,6.400000095367432,4.0,130.0,80.0,50.0
284650.0,3327.2253110408783,4725.0,10.0,6.400000095367432,4.0,130.0,80.0,50.0
284700.0,3327.8061640262604,4725.0,10.0,6.400000095367432,4.0,130.0,80.0,50.0
284750.0,3328.3839778900146,4726.0,15.0,8.0,4.0,190.0,100.0,50.0
284800.0,3328.973966360092,4726.0,15.0,8.0,4.0,190.0,100.0,50.0
284850.0,3329.5643520355225,4726.0,15.0,8.0,4.0,190.0,100.0,50.0
284900.0,3330.1356451511383,4726.0,15.0,8.0,4.0,190.0,100.0,50.0
284950.0,3330.7156257629395,4727.0,17.0,10.199999809265137,4.0,210.0,128.0,50.0
285000.0,3331.3100621700287,4727.0,17.0,10.199999809265137,4.0,210.0,128.0,50.0
285050.0,3331.894416809082,4728.0,17.0,10.800000190734863,5.0,210.0,136.0,60.0
285100.0,3332.4905524253845,4729.0,17.0,10.0,5.0,210.0,124.0,60.0
285150.0,3333.0903630256653,4730.0,17.0,9.199999809265137,1.0,210.0,115.6,18.0
285200.0,3333.687591791153,4732.0,7.0,3.799999952316284,1.0,90.0,48.8,16.0
285250.0,3334.293348312378,4733.0,6.0,2.799999952316284,1.0,70.0,37.6,16.0
285300.0,3334.8829805850983,4734.0,4.0,2.4000000953674316,1.0,50.0,33.6,16.0
285350.0,3335.4729912281036,4735.0,4.0,3.0,1.0,50.0,40.0,16.0
285400.0,3336.066148996353,4736.0,4.0,3.0,1.0,50.0,40.0,16.0
285450.0,3336.662563085556,4737.0,4.0,3.5999999046325684,2.0,50.0,46.8,34.0
285500.0,3337.253739595413,4737.0,4.0,3.5999999046325684,2.0,50.0,46.8,34.0
285550.0,3337.829559803009,4738.0,10.0,5.199999809265137,4.0,122.0,64.4,50.0
285600.0,3338.4152669906616,4739.0,10.0,4.800000190734863,2.0,122.0,60.0,28.0
285650.0,3338.9921429157257,4740.0,10.0,5.199999809265137,2.0,122.0,64.4,28.0
285700.0,3339.5659704208374,4741.0,10.0,5.199999809265137,2.0,122.0,64.4,28.0
285750.0,3340.1257889270782,4742.0,10.0,5.199999809265137,2.0,122.0,64.4,28.0
285800.0,3340.69340801239,4743.0,6.0,4.0,2.0,72.0,50.0,28.0
285850.0,3341.2898564338684,4744.0,6.0,4.400000095367432,4.0,72.0,54.4,50.0
285900.0,3341.866281270981,4745.0,5.0,4.199999809265137,4.0,60.0,52.0,50.0
285950.0,3342.4400277137756,4746.0,5.0,4.0,3.0,60.0,50.0,40.0
286000.0,3343.0162937641144,4746.0,5.0,4.0,3.0,60.0,50.0,40.0
286050.0,3343.6049954891205,4746.0,5.0,4.0,3.0,60.0,50.0,40.0
286100.0,3344.1860976219177,4747.0,13.0,5.800000190734863,3.0,160.0,72.0,40.0
286150.0,3344.7699229717255,4747.0,13.0,5.800000190734863,3.0,160.0,72.0,40.0
286200.0,3345.3535912036896,4748.0,13.0,6.400000095367432,3.0,160.0,80.0,40.0
286250.0,3345.9377632141113,4749.0,13.0,6.400000095367432,3.0,160.0,80.0,40.0
286300.0,3346.5181584358215,4750.0,13.0,6.0,3.0,160.0,76.0,40.0
286350.0,3347.097753763199,4751.0,13.0,6.199999809265137,3.0,160.0,77.6,40.0
286400.0,3347.683913230896,4753.0,4.0,3.0,1.0,50.0,38.8,16.0
286450.0,3348.2628977298737,4755.0,4.0,2.4000000953674316,1.0,48.0,32.8,16.0
286500.0,3348.8408284187317,4756.0,3.0,1.600000023841858,0.0,44.0,26.0,14.0
286550.0,3349.4091789722443,4758.0,6.0,2.200000047683716,0.0,72.0,32.4,14.0
286600.0,3350.004445552826,4759.0,6.0,2.200000047683716,0.0,72.0,32.4,14.0
286650.0,3350.5901160240173,4760.0,6.0,3.0,0.0,72.0,41.2,14.0
286700.0,3351.1743338108063,4761.0,6.0,3.799999952316284,1.0,72.0,48.4,16.0
286750.0,3351.740178346634,4761.0,6.0,3.799999952316284,1.0,72.0,48.4,16.0
286800.0,3352.316342115402,4761.0,6.0,3.799999952316284,1.0,72.0,48.4,16.0
286850.0,3352.90350317955,4762.0,12.0,5.0,1.0,150.0,64.0,16.0
286900.0,3353.490492582321,4763.0,12.0,5.400000095367432,3.0,150.0,68.8,40.0
286950.0,3354.0643718242645,4764.0,12.0,5.800000190734863,3.0,150.0,72.0,40.0
287000.0,3354.6468539237976,4765.0,12.0,5.599999904632568,3.0,150.0,70.0,40.0
287050.0,3355.2238335609436,4766.0,12.0,5.199999809265137,2.0,150.0,65.6,28.0
287100.0,3355.8025007247925,4766.0,12.0,5.199999809265137,2.0,150.0,65.6,28.0
287150.0,3356.3641402721405,4767.0,10.0,4.800000190734863,2.0,122.0,60.0,28.0
287200.0,3356.9389708042145,4767.0,10.0,4.800000190734863,2.0,122.0,60.0,28.0
287250.0,3357.512469291687,4768.0,10.0,5.199999809265137,2.0,122.0,65.6,28.0
287300.0,3358.0938923358917,4769.0,10.0,5.599999904632568,2.0,122.0,70.4,28.0
287350.0,3358.6885273456573,4770.0,10.0,5.199999809265137,2.0,122.0,65.6,26.0
287400.0,3359.2809731960297,4771.0,10.0,5.599999904632568,2.0,122.0,70.0,26.0
287450.0,3359.8654396533966,4771.0,10.0,5.599999904632568,2.0,122.0,70.0,26.0
287500.0,3360.444096326828,4771.0,10.0,5.599999904632568,2.0,122.0,70.0,26.0
287550.0,3361.0142662525177,4772.0,14.0,6.400000095367432,2.0,172.0,80.0,26.0
287600.0,3361.5759258270264,4772.0,14.0,6.400000095367432,2.0,172.0,80.0,26.0
287650.0,3362.1648070812225,4773.0,14.0,6.800000190734863,2.0,172.0,84.4,26.0
287700.0,3362.7519721984863,4773.0,14.0,6.800000190734863,2.0,172.0,84.4,26.0
287750.0,3363.3359141349792,4773.0,14.0,6.800000190734863,2.0,172.0,84.4,26.0
287800.0,3363.923812866211,4774.0,14.0,7.800000190734863,2.0,172.0,97.6,26.0
287850.0,3364.51372218132,4774.0,14.0,7.800000190734863,2.0,172.0,97.6,26.0
287900.0,3365.099131822586,4774.0,14.0,7.800000190734863,2.0,172.0,97.6,26.0
287950.0,3365.676100254059,4775.0,14.0,10.0,4.0,172.0,124.4,50.0
288000.0,3366.257175922394,4775.0,14.0,10.0,4.0,172.0,124.4,50.0
288050.0,3366.820745229721,4775.0,14.0,10.0,4.0,172.0,124.4,50.0
288100.0,3367.3829061985016,4776.0,14.0,11.399999618530273,7.0,172.0,142.4,90.0
288150.0,3367.9678313732147,4776.0,14.0,11.399999618530273,7.0,172.0,142.4,90.0
288200.0,3368.543207883835,4777.0,13.0,10.399999618530273,7.0,160.0,130.4,90.0
288250.0,3369.128002882004,4778.0,13.0,9.800000190734863,4.0,160.0,122.4,50.0
288300.0,3369.7047696113586,4778.0,13.0,9.800000190734863,4.0,160.0,122.4,50.0
288350.0,3370.2877054214478,4778.0,13.0,9.800000190734863,4.0,160.0,122.4,50.0
288400.0,3370.87157535553,4779.0,13.0,9.0,4.0,160.0,113.6,50.0
288450.0,3371.4647691249847,4779.0,13.0,9.0,4.0,160.0,113.6,50.0
288500.0,3372.0566408634186,4780.0,11.0,8.399999618530273,4.0,140.0,106.0,50.0
288550.0,3372.6528465747833,4780.0,11.0,8.399999618530273,4.0,140.0,106.0,50.0
288600.0,3373.240801334381,4781.0,10.0,8.0,4.0,122.0,100.0,50.0
288650.0,3373.854733467102,4781.0,10.0,8.0,4.0,122.0,100.0,50.0
288700.0,3374.426255464554,4781.0,10.0,8.0,4.0,122.0,100.0,50.0
288750.0,3374.9978590011597,4782.0,13.0,8.800000190734863,4.0,162.0,110.0,50.0
288800.0,3375.5872972011566,4782.0,13.0,8.800000190734863,4.0,162.0,110.0,50.0
288850.0,3376.1816034317017,4782.0,13.0,8.800000190734863,4.0,162.0,110.0,50.0
288900.0,3376.776476621628,4783.0,13.0,10.199999809265137,8.0,162.0,127.6,106.0
288950.0,3377.3767898082733,4783.0,13.0,10.199999809265137,8.0,162.0,127.6,106.0
289000.0,3377.9674537181854,4784.0,13.0,10.199999809265137,8.0,162.0,126.4,100.0
289050.0,3378.556058883667,4784.0,13.0,10.199999809265137,8.0,162.0,126.4,100.0
289100.0,3379.145971059799,4784.0,13.0,10.199999809265137,8.0,162.0,126.4,100.0
289150.0,3379.7386858463287,4784.0,13.0,10.199999809265137,8.0,162.0,126.4,100.0
289200.0,3380.3381884098053,4784.0,13.0,10.199999809265137,8.0,162.0,126.4,100.0
289250.0,3380.9358315467834,4785.0,20.0,12.199999809265137,8.0,250.0,152.0,100.0
289300.0,3381.532724380493,4786.0,20.0,10.800000190734863,2.0,250.0,135.6,28.0
289350.0,3382.1145989894867,4786.0,20.0,10.800000190734863,2.0,250.0,135.6,28.0
289400.0,3382.697911262512,4786.0,20.0,10.800000190734863,2.0,250.0,135.6,28.0
289450.0,3383.2967591285706,4786.0,20.0,10.800000190734863,2.0,250.0,135.6,28.0
289500.0,3383.897819042206,4787.0,20.0,12.0,2.0,250.0,149.6,28.0
289550.0,3384.480288505554,4787.0,20.0,12.0,2.0,250.0,149.6,28.0
289600.0,3385.066598176956,4788.0,20.0,11.399999618530273,2.0,250.0,142.0,28.0
289650.0,3385.664249897003,4788.0,20.0,11.399999618530273,2.0,250.0,142.0,28.0
289700.0,3386.2488493919373,4788.0,20.0,11.399999618530273,2.0,250.0,142.0,28.0
289750.0,3386.8509571552277,4788.0,20.0,11.399999618530273,2.0,250.0,142.0,28.0
289800.0,3387.4417419433594,4788.0,20.0,11.399999618530273,2.0,250.0,142.0,28.0
289850.0,3388.032241821289,4788.0,20.0,11.399999618530273,2.0,250.0,142.0,28.0
289900.0,3388.624250650406,4788.0,20.0,11.399999618530273,2.0,250.0,142.0,28.0
289950.0,3389.2322895526886,4788.0,20.0,11.399999618530273,2.0,250.0,142.0,28.0
290000.0,3389.8003549575806,4790.0,29.0,11.800000190734863,1.0,368.0,148.8,16.0
290050.0,3390.3795895576477,4790.0,29.0,11.800000190734863,1.0,368.0,148.8,16.0
290100.0,3390.95733499527,4791.0,29.0,12.600000381469727,1.0,368.0,160.0,16.0
290150.0,3391.53311252594,4792.0,29.0,10.0,1.0,368.0,128.0,16.0
290200.0,3392.1359629631042,4793.0,29.0,8.800000190734863,1.0,368.0,113.6,16.0
290250.0,3392.7605245113373,4795.0,6.0,3.799999952316284,1.0,84.0,50.0,16.0
290300.0,3393.353951215744,4795.0,6.0,3.799999952316284,1.0,84.0,50.0,16.0
290350.0,3393.93816947937,4798.0,6.0,2.5999999046325684,1.0,84.0,36.4,16.0
290400.0,3394.527441263199,4799.0,6.0,2.5999999046325684,1.0,84.0,36.8,16.0
290450.0,3395.1205117702484,4802.0,4.0,1.600000023841858,1.0,52.0,23.2,16.0
290500.0,3395.7156553268433,4803.0,4.0,2.200000047683716,1.0,52.0,30.4,16.0
290550.0,3396.3148262500763,4803.0,4.0,2.200000047683716,1.0,52.0,30.4,16.0
290600.0,3396.887807369232,4804.0,8.0,3.0,1.0,100.0,40.0,16.0
290650.0,3397.4689724445343,4805.0,8.0,3.0,1.0,100.0,40.0,16.0
290700.0,3398.069018602371,4806.0,8.0,3.5999999046325684,1.0,100.0,46.8,16.0
290750.0,3398.6637663841248,4807.0,8.0,4.400000095367432,1.0,100.0,55.6,16.0
290800.0,3399.256285429001,4808.0,8.0,4.400000095367432,1.0,100.0,55.6,16.0
290850.0,3399.859595298767,4809.0,5.0,3.799999952316284,1.0,60.0,47.6,16.0
290900.0,3400.4485890865326,4809.0,5.0,3.799999952316284,1.0,60.0,47.6,16.0
290950.0,3401.035676717758,4810.0,9.0,5.400000095367432,4.0,112.0,66.8,50.0
291000.0,3401.642191171646,4811.0,9.0,5.400000095367432,4.0,112.0,66.4,48.0
291050.0,3402.2368454933167,4812.0,9.0,5.199999809265137,4.0,112.0,64.8,48.0
291100.0,3402.811089515686,4813.0,9.0,5.199999809265137,4.0,112.0,64.4,48.0
291150.0,3403.3979959487915,4814.0,9.0,5.0,4.0,112.0,62.0,48.0
291200.0,3404.004179954529,4815.0,4.0,4.0,4.0,52.0,49.6,48.0
291250.0,3404.6005849838257,4816.0,4.0,4.0,4.0,52.0,50.0,48.0
291300.0,3405.19655752182,4816.0,4.0,4.0,4.0,52.0,50.0,48.0
291350.0,3405.7932739257812,4816.0,4.0,4.0,4.0,52.0,50.0,48.0
291400.0,3406.3852763175964,4817.0,12.0,5.599999904632568,4.0,152.0,70.0,48.0
291450.0,3406.976994037628,4818.0,12.0,5.400000095367432,3.0,152.0,67.6,38.0
291500.0,3407.5812273025513,4819.0,12.0,4.800000190734863,1.0,152.0,61.6,18.0
291550.0,3408.172509431839,4820.0,12.0,5.599999904632568,1.0,152.0,70.4,18.0
291600.0,3408.7549834251404,4820.0,12.0,5.599999904632568,1.0,152.0,70.4,18.0
291650.0,3409.363427400589,4821.0,12.0,5.800000190734863,1.0,152.0,73.6,18.0
291700.0,3409.949553966522,4822.0,8.0,4.199999809265137,1.0,94.0,53.2,18.0
291750.0,3410.5481839179993,4822.0,8.0,4.199999809265137,1.0,94.0,53.2,18.0
291800.0,3411.139726161957,4823.0,11.0,5.800000190734863,1.0,134.0,72.4,18.0
291850.0,3411.7291526794434,4823.0,11.0,5.800000190734863,1.0,134.0,72.4,18.0
291900.0,3412.302314043045,4824.0,11.0,7.199999809265137,4.0,134.0,88.8,50.0
291950.0,3412.8822882175446,4825.0,11.0,6.400000095367432,4.0,134.0,80.0,50.0
292000.0,3413.4658646583557,4826.0,11.0,5.800000190734863,2.0,134.0,72.4,28.0
292050.0,3414.03849196434,4827.0,11.0,5.599999904632568,2.0,134.0,70.0,28.0
292100.0,3414.628304719925,4827.0,11.0,5.599999904632568,2.0,134.0,70.0,28.0
292150.0,3415.217894554138,4827.0,11.0,5.599999904632568,2.0,134.0,70.0,28.0
292200.0,3415.8115112781525,4828.0,15.0,6.400000095367432,2.0,182.0,79.6,28.0
292250.0,3416.412515640259,4829.0,15.0,5.0,1.0,182.0,63.2,18.0
292300.0,3417.01167011261,4830.0,15.0,5.599999904632568,1.0,182.0,69.6,18.0
292350.0,3417.597388982773,4831.0,15.0,6.0,1.0,182.0,74.0,18.0
292400.0,3418.182893037796,4832.0,15.0,6.0,1.0,182.0,74.4,18.0
292450.0,3418.7667565345764,4833.0,7.0,3.4000000953674316,1.0,82.0,43.6,18.0
292500.0,3419.3597366809845,4834.0,7.0,4.599999904632568,2.0,84.0,56.8,28.0
292550.0,3419.9527411460876,4834.0,7.0,4.599999904632568,2.0,84.0,56.8,28.0
292600.0,3420.537964820862,4834.0,7.0,4.599999904632568,2.0,84.0,56.8,28.0
292650.0,3421.142828941345,4835.0,11.0,5.400000095367432,2.0,138.0,68.0,28.0
292700.0,3421.7230095863342,4836.0,11.0,5.0,2.0,138.0,63.6,28.0
292750.0,3422.3141775131226,4837.0,11.0,5.599999904632568,2.0,138.0,70.0,28.0
292800.0,3422.9055590629578,4838.0,11.0,6.199999809265137,2.0,138.0,76.4,28.0
292850.0,3423.5030114650726,4838.0,11.0,6.199999809265137,2.0,138.0,76.4,28.0
292900.0,3424.0883955955505,4839.0,11.0,6.0,2.0,138.0,75.2,28.0
292950.0,3424.6816425323486,4840.0,6.0,4.800000190734863,2.0,78.0,60.0,28.0
293000.0,3425.2773382663727,4841.0,6.0,5.400000095367432,5.0,78.0,66.8,60.0
293050.0,3425.866698026657,4842.0,6.0,5.0,4.0,78.0,62.4,50.0
293100.0,3426.469547510147,4842.0,6.0,5.0,4.0,78.0,62.4,50.0
293150.0,3427.0639374256134,4843.0,8.0,5.599999904632568,4.0,98.0,70.0,50.0
293200.0,3427.661468029022,4844.0,8.0,5.0,3.0,98.0,62.4,40.0
293250.0,3428.2636144161224,4844.0,8.0,5.0,3.0,98.0,62.4,40.0
293300.0,3428.8554697036743,4845.0,9.0,5.800000190734863,3.0,112.0,72.4,40.0
293350.0,3429.4451537132263,4846.0,9.0,5.0,1.0,112.0,63.2,16.0
293400.0,3430.039885520935,4847.0,9.0,5.599999904632568,1.0,112.0,70.0,16.0
293450.0,3430.6285071372986,4848.0,9.0,4.800000190734863,1.0,112.0,60.0,16.0
293500.0,3431.1985623836517,4849.0,9.0,5.0,1.0,112.0,62.0,16.0
293550.0,3431.7877748012543,4850.0,7.0,4.0,1.0,84.0,49.6,16.0
293600.0,3432.3787763118744,4851.0,7.0,4.400000095367432,3.0,84.0,54.4,40.0
293650.0,3432.975963830948,4852.0,4.0,3.5999999046325684,3.0,50.0,45.6,40.0
293700.0,3433.573537826538,4853.0,4.0,3.5999999046325684,3.0,50.0,46.0,40.0
293750.0,3434.1559431552887,4854.0,5.0,3.799999952316284,3.0,60.0,48.0,40.0
293800.0,3434.7375519275665,4855.0,5.0,4.0,3.0,60.0,50.0,40.0
293850.0,3435.3331611156464,4855.0,5.0,4.0,3.0,60.0,50.0,40.0
293900.0,3435.9067730903625,4856.0,7.0,4.800000190734863,3.0,90.0,60.0,40.0
293950.0,3436.4845180511475,4857.0,7.0,5.0,4.0,90.0,62.0,50.0
294000.0,3437.078640937805,4858.0,7.0,5.0,4.0,90.0,62.0,50.0
294050.0,3437.6722440719604,4859.0,7.0,4.800000190734863,4.0,90.0,60.0,50.0
294100.0,3438.272340774536,4860.0,7.0,4.599999904632568,4.0,90.0,58.0,50.0
294150.0,3438.861170530319,4861.0,4.0,4.0,4.0,50.0,50.0,50.0
294200.0,3439.444895029068,4863.0,4.0,3.200000047683716,1.0,50.0,41.2,18.0
294250.0,3440.017585992813,4864.0,4.0,2.799999952316284,1.0,50.0,37.6,18.0
294300.0,3440.5839414596558,4864.0,4.0,2.799999952316284,1.0,50.0,37.6,18.0
294350.0,3441.1759390830994,4865.0,9.0,3.799999952316284,1.0,112.0,50.0,18.0
294400.0,3441.773252248764,4866.0,9.0,3.5999999046325684,1.0,112.0,47.6,18.0
294450.0,3442.3722405433655,4867.0,9.0,4.400000095367432,2.0,112.0,56.4,32.0
294500.0,3442.9725658893585,4868.0,9.0,4.599999904632568,2.0,112.0,58.8,32.0
294550.0,3443.570974111557,4869.0,9.0,5.199999809265137,3.0,112.0,64.4,38.0
294600.0,3444.1717734336853,4870.0,5.0,4.199999809265137,3.0,62.0,52.4,38.0
294650.0,3444.7522010803223,4871.0,5.0,4.0,2.0,62.0,50.0,26.0
294700.0,3445.320727109909,4871.0,5.0,4.0,2.0,62.0,50.0,26.0
294750.0,3445.9054918289185,4871.0,5.0,4.0,2.0,62.0,50.0,26.0
294800.0,3446.486572265625,4872.0,13.0,5.599999904632568,2.0,162.0,70.0,26.0
294850.0,3447.0856091976166,4872.0,13.0,5.599999904632568,2.0,162.0,70.0,26.0
294900.0,3447.688797712326,4873.0,13.0,5.800000190734863,2.0,162.0,73.6,26.0
294950.0,3448.272819519043,4874.0,13.0,6.400000095367432,2.0,162.0,80.4,26.0
295000.0,3448.8638095855713,4874.0,13.0,6.400000095367432,2.0,162.0,80.4,26.0
295050.0,3449.4589569568634,4875.0,13.0,7.0,2.0,162.0,87.6,26.0
295100.0,3450.033347129822,4876.0,13.0,7.599999904632568,5.0,162.0,94.4,60.0
295150.0,3450.6193993091583,4876.0,13.0,7.599999904632568,5.0,162.0,94.4,60.0
295200.0,3451.219666481018,4876.0,13.0,7.599999904632568,5.0,162.0,94.4,60.0
295250.0,3451.8076691627502,4876.0,13.0,7.599999904632568,5.0,162.0,94.4,60.0
295300.0,3452.4019577503204,4877.0,14.0,7.800000190734863,5.0,178.0,97.6,60.0
295350.0,3452.9984340667725,4877.0,14.0,7.800000190734863,5.0,178.0,97.6,60.0
295400.0,3453.606553554535,4878.0,14.0,8.800000190734863,5.0,178.0,108.8,60.0
295450.0,3454.2081937789917,4879.0,14.0,8.0,4.0,178.0,100.0,50.0
295500.0,3454.7799797058105,4879.0,14.0,8.0,4.0,178.0,100.0,50.0
295550.0,3455.368447303772,4879.0,14.0,8.0,4.0,178.0,100.0,50.0
295600.0,3455.9685175418854,4879.0,14.0,8.0,4.0,178.0,100.0,50.0
295650.0,3456.56539106369,4879.0,14.0,8.0,4.0,178.0,100.0,50.0
295700.0,3457.187700510025,4879.0,14.0,8.0,4.0,178.0,100.0,50.0
295750.0,3457.806576490402,4879.0,14.0,8.0,4.0,178.0,100.0,50.0
295800.0,3458.3855788707733,4879.0,14.0,8.0,4.0,178.0,100.0,50.0
295850.0,3458.9420800209045,4880.0,32.0,13.0,4.0,400.0,162.4,50.0
295900.0,3459.5077526569366,4880.0,32.0,13.0,4.0,400.0,162.4,50.0
295950.0,3460.0942537784576,4881.0,32.0,13.0,4.0,400.0,163.6,50.0
296000.0,3460.673670053482,4882.0,32.0,11.600000381469727,4.0,400.0,144.4,50.0
296050.0,3461.240535736084,4882.0,32.0,11.600000381469727,4.0,400.0,144.4,50.0
296100.0,3461.831619977951,4882.0,32.0,11.600000381469727,4.0,400.0,144.4,50.0
296150.0,3462.413733959198,4883.0,32.0,11.399999618530273,4.0,400.0,143.2,50.0
296200.0,3462.9998972415924,4883.0,32.0,11.399999618530273,4.0,400.0,143.2,50.0
296250.0,3463.596147298813,4883.0,32.0,11.399999618530273,4.0,400.0,143.2,50.0
296300.0,3464.1851019859314,4884.0,32.0,13.600000381469727,5.0,400.0,169.6,66.0
296350.0,3464.7638487815857,4885.0,15.0,8.0,4.0,182.0,99.6,50.0
296400.0,3465.3539094924927,4886.0,15.0,7.599999904632568,3.0,182.0,94.4,40.0
296450.0,3465.9431846141815,4886.0,15.0,7.599999904632568,3.0,182.0,94.4,40.0
296500.0,3466.541585922241,4887.0,15.0,7.800000190734863,3.0,182.0,98.0,40.0
296550.0,3467.1335067749023,4887.0,15.0,7.800000190734863,3.0,182.0,98.0,40.0
296600.0,3467.7287917137146,4887.0,15.0,7.800000190734863,3.0,182.0,98.0,40.0
296650.0,3468.3459470272064,4888.0,15.0,8.600000381469727,3.0,182.0,106.4,40.0
296700.0,3468.964950323105,4888.0,15.0,8.600000381469727,3.0,182.0,106.4,40.0
296750.0,3469.588015794754,4888.0,15.0,8.600000381469727,3.0,182.0,106.4,40.0
296800.0,3470.207058906555,4889.0,13.0,7.800000190734863,3.0,160.0,98.0,40.0
296850.0,3470.790330171585,4889.0,13.0,7.800000190734863,3.0,160.0,98.0,40.0
296900.0,3471.390343427658,4889.0,13.0,7.800000190734863,3.0,160.0,98.0,40.0
296950.0,3472.003546476364,4889.0,13.0,7.800000190734863,3.0,160.0,98.0,40.0
297000.0,3472.5998799800873,4889.0,13.0,7.800000190734863,3.0,160.0,98.0,40.0
297050.0,3473.204868078232,4889.0,13.0,7.800000190734863,3.0,160.0,98.0,40.0
297100.0,3473.825926542282,4890.0,21.0,11.199999809265137,3.0,268.0,141.6,40.0
297150.0,3474.448456764221,4890.0,21.0,11.199999809265137,3.0,268.0,141.6,40.0
297200.0,3475.063644170761,4890.0,21.0,11.199999809265137,3.0,268.0,141.6,40.0
297250.0,3475.654224395752,4890.0,21.0,11.199999809265137,3.0,268.0,141.6,40.0
297300.0,3476.243935108185,4890.0,21.0,11.199999809265137,3.0,268.0,141.6,40.0
297350.0,3476.847047328949,4890.0,21.0,11.199999809265137,3.0,268.0,141.6,40.0
297400.0,3477.448177576065,4890.0,21.0,11.199999809265137,3.0,268.0,141.6,40.0
297450.0,3478.0371203422546,4890.0,21.0,11.199999809265137,3.0,268.0,141.6,40.0
297500.0,3478.6230025291443,4890.0,21.0,11.199999809265137,3.0,268.0,141.6,40.0
297550.0,3479.2085592746735,4890.0,21.0,11.199999809265137,3.0,268.0,141.6,40.0
297600.0,3479.816429376602,4890.0,21.0,11.199999809265137,3.0,268.0,141.6,40.0
297650.0,3480.4423863887787,4891.0,45.0,19.600000381469727,8.0,560.0,245.6,100.0
297700.0,3481.0585811138153,4892.0,45.0,19.399999618530273,7.0,560.0,242.4,84.0
297750.0,3481.6455552577972,4893.0,45.0,17.600000381469727,4.0,560.0,220.4,50.0
297800.0,3482.239093065262,4893.0,45.0,17.600000381469727,4.0,560.0,220.4,50.0
297850.0,3482.8238389492035,4894.0,45.0,16.799999237060547,4.0,560.0,210.0,50.0
297900.0,3483.408427000046,4894.0,45.0,16.799999237060547,4.0,560.0,210.0,50.0
297950.0,3483.974205970764,4895.0,45.0,14.399999618530273,4.0,560.0,178.8,50.0
298000.0,3484.55570268631,4895.0,45.0,14.399999618530273,4.0,560.0,178.8,50.0
298050.0,3485.1389544010162,4895.0,45.0,14.399999618530273,4.0,560.0,178.8,50.0
298100.0,3485.724102497101,4895.0,45.0,14.399999618530273,4.0,560.0,178.8,50.0
298150.0,3486.303459882736,4896.0,16.0,8.600000381469727,4.0,200.0,106.8,50.0
298200.0,3486.895723581314,4897.0,16.0,8.0,4.0,200.0,100.0,50.0
298250.0,3487.460700750351,4897.0,16.0,8.0,4.0,200.0,100.0,50.0
298300.0,3488.059867143631,4897.0,16.0,8.0,4.0,200.0,100.0,50.0
298350.0,3488.6617469787598,4897.0,16.0,8.0,4.0,200.0,100.0,50.0
298400.0,3489.264028072357,4897.0,16.0,8.0,4.0,200.0,100.0,50.0
298450.0,3489.8798797130585,4898.0,20.0,11.199999809265137,4.0,248.0,139.6,50.0
298500.0,3490.5003809928894,4898.0,20.0,11.199999809265137,4.0,248.0,139.6,50.0
298550.0,3491.112688302994,4898.0,20.0,11.199999809265137,4.0,248.0,139.6,50.0
298600.0,3491.6833956241608,4899.0,20.0,12.0,4.0,248.0,150.0,50.0
298650.0,3492.2678756713867,4900.0,20.0,10.600000381469727,2.0,248.0,133.2,28.0
298700.0,3492.861239671707,4901.0,20.0,8.800000190734863,2.0,248.0,110.0,28.0
298750.0,3493.4477365016937,4902.0,20.0,8.199999809265137,1.0,248.0,103.2,16.0
298800.0,3494.023741006851,4902.0,20.0,8.199999809265137,1.0,248.0,103.2,16.0
298850.0,3494.6054632663727,4903.0,11.0,6.400000095367432,1.0,140.0,80.0,16.0
298900.0,3495.224607229233,4903.0,11.0,6.400000095367432,1.0,140.0,80.0,16.0
298950.0,3495.8380992412567,4903.0,11.0,6.400000095367432,1.0,140.0,80.0,16.0
299000.0,3496.436495780945,4904.0,11.0,6.400000095367432,1.0,140.0,80.0,16.0
299050.0,3497.0046219825745,4904.0,11.0,6.400000095367432,1.0,140.0,80.0,16.0
299100.0,3497.5842587947845,4905.0,11.0,7.599999904632568,1.0,140.0,94.4,16.0
299150.0,3498.1719806194305,4906.0,11.0,6.800000190734863,1.0,140.0,85.2,16.0
299200.0,3498.765432357788,4907.0,11.0,7.400000095367432,3.0,140.0,92.0,38.0
299250.0,3499.357306241989,4908.0,11.0,6.400000095367432,3.0,140.0,80.4,38.0
299300.0,3499.9404752254486,4909.0,8.0,5.0,3.0,100.0,62.0,38.0
299350.0,3500.551595926285,4910.0,6.0,3.5999999046325684,1.0,74.0,45.6,18.0
299400.0,3501.1769869327545,4911.0,6.0,4.199999809265137,1.0,74.0,52.4,18.0
299450.0,3501.7664036750793,4913.0,6.0,3.0,1.0,72.0,38.8,18.0
299500.0,3502.3661155700684,4915.0,6.0,2.5999999046325684,1.0,72.0,35.2,22.0
299550.0,3502.9635729789734,4917.0,2.0,1.399999976158142,1.0,28.0,23.2,16.0
299600.0,3503.5592634677887,4917.0,2.0,1.399999976158142,1.0,28.0,23.2,16.0
299650.0,3504.140875816345,4918.0,7.0,2.4000000953674316,1.0,96.0,36.8,16.0
299700.0,3504.739837169647,4919.0,7.0,2.799999952316284,1.0,96.0,40.0,16.0
299750.0,3505.347558736801,4920.0,7.0,3.5999999046325684,1.0,96.0,49.2,16.0
299800.0,3505.9519181251526,4921.0,7.0,4.199999809265137,1.0,96.0,54.4,16.0
299850.0,3506.532598257065,4922.0,7.0,4.800000190734863,3.0,96.0,61.2,38.0
299900.0,3507.0836732387543,4923.0,6.0,4.199999809265137,3.0,72.0,52.0,38.0
299950.0,3507.646193265915,4924.0,6.0,4.400000095367432,4.0,72.0,54.4,50.0
300000.0,3508.2327375411987,4925.0,4.0,4.0,4.0,50.0,50.0,50.0
300050.0,3508.827254295349,4925.0,4.0,4.0,4.0,50.0,50.0,50.0
300100.0,3509.422384262085,4925.0,4.0,4.0,4.0,50.0,50.0,50.0
300150.0,3509.997665166855,4926.0,4.0,3.4000000953674316,1.0,138.0,67.6,50.0
300200.0,3510.599476337433,4926.0,4.0,3.4000000953674316,1.0,138.0,67.6,50.0
300250.0,3511.1941962242126,4927.0,4.0,2.5999999046325684,0.0,138.0,77.6,50.0
300300.0,3511.7969884872437,4927.0,4.0,2.5999999046325684,0.0,138.0,77.6,50.0
300350.0,3512.4042744636536,4927.0,4.0,2.5999999046325684,0.0,138.0,77.6,50.0
300400.0,3512.996176958084,4928.0,4.0,1.7999999523162842,0.0,165.0,100.6,50.0
300450.0,3513.608163833618,4929.0,4.0,1.0,0.0,165.0,98.8,41.0
300500.0,3514.193449497223,4929.0,4.0,1.0,0.0,165.0,98.8,41.0
300550.0,3514.7919092178345,4929.0,4.0,1.0,0.0,165.0,98.8,41.0
300600.0,3515.4126591682434,4929.0,4.0,1.0,0.0,165.0,98.8,41.0
300650.0,3516.0206916332245,4930.0,1.0,0.20000000298023224,0.0,183.0,125.4,41.0
300700.0,3516.5999217033386,4930.0,1.0,0.20000000298023224,0.0,183.0,125.4,41.0
300750.0,3517.1796119213104,4930.0,1.0,0.20000000298023224,0.0,183.0,125.4,41.0
300800.0,3517.7621834278107,4931.0,0.0,0.0,0.0,183.0,131.0,41.0
300850.0,3518.3693614006042,4931.0,0.0,0.0,0.0,183.0,131.0,41.0
300900.0,3518.969307422638,4931.0,0.0,0.0,0.0,183.0,131.0,41.0
300950.0,3519.5736730098724,4931.0,0.0,0.0,0.0,183.0,131.0,41.0
301000.0,3520.1928865909576,4931.0,0.0,0.0,0.0,183.0,131.0,41.0
301050.0,3520.8066987991333,4932.0,0.0,0.0,0.0,240.0,159.0,41.0
301100.0,3521.411711215973,4933.0,0.0,0.0,0.0,240.0,135.8,41.0
301150.0,3521.9963483810425,4934.0,0.0,0.0,0.0,240.0,137.4,49.0
301200.0,3522.581877708435,4935.0,0.0,0.0,0.0,240.0,113.2,49.0
301250.0,3523.1519210338593,4935.0,0.0,0.0,0.0,240.0,113.2,49.0
301300.0,3523.733896970749,4935.0,0.0,0.0,0.0,240.0,113.2,49.0
301350.0,3524.3296797275543,4936.0,2.0,0.4000000059604645,0.0,240.0,112.0,49.0
301400.0,3524.901608467102,4936.0,2.0,0.4000000059604645,0.0,240.0,112.0,49.0
301450.0,3525.473083972931,4937.0,2.0,0.6000000238418579,0.0,160.0,81.0,49.0
301500.0,3526.084592819214,4937.0,2.0,0.6000000238418579,0.0,160.0,81.0,49.0
301550.0,3526.7056024074554,4937.0,2.0,0.6000000238418579,0.0,160.0,81.0,49.0
301600.0,3527.2876484394073,4937.0,2.0,0.6000000238418579,0.0,160.0,81.0,49.0
301650.0,3527.8584899902344,4937.0,2.0,0.6000000238418579,0.0,160.0,81.0,49.0
301700.0,3528.4329340457916,4937.0,2.0,0.6000000238418579,0.0,160.0,81.0,49.0
301750.0,3529.022572040558,4937.0,2.0,0.6000000238418579,0.0,160.0,81.0,49.0
301800.0,3529.613893508911,4937.0,2.0,0.6000000238418579,0.0,160.0,81.0,49.0
301850.0,3530.2079260349274,4938.0,2.0,0.800000011920929,0.0,421.0,155.4,49.0
301900.0,3530.867214202881,4938.0,2.0,0.800000011920929,0.0,421.0,155.4,49.0
301950.0,3531.4924504756927,4940.0,2.0,0.800000011920929,0.0,421.0,153.6,17.0
302000.0,3532.1447525024414,4941.0,1.0,0.4000000059604645,0.0,421.0,130.0,17.0
302050.0,3532.7243180274963,4941.0,1.0,0.4000000059604645,0.0,421.0,130.0,17.0
302100.0,3533.3125009536743,4942.0,1.0,0.20000000298023224,0.0,421.0,133.0,17.0
302150.0,3533.8990592956543,4943.0,0.0,0.0,0.0,100.0,55.2,17.0
302200.0,3534.4725484848022,4943.0,0.0,0.0,0.0,100.0,55.2,17.0
302250.0,3535.051577568054,4943.0,0.0,0.0,0.0,100.0,55.2,17.0
302300.0,3535.637031316757,4943.0,0.0,0.0,0.0,100.0,55.2,17.0
302350.0,3536.2177855968475,4943.0,0.0,0.0,0.0,100.0,55.2,17.0
302400.0,3536.8058943748474,4944.0,1.0,0.20000000298023224,0.0,268.0,91.8,17.0
302450.0,3537.4042150974274,4944.0,1.0,0.20000000298023224,0.0,268.0,91.8,17.0
302500.0,3537.9964406490326,4945.0,1.0,0.20000000298023224,0.0,268.0,107.0,32.0
302550.0,3538.581899166107,4946.0,1.0,0.20000000298023224,0.0,268.0,110.6,32.0
302600.0,3539.187537908554,4947.0,1.0,0.20000000298023224,0.0,268.0,100.0,32.0
302650.0,3539.77761054039,4948.0,1.0,0.20000000298023224,0.0,268.0,103.0,47.0
302700.0,3540.368707895279,4948.0,1.0,0.20000000298023224,0.0,268.0,103.0,47.0
302750.0,3540.9724385738373,4948.0,1.0,0.20000000298023224,0.0,268.0,103.0,47.0
302800.0,3541.572046518326,4948.0,1.0,0.20000000298023224,0.0,268.0,103.0,47.0
302850.0,3542.1640906333923,4948.0,1.0,0.20000000298023224,0.0,268.0,103.0,47.0
302900.0,3542.7603454589844,4948.0,1.0,0.20000000298023224,0.0,268.0,103.0,47.0
302950.0,3543.3497149944305,4948.0,1.0,0.20000000298023224,0.0,268.0,103.0,47.0
303000.0,3543.9215075969696,4948.0,1.0,0.20000000298023224,0.0,268.0,103.0,47.0
303050.0,3544.4914531707764,4948.0,1.0,0.20000000298023224,0.0,268.0,103.0,47.0
303100.0,3545.0647337436676,4948.0,1.0,0.20000000298023224,0.0,268.0,103.0,47.0
303150.0,3545.6611437797546,4948.0,1.0,0.20000000298023224,0.0,268.0,103.0,47.0
303200.0,3546.265377521515,4949.0,3.0,0.6000000238418579,0.0,543.0,158.0,47.0
303250.0,3546.8509979248047,4949.0,3.0,0.6000000238418579,0.0,543.0,158.0,47.0
303300.0,3547.464316368103,4950.0,3.0,0.6000000238418579,0.0,543.0,155.4,47.0
303350.0,3548.0569217205048,4951.0,3.0,0.6000000238418579,0.0,543.0,155.6,47.0
303400.0,3548.6505312919617,4952.0,3.0,0.6000000238418579,0.0,543.0,154.2,40.0
303450.0,3549.2441885471344,4953.0,3.0,0.6000000238418579,0.0,543.0,160.6,40.0
303500.0,3549.842989206314,4953.0,3.0,0.6000000238418579,0.0,543.0,160.6,40.0
303550.0,3550.4432792663574,4953.0,3.0,0.6000000238418579,0.0,543.0,160.6,40.0
303600.0,3551.0364077091217,4953.0,3.0,0.6000000238418579,0.0,543.0,160.6,40.0
303650.0,3551.6326508522034,4954.0,1.0,0.20000000298023224,0.0,177.0,87.4,40.0
303700.0,3552.223695755005,4954.0,1.0,0.20000000298023224,0.0,177.0,87.4,40.0
303750.0,3552.819577693939,4954.0,1.0,0.20000000298023224,0.0,177.0,87.4,40.0
303800.0,3553.415432214737,4954.0,1.0,0.20000000298023224,0.0,177.0,87.4,40.0
303850.0,3554.0069699287415,4954.0,1.0,0.20000000298023224,0.0,177.0,87.4,40.0
303900.0,3554.6000328063965,4954.0,1.0,0.20000000298023224,0.0,177.0,87.4,40.0
303950.0,3555.156577348709,4955.0,1.0,0.4000000059604645,0.0,323.0,136.0,40.0
304000.0,3555.7338774204254,4955.0,1.0,0.4000000059604645,0.0,323.0,136.0,40.0
304050.0,3556.319900751114,4955.0,1.0,0.4000000059604645,0.0,323.0,136.0,40.0
304100.0,3556.8992421627045,4956.0,1.0,0.4000000059604645,0.0,323.0,147.8,40.0
304150.0,3557.4758625030518,4957.0,1.0,0.4000000059604645,0.0,323.0,153.8,70.0
304200.0,3558.0691664218903,4957.0,1.0,0.4000000059604645,0.0,323.0,153.8,70.0
304250.0,3558.6408870220184,4957.0,1.0,0.4000000059604645,0.0,323.0,153.8,70.0
304300.0,3559.2148995399475,4957.0,1.0,0.4000000059604645,0.0,323.0,153.8,70.0
304350.0,3559.813464164734,4957.0,1.0,0.4000000059604645,0.0,323.0,153.8,70.0
304400.0,3560.39284157753,4957.0,1.0,0.4000000059604645,0.0,323.0,153.8,70.0
304450.0,3560.9525215625763,4957.0,1.0,0.4000000059604645,0.0,323.0,153.8,70.0
304500.0,3561.52943444252,4957.0,1.0,0.4000000059604645,0.0,323.0,153.8,70.0
304550.0,3562.1171720027924,4957.0,1.0,0.4000000059604645,0.0,323.0,153.8,70.0
304600.0,3562.6969316005707,4957.0,1.0,0.4000000059604645,0.0,323.0,153.8,70.0
304650.0,3563.2905538082123,4957.0,1.0,0.4000000059604645,0.0,323.0,153.8,70.0
304700.0,3563.894479751587,4958.0,1.0,0.6000000238418579,0.0,530.0,244.0,70.0
304750.0,3564.5008976459503,4958.0,1.0,0.6000000238418579,0.0,530.0,244.0,70.0
304800.0,3565.1013157367706,4958.0,1.0,0.6000000238418579,0.0,530.0,244.0,70.0
304850.0,3565.708582639694,4958.0,1.0,0.6000000238418579,0.0,530.0,244.0,70.0
304900.0,3566.29633975029,4958.0,1.0,0.6000000238418579,0.0,530.0,244.0,70.0
304950.0,3566.865162372589,4958.0,1.0,0.6000000238418579,0.0,530.0,244.0,70.0
305000.0,3567.4456176757812,4958.0,1.0,0.6000000238418579,0.0,530.0,244.0,70.0
305050.0,3568.056338071823,4958.0,1.0,0.6000000238418579,0.0,530.0,244.0,70.0
305100.0,3568.6490716934204,4958.0,1.0,0.6000000238418579,0.0,530.0,244.0,70.0
305150.0,3569.2525713443756,4958.0,1.0,0.6000000238418579,0.0,530.0,244.0,70.0
305200.0,3569.863435983658,4958.0,1.0,0.6000000238418579,0.0,530.0,244.0,70.0
305250.0,3570.4651782512665,4958.0,1.0,0.6000000238418579,0.0,530.0,244.0,70.0
305300.0,3571.060828447342,4959.0,2.0,0.800000011920929,0.0,630.0,334.6,70.0
305350.0,3571.6606001853943,4959.0,2.0,0.800000011920929,0.0,630.0,334.6,70.0
305400.0,3572.2483422756195,4959.0,2.0,0.800000011920929,0.0,630.0,334.6,70.0
305450.0,3572.8712029457092,4959.0,2.0,0.800000011920929,0.0,630.0,334.6,70.0
305500.0,3573.4917273521423,4959.0,2.0,0.800000011920929,0.0,630.0,334.6,70.0
305550.0,3574.103934288025,4959.0,2.0,0.800000011920929,0.0,630.0,334.6,70.0
305600.0,3574.71390748024,4960.0,2.0,0.6000000238418579,0.0,630.0,325.4,70.0
305650.0,3575.3280217647552,4961.0,2.0,0.6000000238418579,0.0,630.0,310.0,43.0
305700.0,3575.9350876808167,4962.0,2.0,0.800000011920929,0.0,630.0,308.0,43.0
305750.0,3576.5290055274963,4963.0,2.0,0.6000000238418579,0.0,630.0,210.8,43.0
305800.0,3577.130197763443,4963.0,2.0,0.6000000238418579,0.0,630.0,210.8,43.0
305850.0,3577.750356912613,4963.0,2.0,0.6000000238418579,0.0,630.0,210.8,43.0
305900.0,3578.3645901679993,4963.0,2.0,0.6000000238418579,0.0,630.0,210.8,43.0
305950.0,3578.9741683006287,4963.0,2.0,0.6000000238418579,0.0,630.0,210.8,43.0
306000.0,3579.551612138748,4963.0,2.0,0.6000000238418579,0.0,630.0,210.8,43.0
306050.0,3580.140764474869,4964.0,1.0,0.20000000298023224,0.0,306.0,146.0,43.0
306100.0,3580.7154281139374,4964.0,1.0,0.20000000298023224,0.0,306.0,146.0,43.0
306150.0,3581.305324077606,4964.0,1.0,0.20000000298023224,0.0,306.0,146.0,43.0
306200.0,3581.88907790184,4964.0,1.0,0.20000000298023224,0.0,306.0,146.0,43.0
306250.0,3582.469225883484,4964.0,1.0,0.20000000298023224,0.0,306.0,146.0,43.0
306300.0,3583.0491631031036,4964.0,1.0,0.20000000298023224,0.0,306.0,146.0,43.0
306350.0,3583.6572337150574,4964.0,1.0,0.20000000298023224,0.0,306.0,146.0,43.0
306400.0,3584.2729394435883,4964.0,1.0,0.20000000298023224,0.0,306.0,146.0,43.0
306450.0,3584.8638031482697,4965.0,1.0,0.20000000298023224,0.0,405.0,171.6,43.0
306500.0,3585.4498002529144,4965.0,1.0,0.20000000298023224,0.0,405.0,171.6,43.0
306550.0,3586.043753385544,4966.0,1.0,0.20000000298023224,0.0,405.0,182.0,44.0
306600.0,3586.615692138672,4966.0,1.0,0.20000000298023224,0.0,405.0,182.0,44.0
306650.0,3587.2122066020966,4966.0,1.0,0.20000000298023224,0.0,405.0,182.0,44.0
306700.0,3587.812710762024,4966.0,1.0,0.20000000298023224,0.0,405.0,182.0,44.0
306750.0,3588.4292407035828,4966.0,1.0,0.20000000298023224,0.0,405.0,182.0,44.0
306800.0,3589.0458002090454,4966.0,1.0,0.20000000298023224,0.0,405.0,182.0,44.0
306850.0,3589.6488332748413,4966.0,1.0,0.20000000298023224,0.0,405.0,182.0,44.0
306900.0,3590.2442331314087,4966.0,1.0,0.20000000298023224,0.0,405.0,182.0,44.0
306950.0,3590.8233308792114,4966.0,1.0,0.20000000298023224,0.0,405.0,182.0,44.0
307000.0,3591.394951581955,4966.0,1.0,0.20000000298023224,0.0,405.0,182.0,44.0
307050.0,3591.9766778945923,4966.0,1.0,0.20000000298023224,0.0,405.0,182.0,44.0
307100.0,3592.558203935623,4966.0,1.0,0.20000000298023224,0.0,405.0,182.0,44.0
307150.0,3593.1519832611084,4967.0,4.0,0.800000011920929,0.0,615.0,293.0,44.0
307200.0,3593.7651855945587,4967.0,4.0,0.800000011920929,0.0,615.0,293.0,44.0
307250.0,3594.362940311432,4967.0,4.0,0.800000011920929,0.0,615.0,293.0,44.0
307300.0,3594.955151081085,4968.0,4.0,1.0,0.0,615.0,314.2,95.0
307350.0,3595.540308713913,4968.0,4.0,1.0,0.0,615.0,314.2,95.0
307400.0,3596.1388027668,4968.0,4.0,1.0,0.0,615.0,314.2,95.0
307450.0,3596.7407953739166,4968.0,4.0,1.0,0.0,615.0,314.2,95.0
307500.0,3597.3366692066193,4969.0,4.0,1.2000000476837158,0.0,615.0,291.0,95.0
307550.0,3597.9392609596252,4970.0,4.0,1.2000000476837158,0.0,615.0,221.0,55.0
307600.0,3598.5367782115936,4970.0,4.0,1.2000000476837158,0.0,615.0,221.0,55.0
307650.0,3599.125342607498,4971.0,4.0,1.2000000476837158,0.0,615.0,225.4,55.0
307700.0,3599.737664937973,4971.0,4.0,1.2000000476837158,0.0,615.0,225.4,55.0
307750.0,3600.3361942768097,4971.0,4.0,1.2000000476837158,0.0,615.0,225.4,55.0
307800.0,3600.9398460388184,4972.0,1.0,0.4000000059604645,0.0,190.0,128.0,55.0
307850.0,3601.544201850891,4972.0,1.0,0.4000000059604645,0.0,190.0,128.0,55.0
307900.0,3602.141755104065,4972.0,1.0,0.4000000059604645,0.0,190.0,128.0,55.0
307950.0,3602.7124264240265,4973.0,1.0,0.20000000298023224,0.0,190.0,128.0,55.0
308000.0,3603.2902874946594,4973.0,1.0,0.20000000298023224,0.0,190.0,128.0,55.0
308050.0,3603.901064157486,4973.0,1.0,0.20000000298023224,0.0,190.0,128.0,55.0
308100.0,3604.4911544322968,4973.0,1.0,0.20000000298023224,0.0,190.0,128.0,55.0
308150.0,3605.075586795807,4973.0,1.0,0.20000000298023224,0.0,190.0,128.0,55.0
308200.0,3605.644630432129,4974.0,1.0,0.20000000298023224,0.0,255.0,141.0,55.0
308250.0,3606.214612722397,4974.0,1.0,0.20000000298023224,0.0,255.0,141.0,55.0
308300.0,3606.7928874492645,4974.0,1.0,0.20000000298023224,0.0,255.0,141.0,55.0
308350.0,3607.384475708008,4974.0,1.0,0.20000000298023224,0.0,255.0,141.0,55.0
308400.0,3607.965826034546,4974.0,1.0,0.20000000298023224,0.0,255.0,141.0,55.0
308450.0,3608.5586829185486,4974.0,1.0,0.20000000298023224,0.0,255.0,141.0,55.0
308500.0,3609.1533830165863,4974.0,1.0,0.20000000298023224,0.0,255.0,141.0,55.0
308550.0,3609.737550497055,4974.0,1.0,0.20000000298023224,0.0,255.0,141.0,55.0
308600.0,3610.3094820976257,4975.0,2.0,0.6000000238418579,0.0,410.0,212.0,117.0
308650.0,3610.924933195114,4975.0,2.0,0.6000000238418579,0.0,410.0,212.0,117.0
308700.0,3611.518482208252,4975.0,2.0,0.6000000238418579,0.0,410.0,212.0,117.0
308750.0,3612.1176104545593,4976.0,2.0,0.6000000238418579,0.0,410.0,219.6,128.0
308800.0,3612.7083916664124,4976.0,2.0,0.6000000238418579,0.0,410.0,219.6,128.0
308850.0,3613.2859015464783,4976.0,2.0,0.6000000238418579,0.0,410.0,219.6,128.0
308900.0,3613.8788340091705,4976.0,2.0,0.6000000238418579,0.0,410.0,219.6,128.0
308950.0,3614.4811251163483,4977.0,2.0,0.6000000238418579,0.0,410.0,233.0,150.0
309000.0,3615.0686480998993,4977.0,2.0,0.6000000238418579,0.0,410.0,233.0,150.0
309050.0,3615.6643509864807,4977.0,2.0,0.6000000238418579,0.0,410.0,233.0,150.0
309100.0,3616.2623374462128,4978.0,2.0,0.800000011920929,0.0,410.0,233.0,150.0
309150.0,3616.872457265854,4978.0,2.0,0.800000011920929,0.0,410.0,233.0,150.0
309200.0,3617.473390340805,4978.0,2.0,0.800000011920929,0.0,410.0,233.0,150.0
309250.0,3618.0819003582,4978.0,2.0,0.800000011920929,0.0,410.0,233.0,150.0
309300.0,3618.677312850952,4978.0,2.0,0.800000011920929,0.0,410.0,233.0,150.0
309350.0,3619.250749349594,4978.0,2.0,0.800000011920929,0.0,410.0,233.0,150.0
309400.0,3619.824450969696,4978.0,2.0,0.800000011920929,0.0,410.0,233.0,150.0
309450.0,3620.4070098400116,4978.0,2.0,0.800000011920929,0.0,410.0,233.0,150.0
309500.0,3621.0088646411896,4978.0,2.0,0.800000011920929,0.0,410.0,233.0,150.0
309550.0,3621.6095275878906,4979.0,2.0,0.800000011920929,0.0,440.0,270.0,150.0
309600.0,3622.1973674297333,4981.0,1.0,0.4000000059604645,0.0,440.0,169.2,11.0
309650.0,3622.7893846035004,4981.0,1.0,0.4000000059604645,0.0,440.0,169.2,11.0
309700.0,3623.3928871154785,4982.0,1.0,0.4000000059604645,0.0,440.0,144.2,11.0
309750.0,3623.984234571457,4982.0,1.0,0.4000000059604645,0.0,440.0,144.2,11.0
309800.0,3624.576924800873,4982.0,1.0,0.4000000059604645,0.0,440.0,144.2,11.0
309850.0,3625.177228450775,4982.0,1.0,0.4000000059604645,0.0,440.0,144.2,11.0
309900.0,3625.788887500763,4982.0,1.0,0.4000000059604645,0.0,440.0,144.2,11.0
309950.0,3626.3883221149445,4982.0,1.0,0.4000000059604645,0.0,440.0,144.2,11.0
310000.0,3626.973283290863,4982.0,1.0,0.4000000059604645,0.0,440.0,144.2,11.0
310050.0,3627.553633928299,4982.0,1.0,0.4000000059604645,0.0,440.0,144.2,11.0
310100.0,3628.147964954376,4983.0,1.0,0.4000000059604645,0.0,440.0,196.0,11.0
310150.0,3628.732232093811,4983.0,1.0,0.4000000059604645,0.0,440.0,196.0,11.0
310200.0,3629.3221962451935,4983.0,1.0,0.4000000059604645,0.0,440.0,196.0,11.0
310250.0,3629.9219410419464,4983.0,1.0,0.4000000059604645,0.0,440.0,196.0,11.0
310300.0,3630.5430908203125,4983.0,1.0,0.4000000059604645,0.0,440.0,196.0,11.0
310350.0,3631.1687154769897,4983.0,1.0,0.4000000059604645,0.0,440.0,196.0,11.0
310400.0,3631.777197599411,4983.0,1.0,0.4000000059604645,0.0,440.0,196.0,11.0
310450.0,3632.378585577011,4983.0,1.0,0.4000000059604645,0.0,440.0,196.0,11.0
310500.0,3632.97256398201,4983.0,1.0,0.4000000059604645,0.0,440.0,196.0,11.0
310550.0,3633.5766971111298,4983.0,1.0,0.4000000059604645,0.0,440.0,196.0,11.0
310600.0,3634.1759083271027,4983.0,1.0,0.4000000059604645,0.0,440.0,196.0,11.0
310650.0,3634.768704175949,4984.0,1.0,0.4000000059604645,0.0,540.0,216.0,11.0
310700.0,3635.3883147239685,4984.0,1.0,0.4000000059604645,0.0,540.0,216.0,11.0
310750.0,3636.0168557167053,4984.0,1.0,0.4000000059604645,0.0,540.0,216.0,11.0
310800.0,3636.633549451828,4985.0,1.0,0.4000000059604645,0.0,540.0,237.4,11.0
310850.0,3637.2293434143066,4985.0,1.0,0.4000000059604645,0.0,540.0,237.4,11.0
310900.0,3637.8247005939484,4986.0,1.0,0.6000000238418579,0.0,540.0,258.8,70.0
310950.0,3638.4059472084045,4986.0,1.0,0.6000000238418579,0.0,540.0,258.8,70.0
311000.0,3638.992146253586,4986.0,1.0,0.6000000238418579,0.0,540.0,258.8,70.0
311050.0,3639.563325405121,4986.0,1.0,0.6000000238418579,0.0,540.0,258.8,70.0
311100.0,3640.1314764022827,4986.0,1.0,0.6000000238418579,0.0,540.0,258.8,70.0
311150.0,3640.719433069229,4986.0,1.0,0.6000000238418579,0.0,540.0,258.8,70.0
311200.0,3641.340707540512,4986.0,1.0,0.6000000238418579,0.0,540.0,258.8,70.0
311250.0,3641.961617708206,4986.0,1.0,0.6000000238418579,0.0,540.0,258.8,70.0
311300.0,3642.57549905777,4986.0,1.0,0.6000000238418579,0.0,540.0,258.8,70.0
311350.0,3643.16805434227,4986.0,1.0,0.6000000238418579,0.0,540.0,258.8,70.0
311400.0,3643.767038822174,4986.0,1.0,0.6000000238418579,0.0,540.0,258.8,70.0
311450.0,3644.372809648514,4986.0,1.0,0.6000000238418579,0.0,540.0,258.8,70.0
311500.0,3644.9677617549896,4986.0,1.0,0.6000000238418579,0.0,540.0,258.8,70.0
311550.0,3645.5728945732117,4986.0,1.0,0.6000000238418579,0.0,540.0,258.8,70.0
311600.0,3646.193020582199,4987.0,1.0,0.6000000238418579,0.0,675.0,379.8,118.0
311650.0,3646.7956755161285,4987.0,1.0,0.6000000238418579,0.0,675.0,379.8,118.0
311700.0,3647.3936042785645,4988.0,1.0,0.6000000238418579,0.0,675.0,324.0,118.0
311750.0,3647.9737153053284,4988.0,1.0,0.6000000238418579,0.0,675.0,324.0,118.0
311800.0,3648.5640609264374,4988.0,1.0,0.6000000238418579,0.0,675.0,324.0,118.0
311850.0,3649.1519627571106,4988.0,1.0,0.6000000238418579,0.0,675.0,324.0,118.0
311900.0,3649.7330667972565,4988.0,1.0,0.6000000238418579,0.0,675.0,324.0,118.0
311950.0,3650.3025221824646,4988.0,1.0,0.6000000238418579,0.0,675.0,324.0,118.0
312000.0,3650.8880105018616,4988.0,1.0,0.6000000238418579,0.0,675.0,324.0,118.0
312050.0,3651.4773194789886,4988.0,1.0,0.6000000238418579,0.0,675.0,324.0,118.0
312100.0,3652.079959630966,4988.0,1.0,0.6000000238418579,0.0,675.0,324.0,118.0
312150.0,3652.665991783142,4988.0,1.0,0.6000000238418579,0.0,675.0,324.0,118.0
312200.0,3653.2557244300842,4988.0,1.0,0.6000000238418579,0.0,675.0,324.0,118.0
312250.0,3653.8460655212402,4988.0,1.0,0.6000000238418579,0.0,675.0,324.0,118.0
312300.0,3654.4448099136353,4989.0,2.0,0.800000011920929,0.0,675.0,336.0,118.0
312350.0,3655.0379593372345,4990.0,2.0,0.800000011920929,0.0,675.0,313.0,42.0
312400.0,3655.625296354294,4990.0,2.0,0.800000011920929,0.0,675.0,313.0,42.0
312450.0,3656.2141511440277,4990.0,2.0,0.800000011920929,0.0,675.0,313.0,42.0
312500.0,3656.795470237732,4990.0,2.0,0.800000011920929,0.0,675.0,313.0,42.0
312550.0,3657.4014370441437,4990.0,2.0,0.800000011920929,0.0,675.0,313.0,42.0
312600.0,3658.0047466754913,4990.0,2.0,0.800000011920929,0.0,675.0,313.0,42.0
312650.0,3658.5773537158966,4991.0,2.0,1.0,0.0,675.0,349.0,42.0
312700.0,3659.150121688843,4991.0,2.0,1.0,0.0,675.0,349.0,42.0
312750.0,3659.7409732341766,4992.0,2.0,1.0,0.0,600.0,231.0,42.0
312800.0,3660.3414537906647,4992.0,2.0,1.0,0.0,600.0,231.0,42.0
312850.0,3660.9398279190063,4993.0,2.0,0.800000011920929,0.0,600.0,228.0,42.0
312900.0,3661.517155647278,4993.0,2.0,0.800000011920929,0.0,600.0,228.0,42.0
312950.0,3662.1231439113617,4993.0,2.0,0.800000011920929,0.0,600.0,228.0,42.0
313000.0,3662.722514152527,4993.0,2.0,0.800000011920929,0.0,600.0,228.0,42.0
313050.0,3663.3223271369934,4993.0,2.0,0.800000011920929,0.0,600.0,228.0,42.0
313100.0,3663.9265973567963,4993.0,2.0,0.800000011920929,0.0,600.0,228.0,42.0
313150.0,3664.5225672721863,4993.0,2.0,0.800000011920929,0.0,600.0,228.0,42.0
313200.0,3665.1320447921753,4994.0,2.0,0.800000011920929,0.0,364.0,180.8,42.0
313250.0,3665.7404901981354,4994.0,2.0,0.800000011920929,0.0,364.0,180.8,42.0
313300.0,3666.319219350815,4994.0,2.0,0.800000011920929,0.0,364.0,180.8,42.0
313350.0,3666.9001195430756,4994.0,2.0,0.800000011920929,0.0,364.0,180.8,42.0
313400.0,3667.483491420746,4994.0,2.0,0.800000011920929,0.0,364.0,180.8,42.0
313450.0,3668.0614404678345,4995.0,2.0,1.0,0.0,364.0,216.6,85.0
313500.0,3668.6413173675537,4995.0,2.0,1.0,0.0,364.0,216.6,85.0
313550.0,3669.21617269516,4996.0,2.0,0.6000000238418579,0.0,364.0,182.4,85.0
313600.0,3669.8011910915375,4996.0,2.0,0.6000000238418579,0.0,364.0,182.4,85.0
313650.0,3670.396479845047,4996.0,2.0,0.6000000238418579,0.0,364.0,182.4,85.0
313700.0,3670.9904572963715,4996.0,2.0,0.6000000238418579,0.0,364.0,182.4,85.0
313750.0,3671.5796625614166,4996.0,2.0,0.6000000238418579,0.0,364.0,182.4,85.0
313800.0,3672.164818763733,4996.0,2.0,0.6000000238418579,0.0,364.0,182.4,85.0
313850.0,3672.7723546028137,4997.0,2.0,0.6000000238418579,0.0,364.0,221.4,115.0
313900.0,3673.3505856990814,4997.0,2.0,0.6000000238418579,0.0,364.0,221.4,115.0
313950.0,3673.9229798316956,4997.0,2.0,0.6000000238418579,0.0,364.0,221.4,115.0
314000.0,3674.4959654808044,4998.0,2.0,0.6000000238418579,0.0,364.0,229.8,127.0
314050.0,3675.078639984131,4998.0,2.0,0.6000000238418579,0.0,364.0,229.8,127.0
314100.0,3675.6592116355896,4999.0,1.0,0.4000000059604645,0.0,280.0,178.2,106.0
314150.0,3676.227216720581,4999.0,1.0,0.4000000059604645,0.0,280.0,178.2,106.0
314200.0,3676.8151001930237,4999.0,1.0,0.4000000059604645,0.0,280.0,178.2,106.0
314250.0,3677.417501926422,4999.0,1.0,0.4000000059604645,0.0,280.0,178.2,106.0
314300.0,3678.0000960826874,5000.0,1.0,0.20000000298023224,0.0,280.0,170.4,106.0
314350.0,3678.6043820381165,5001.0,1.0,0.4000000059604645,0.0,280.0,159.2,71.0
314400.0,3679.1652948856354,5001.0,1.0,0.4000000059604645,0.0,280.0,159.2,71.0
314450.0,3679.7255070209503,5002.0,1.0,0.4000000059604645,0.0,182.0,121.6,71.0
314500.0,3680.281081199646,5002.0,1.0,0.4000000059604645,0.0,182.0,121.6,71.0
314550.0,3680.833841562271,5003.0,1.0,0.4000000059604645,0.0,182.0,108.2,71.0
314600.0,3681.3951230049133,5004.0,1.0,0.20000000298023224,0.0,182.0,100.2,66.0
314650.0,3681.952481031418,5004.0,1.0,0.20000000298023224,0.0,182.0,100.2,66.0
314700.0,3682.5416090488434,5004.0,1.0,0.20000000298023224,0.0,182.0,100.2,66.0
314750.0,3683.108076095581,5005.0,1.0,0.20000000298023224,0.0,129.0,89.6,66.0
314800.0,3683.682056427002,5005.0,1.0,0.20000000298023224,0.0,129.0,89.6,66.0
314850.0,3684.2760965824127,5005.0,1.0,0.20000000298023224,0.0,129.0,89.6,66.0
314900.0,3684.8394844532013,5005.0,1.0,0.20000000298023224,0.0,129.0,89.6,66.0
314950.0,3685.399855852127,5005.0,1.0,0.20000000298023224,0.0,129.0,89.6,66.0
315000.0,3685.969240427017,5006.0,1.0,0.20000000298023224,0.0,275.0,130.4,66.0
315050.0,3686.541751384735,5006.0,1.0,0.20000000298023224,0.0,275.0,130.4,66.0
315100.0,3687.11635017395,5006.0,1.0,0.20000000298023224,0.0,275.0,130.4,66.0
315150.0,3687.6880333423615,5007.0,1.0,0.4000000059604645,0.0,275.0,137.0,66.0
315200.0,3688.2726097106934,5008.0,1.0,0.4000000059604645,0.0,275.0,130.0,55.0
315250.0,3688.860946416855,5008.0,1.0,0.4000000059604645,0.0,275.0,130.0,55.0
315300.0,3689.4677612781525,5008.0,1.0,0.4000000059604645,0.0,275.0,130.0,55.0
315350.0,3690.0486125946045,5008.0,1.0,0.4000000059604645,0.0,275.0,130.0,55.0
315400.0,3690.64102602005,5008.0,1.0,0.4000000059604645,0.0,275.0,130.0,55.0
315450.0,3691.231679201126,5008.0,1.0,0.4000000059604645,0.0,275.0,130.0,55.0
315500.0,3691.814412355423,5008.0,1.0,0.4000000059604645,0.0,275.0,130.0,55.0
315550.0,3692.4023451805115,5008.0,1.0,0.4000000059604645,0.0,275.0,130.0,55.0
315600.0,3693.0099165439606,5008.0,1.0,0.4000000059604645,0.0,275.0,130.0,55.0
315650.0,3693.609996318817,5008.0,1.0,0.4000000059604645,0.0,275.0,130.0,55.0
315700.0,3694.1656963825226,5008.0,1.0,0.4000000059604645,0.0,275.0,130.0,55.0
315750.0,3694.737811088562,5008.0,1.0,0.4000000059604645,0.0,275.0,130.0,55.0
315800.0,3695.316293478012,5008.0,1.0,0.4000000059604645,0.0,275.0,130.0,55.0
315850.0,3695.897380590439,5008.0,1.0,0.4000000059604645,0.0,275.0,130.0,55.0
315900.0,3696.4741089344025,5009.0,2.0,0.800000011920929,0.0,696.0,256.0,55.0
315950.0,3697.0661561489105,5009.0,2.0,0.800000011920929,0.0,696.0,256.0,55.0
316000.0,3697.639723777771,5009.0,2.0,0.800000011920929,0.0,696.0,256.0,55.0
316050.0,3698.2357516288757,5009.0,2.0,0.800000011920929,0.0,696.0,256.0,55.0
316100.0,3698.810951948166,5009.0,2.0,0.800000011920929,0.0,696.0,256.0,55.0
316150.0,3699.386819124222,5009.0,2.0,0.800000011920929,0.0,696.0,256.0,55.0
316200.0,3699.9604918956757,5009.0,2.0,0.800000011920929,0.0,696.0,256.0,55.0
316250.0,3700.5455639362335,5009.0,2.0,0.800000011920929,0.0,696.0,256.0,55.0
316300.0,3701.1162674427032,5009.0,2.0,0.800000011920929,0.0,696.0,256.0,55.0
316350.0,3701.6794862747192,5010.0,3.0,1.399999976158142,0.0,696.0,322.0,55.0
316400.0,3702.2750475406647,5010.0,3.0,1.399999976158142,0.0,696.0,322.0,55.0
316450.0,3702.8653552532196,5010.0,3.0,1.399999976158142,0.0,696.0,322.0,55.0
316500.0,3703.427810907364,5010.0,3.0,1.399999976158142,0.0,696.0,322.0,55.0
316550.0,3703.9918870925903,5010.0,3.0,1.399999976158142,0.0,696.0,322.0,55.0
316600.0,3704.576676130295,5010.0,3.0,1.399999976158142,0.0,696.0,322.0,55.0
316650.0,3705.1657779216766,5010.0,3.0,1.399999976158142,0.0,696.0,322.0,55.0
316700.0,3705.7510771751404,5010.0,3.0,1.399999976158142,0.0,696.0,322.0,55.0
316750.0,3706.3217754364014,5010.0,3.0,1.399999976158142,0.0,696.0,322.0,55.0
316800.0,3706.8932769298553,5010.0,3.0,1.399999976158142,0.0,696.0,322.0,55.0
316850.0,3707.478315591812,5011.0,3.0,1.7999999523162842,0.0,696.0,364.0,55.0
316900.0,3708.0719046592712,5012.0,3.0,1.600000023841858,0.0,696.0,353.0,55.0
316950.0,3708.664503097534,5012.0,3.0,1.600000023841858,0.0,696.0,353.0,55.0
317000.0,3709.2520320415497,5013.0,3.0,2.0,0.0,696.0,360.6,70.0
317050.0,3709.8281688690186,5014.0,3.0,1.600000023841858,0.0,485.0,233.4,60.0
317100.0,3710.4096002578735,5015.0,3.0,1.2000000476837158,0.0,485.0,151.0,47.0
317150.0,3710.9817955493927,5015.0,3.0,1.2000000476837158,0.0,485.0,151.0,47.0
317200.0,3711.5720613002777,5015.0,3.0,1.2000000476837158,0.0,485.0,151.0,47.0
317250.0,3712.1453289985657,5015.0,3.0,1.2000000476837158,0.0,485.0,151.0,47.0
317300.0,3712.709099292755,5015.0,3.0,1.2000000476837158,0.0,485.0,151.0,47.0
317350.0,3713.296130657196,5015.0,3.0,1.2000000476837158,0.0,485.0,151.0,47.0
317400.0,3713.871551990509,5015.0,3.0,1.2000000476837158,0.0,485.0,151.0,47.0
317450.0,3714.4339504241943,5015.0,3.0,1.2000000476837158,0.0,485.0,151.0,47.0
317500.0,3715.0070519447327,5015.0,3.0,1.2000000476837158,0.0,485.0,151.0,47.0
317550.0,3715.57244682312,5015.0,3.0,1.2000000476837158,0.0,485.0,151.0,47.0
317600.0,3716.155541419983,5015.0,3.0,1.2000000476837158,0.0,485.0,151.0,47.0
317650.0,3716.7382876873016,5015.0,3.0,1.2000000476837158,0.0,485.0,151.0,47.0
317700.0,3717.3202142715454,5015.0,3.0,1.2000000476837158,0.0,485.0,151.0,47.0
317750.0,3717.8883469104767,5016.0,2.0,0.6000000238418579,0.0,660.0,186.0,47.0
317800.0,3718.4556386470795,5016.0,2.0,0.6000000238418579,0.0,660.0,186.0,47.0
317850.0,3719.015260219574,5016.0,2.0,0.6000000238418579,0.0,660.0,186.0,47.0
317900.0,3719.579852104187,5017.0,2.0,1.0,0.0,660.0,203.2,47.0
317950.0,3720.152886390686,5018.0,2.0,0.6000000238418579,0.0,660.0,190.4,29.0
318000.0,3720.7317366600037,5018.0,2.0,0.6000000238418579,0.0,660.0,190.4,29.0
318050.0,3721.3042137622833,5018.0,2.0,0.6000000238418579,0.0,660.0,190.4,29.0
318100.0,3721.869038581848,5018.0,2.0,0.6000000238418579,0.0,660.0,190.4,29.0
318150.0,3722.444925069809,5018.0,2.0,0.6000000238418579,0.0,660.0,190.4,29.0
318200.0,3723.0250663757324,5018.0,2.0,0.6000000238418579,0.0,660.0,190.4,29.0
318250.0,3723.623836517334,5019.0,2.0,0.6000000238418579,0.0,660.0,237.0,29.0
318300.0,3724.204607963562,5020.0,2.0,0.6000000238418579,0.0,660.0,243.0,29.0
318350.0,3724.7848761081696,5021.0,2.0,0.6000000238418579,0.0,293.0,118.4,29.0
318400.0,3725.364040851593,5021.0,2.0,0.6000000238418579,0.0,293.0,118.4,29.0
318450.0,3725.9257793426514,5022.0,1.0,0.20000000298023224,0.0,293.0,104.8,29.0
318500.0,3726.4894502162933,5022.0,1.0,0.20000000298023224,0.0,293.0,104.8,29.0
318550.0,3727.0685682296753,5023.0,1.0,0.20000000298023224,0.0,293.0,124.0,37.0
318600.0,3727.6527864933014,5023.0,1.0,0.20000000298023224,0.0,293.0,124.0,37.0
318650.0,3728.2425792217255,5023.0,1.0,0.20000000298023224,0.0,293.0,124.0,37.0
318700.0,3728.8114569187164,5025.0,0.0,0.0,0.0,129.0,80.0,21.0
318750.0,3729.372540473938,5025.0,0.0,0.0,0.0,129.0,80.0,21.0
318800.0,3729.9388332366943,5026.0,0.0,0.0,0.0,129.0,87.4,21.0
318850.0,3730.5121989250183,5026.0,0.0,0.0,0.0,129.0,87.4,21.0
318900.0,3731.08198928833,5026.0,0.0,0.0,0.0,129.0,87.4,21.0
318950.0,3731.6613388061523,5026.0,0.0,0.0,0.0,129.0,87.4,21.0
319000.0,3732.233293771744,5026.0,0.0,0.0,0.0,129.0,87.4,21.0
319050.0,3732.7929441928864,5026.0,0.0,0.0,0.0,129.0,87.4,21.0
319100.0,3733.360116958618,5027.0,2.0,0.4000000059604645,0.0,309.0,131.6,21.0
319150.0,3733.951237678528,5027.0,2.0,0.4000000059604645,0.0,309.0,131.6,21.0
319200.0,3734.5174872875214,5027.0,2.0,0.4000000059604645,0.0,309.0,131.6,21.0
319250.0,3735.0868303775787,5027.0,2.0,0.4000000059604645,0.0,309.0,131.6,21.0
319300.0,3735.6536417007446,5028.0,2.0,0.6000000238418579,0.0,309.0,143.0,21.0
319350.0,3736.2232642173767,5028.0,2.0,0.6000000238418579,0.0,309.0,143.0,21.0
319400.0,3736.7894909381866,5028.0,2.0,0.6000000238418579,0.0,309.0,143.0,21.0
319450.0,3737.3536455631256,5028.0,2.0,0.6000000238418579,0.0,309.0,143.0,21.0
319500.0,3737.9221427440643,5028.0,2.0,0.6000000238418579,0.0,309.0,143.0,21.0
319550.0,3738.4991528987885,5030.0,2.0,0.800000011920929,0.0,309.0,169.2,31.0
319600.0,3739.0699348449707,5030.0,2.0,0.800000011920929,0.0,309.0,169.2,31.0
319650.0,3739.6483187675476,5030.0,2.0,0.800000011920929,0.0,309.0,169.2,31.0
319700.0,3740.199610710144,5030.0,2.0,0.800000011920929,0.0,309.0,169.2,31.0
319750.0,3740.7675926685333,5030.0,2.0,0.800000011920929,0.0,309.0,169.2,31.0
319800.0,3741.3543593883514,5030.0,2.0,0.800000011920929,0.0,309.0,169.2,31.0
319850.0,3741.9341905117035,5030.0,2.0,0.800000011920929,0.0,309.0,169.2,31.0
319900.0,3742.514812231064,5031.0,2.0,1.0,0.0,323.0,219.0,31.0
319950.0,3743.106633901596,5031.0,2.0,1.0,0.0,323.0,219.0,31.0
320000.0,3743.7012555599213,5031.0,2.0,1.0,0.0,323.0,219.0,31.0
320050.0,3744.286038160324,5032.0,1.0,0.800000011920929,0.0,323.0,194.0,31.0
320100.0,3744.8568048477173,5033.0,1.0,0.6000000238418579,0.0,323.0,164.0,31.0
320150.0,3745.42484664917,5034.0,1.0,0.4000000059604645,0.0,323.0,124.0,31.0
320200.0,3746.000716686249,5034.0,1.0,0.4000000059604645,0.0,323.0,124.0,31.0
320250.0,3746.571021080017,5034.0,1.0,0.4000000059604645,0.0,323.0,124.0,31.0
320300.0,3747.1348671913147,5034.0,1.0,0.4000000059604645,0.0,323.0,124.0,31.0
320350.0,3747.700113773346,5034.0,1.0,0.4000000059604645,0.0,323.0,124.0,31.0
320400.0,3748.279228925705,5034.0,1.0,0.4000000059604645,0.0,323.0,124.0,31.0
320450.0,3748.864623069763,5035.0,2.0,0.800000011920929,0.0,323.0,175.8,32.0
320500.0,3749.4285204410553,5036.0,2.0,0.6000000238418579,0.0,290.0,121.2,32.0
320550.0,3750.0050642490387,5036.0,2.0,0.6000000238418579,0.0,290.0,121.2,32.0
320600.0,3750.603541135788,5036.0,2.0,0.6000000238418579,0.0,290.0,121.2,32.0
320650.0,3751.192041873932,5036.0,2.0,0.6000000238418579,0.0,290.0,121.2,32.0
320700.0,3751.7811663150787,5036.0,2.0,0.6000000238418579,0.0,290.0,121.2,32.0
320750.0,3752.3661394119263,5037.0,2.0,0.4000000059604645,0.0,290.0,137.4,32.0
320800.0,3752.9376385211945,5038.0,2.0,0.4000000059604645,0.0,290.0,141.0,50.0
320850.0,3753.5112719535828,5038.0,2.0,0.4000000059604645,0.0,290.0,141.0,50.0
320900.0,3754.091883420944,5039.0,2.0,0.4000000059604645,0.0,290.0,151.4,50.0
320950.0,3754.6792702674866,5039.0,2.0,0.4000000059604645,0.0,290.0,151.4,50.0
321000.0,3755.262861728668,5039.0,2.0,0.4000000059604645,0.0,290.0,151.4,50.0
321050.0,3755.851504087448,5040.0,1.0,0.20000000298023224,0.0,265.0,125.6,50.0
321100.0,3756.432814836502,5040.0,1.0,0.20000000298023224,0.0,265.0,125.6,50.0
321150.0,3757.01712846756,5040.0,1.0,0.20000000298023224,0.0,265.0,125.6,50.0
321200.0,3757.5907917022705,5040.0,1.0,0.20000000298023224,0.0,265.0,125.6,50.0
321250.0,3758.1666367053986,5041.0,1.0,0.4000000059604645,0.0,265.0,152.6,50.0
321300.0,3758.734689950943,5041.0,1.0,0.4000000059604645,0.0,265.0,152.6,50.0
321350.0,3759.3019168376923,5041.0,1.0,0.4000000059604645,0.0,265.0,152.6,50.0
321400.0,3759.8589866161346,5041.0,1.0,0.4000000059604645,0.0,265.0,152.6,50.0
321450.0,3760.4276826381683,5042.0,1.0,0.6000000238418579,0.0,199.0,139.4,50.0
321500.0,3761.001923084259,5043.0,1.0,0.6000000238418579,0.0,199.0,138.2,44.0
321550.0,3761.558531999588,5043.0,1.0,0.6000000238418579,0.0,199.0,138.2,44.0
321600.0,3762.11576795578,5044.0,1.0,0.6000000238418579,0.0,199.0,140.6,44.0
321650.0,3762.6847774982452,5044.0,1.0,0.6000000238418579,0.0,199.0,140.6,44.0
321700.0,3763.268654823303,5045.0,1.0,0.4000000059604645,0.0,199.0,127.4,44.0
321750.0,3763.844493865967,5045.0,1.0,0.4000000059604645,0.0,199.0,127.4,44.0
321800.0,3764.4241728782654,5045.0,1.0,0.4000000059604645,0.0,199.0,127.4,44.0
321850.0,3765.002119541168,5045.0,1.0,0.4000000059604645,0.0,199.0,127.4,44.0
321900.0,3765.5813369750977,5045.0,1.0,0.4000000059604645,0.0,199.0,127.4,44.0
321950.0,3766.138249874115,5045.0,1.0,0.4000000059604645,0.0,199.0,127.4,44.0
322000.0,3766.6946415901184,5045.0,1.0,0.4000000059604645,0.0,199.0,127.4,44.0
322050.0,3767.278881788254,5046.0,1.0,0.20000000298023224,0.0,355.0,161.4,44.0
322100.0,3767.84459900856,5046.0,1.0,0.20000000298023224,0.0,355.0,161.4,44.0
322150.0,3768.406097173691,5046.0,1.0,0.20000000298023224,0.0,355.0,161.4,44.0
322200.0,3768.9602596759796,5047.0,0.0,0.0,0.0,355.0,149.0,44.0
322250.0,3769.521172761917,5048.0,0.0,0.0,0.0,355.0,147.8,38.0
322300.0,3770.0990850925446,5048.0,0.0,0.0,0.0,355.0,147.8,38.0
322350.0,3770.6680505275726,5049.0,0.0,0.0,0.0,355.0,146.6,38.0
322400.0,3771.2327361106873,5049.0,0.0,0.0,0.0,355.0,146.6,38.0
322450.0,3771.7878470420837,5049.0,0.0,0.0,0.0,355.0,146.6,38.0
322500.0,3772.354880332947,5049.0,0.0,0.0,0.0,355.0,146.6,38.0
322550.0,3772.9400227069855,5049.0,0.0,0.0,0.0,355.0,146.6,38.0
322600.0,3773.525250673294,5049.0,0.0,0.0,0.0,355.0,146.6,38.0
322650.0,3774.081310749054,5049.0,0.0,0.0,0.0,355.0,146.6,38.0
322700.0,3774.6593186855316,5049.0,0.0,0.0,0.0,355.0,146.6,38.0
322750.0,3775.226828098297,5050.0,1.0,0.20000000298023224,0.0,417.0,211.0,38.0
322800.0,3775.7975533008575,5050.0,1.0,0.20000000298023224,0.0,417.0,211.0,38.0
322850.0,3776.3580679893494,5050.0,1.0,0.20000000298023224,0.0,417.0,211.0,38.0
322900.0,3776.9121890068054,5050.0,1.0,0.20000000298023224,0.0,417.0,211.0,38.0
322950.0,3777.4829001426697,5050.0,1.0,0.20000000298023224,0.0,417.0,211.0,38.0
323000.0,3778.04803609848,5051.0,2.0,0.6000000238418579,0.0,417.0,186.0,38.0
323050.0,3778.60777759552,5051.0,2.0,0.6000000238418579,0.0,417.0,186.0,38.0
323100.0,3779.171980857849,5052.0,2.0,0.800000011920929,0.0,417.0,182.8,38.0
323150.0,3779.7388637065887,5052.0,2.0,0.800000011920929,0.0,417.0,182.8,38.0
323200.0,3780.3073461055756,5052.0,2.0,0.800000011920929,0.0,417.0,182.8,38.0
323250.0,3780.8771131038666,5052.0,2.0,0.800000011920929,0.0,417.0,182.8,38.0
323300.0,3781.4593334198,5053.0,2.0,0.800000011920929,0.0,417.0,212.0,108.0
323350.0,3782.0374948978424,5053.0,2.0,0.800000011920929,0.0,417.0,212.0,108.0
323400.0,3782.625311613083,5053.0,2.0,0.800000011920929,0.0,417.0,212.0,108.0
323450.0,3783.1965754032135,5053.0,2.0,0.800000011920929,0.0,417.0,212.0,108.0
323500.0,3783.7582972049713,5053.0,2.0,0.800000011920929,0.0,417.0,212.0,108.0
323550.0,3784.3202950954437,5053.0,2.0,0.800000011920929,0.0,417.0,212.0,108.0
323600.0,3784.900911092758,5053.0,2.0,0.800000011920929,0.0,417.0,212.0,108.0
323650.0,3785.4767916202545,5054.0,2.0,0.800000011920929,0.0,417.0,259.4,121.0
323700.0,3786.0376315116882,5055.0,2.0,0.6000000238418579,0.0,345.0,191.0,75.0
323750.0,3786.592370033264,5056.0,1.0,0.20000000298023224,0.0,345.0,148.6,18.0
323800.0,3787.148807287216,5056.0,1.0,0.20000000298023224,0.0,345.0,148.6,18.0
323850.0,3787.715346813202,5056.0,1.0,0.20000000298023224,0.0,345.0,148.6,18.0
323900.0,3788.287817955017,5056.0,1.0,0.20000000298023224,0.0,345.0,148.6,18.0
323950.0,3788.854548215866,5056.0,1.0,0.20000000298023224,0.0,345.0,148.6,18.0
324000.0,3789.4284360408783,5056.0,1.0,0.20000000298023224,0.0,345.0,148.6,18.0
324050.0,3790.0097625255585,5056.0,1.0,0.20000000298023224,0.0,345.0,148.6,18.0
324100.0,3790.5819132328033,5056.0,1.0,0.20000000298023224,0.0,345.0,148.6,18.0
324150.0,3791.1625957489014,5056.0,1.0,0.20000000298023224,0.0,345.0,148.6,18.0
324200.0,3791.7439913749695,5056.0,1.0,0.20000000298023224,0.0,345.0,148.6,18.0
324250.0,3792.348937034607,5056.0,1.0,0.20000000298023224,0.0,345.0,148.6,18.0
324300.0,3792.9163291454315,5056.0,1.0,0.20000000298023224,0.0,345.0,148.6,18.0
324350.0,3793.5090794563293,5056.0,1.0,0.20000000298023224,0.0,345.0,148.6,18.0
324400.0,3794.1009786129,5056.0,1.0,0.20000000298023224,0.0,345.0,148.6,18.0
324450.0,3794.693583250046,5056.0,1.0,0.20000000298023224,0.0,345.0,148.6,18.0
324500.0,3795.281912088394,5056.0,1.0,0.20000000298023224,0.0,345.0,148.6,18.0
324550.0,3795.871559381485,5056.0,1.0,0.20000000298023224,0.0,345.0,148.6,18.0
324600.0,3796.4609072208405,5056.0,1.0,0.20000000298023224,0.0,345.0,148.6,18.0
324650.0,3797.048884153366,5057.0,1.0,0.20000000298023224,0.0,907.0,305.8,18.0
324700.0,3797.6382892131805,5057.0,1.0,0.20000000298023224,0.0,907.0,305.8,18.0
324750.0,3798.232965707779,5058.0,1.0,0.20000000298023224,0.0,907.0,289.0,18.0
324800.0,3798.8324534893036,5059.0,1.0,0.20000000298023224,0.0,907.0,232.0,18.0
324850.0,3799.4245319366455,5059.0,1.0,0.20000000298023224,0.0,907.0,232.0,18.0
324900.0,3800.0076942443848,5059.0,1.0,0.20000000298023224,0.0,907.0,232.0,18.0
324950.0,3800.5866515636444,5059.0,1.0,0.20000000298023224,0.0,907.0,232.0,18.0
325000.0,3801.183148622513,5059.0,1.0,0.20000000298023224,0.0,907.0,232.0,18.0
325050.0,3801.7801315784454,5059.0,1.0,0.20000000298023224,0.0,907.0,232.0,18.0
325100.0,3802.369533777237,5060.0,1.0,0.20000000298023224,0.0,907.0,275.0,18.0
325150.0,3802.961106777191,5060.0,1.0,0.20000000298023224,0.0,907.0,275.0,18.0
325200.0,3803.5640981197357,5060.0,1.0,0.20000000298023224,0.0,907.0,275.0,18.0
325250.0,3804.166485309601,5061.0,1.0,0.20000000298023224,0.0,907.0,303.4,60.0
325300.0,3804.7416677474976,5062.0,0.0,0.0,0.0,290.0,134.0,60.0
325350.0,3805.332356452942,5062.0,0.0,0.0,0.0,290.0,134.0,60.0
325400.0,3805.93515253067,5062.0,0.0,0.0,0.0,290.0,134.0,60.0
325450.0,3806.50914812088,5062.0,0.0,0.0,0.0,290.0,134.0,60.0
325500.0,3807.0881049633026,5062.0,0.0,0.0,0.0,290.0,134.0,60.0
325550.0,3807.6764891147614,5062.0,0.0,0.0,0.0,290.0,134.0,60.0
325600.0,3808.2583708763123,5064.0,3.0,0.6000000238418579,0.0,290.0,158.2,11.0
325650.0,3808.8471250534058,5064.0,3.0,0.6000000238418579,0.0,290.0,158.2,11.0
325700.0,3809.442541360855,5064.0,3.0,0.6000000238418579,0.0,290.0,158.2,11.0
325750.0,3810.035211801529,5064.0,3.0,0.6000000238418579,0.0,290.0,158.2,11.0
325800.0,3810.6416902542114,5064.0,3.0,0.6000000238418579,0.0,290.0,158.2,11.0
325850.0,3811.238888025284,5064.0,3.0,0.6000000238418579,0.0,290.0,158.2,11.0
325900.0,3811.835883140564,5065.0,3.0,0.6000000238418579,0.0,326.0,165.4,11.0
325950.0,3812.448438167572,5065.0,3.0,0.6000000238418579,0.0,326.0,165.4,11.0
326000.0,3813.0316433906555,5066.0,3.0,0.800000011920929,0.0,326.0,151.0,11.0
326050.0,3813.629494667053,5066.0,3.0,0.800000011920929,0.0,326.0,151.0,11.0
326100.0,3814.199845790863,5066.0,3.0,0.800000011920929,0.0,326.0,151.0,11.0
326150.0,3814.787796974182,5066.0,3.0,0.800000011920929,0.0,326.0,151.0,11.0
326200.0,3815.3762016296387,5066.0,3.0,0.800000011920929,0.0,326.0,151.0,11.0
326250.0,3815.9897713661194,5066.0,3.0,0.800000011920929,0.0,326.0,151.0,11.0
326300.0,3816.5770547389984,5066.0,3.0,0.800000011920929,0.0,326.0,151.0,11.0
326350.0,3817.1806955337524,5067.0,3.0,0.800000011920929,0.0,355.0,210.0,11.0
326400.0,3817.773631811142,5067.0,3.0,0.800000011920929,0.0,355.0,210.0,11.0
326450.0,3818.352674484253,5068.0,1.0,0.20000000298023224,0.0,355.0,173.0,11.0
326500.0,3818.9330694675446,5068.0,1.0,0.20000000298023224,0.0,355.0,173.0,11.0
326550.0,3819.528575658798,5068.0,1.0,0.20000000298023224,0.0,355.0,173.0,11.0
326600.0,3820.1295142173767,5068.0,1.0,0.20000000298023224,0.0,355.0,173.0,11.0
326650.0,3820.7124552726746,5068.0,1.0,0.20000000298023224,0.0,355.0,173.0,11.0
326700.0,3821.30371594429,5068.0,1.0,0.20000000298023224,0.0,355.0,173.0,11.0
326750.0,3821.8818776607513,5068.0,1.0,0.20000000298023224,0.0,355.0,173.0,11.0
326800.0,3822.467581510544,5068.0,1.0,0.20000000298023224,0.0,355.0,173.0,11.0
326850.0,3823.049252271652,5068.0,1.0,0.20000000298023224,0.0,355.0,173.0,11.0
326900.0,3823.634028673172,5068.0,1.0,0.20000000298023224,0.0,355.0,173.0,11.0
326950.0,3824.213389635086,5068.0,1.0,0.20000000298023224,0.0,355.0,173.0,11.0
327000.0,3824.7915234565735,5068.0,1.0,0.20000000298023224,0.0,355.0,173.0,11.0
327050.0,3825.3801305294037,5068.0,1.0,0.20000000298023224,0.0,355.0,173.0,11.0
327100.0,3825.9884848594666,5069.0,2.0,0.6000000238418579,0.0,650.0,300.8,85.0
327150.0,3826.580429315567,5069.0,2.0,0.6000000238418579,0.0,650.0,300.8,85.0
327200.0,3827.175427675247,5069.0,2.0,0.6000000238418579,0.0,650.0,300.8,85.0
327250.0,3827.7511117458344,5069.0,2.0,0.6000000238418579,0.0,650.0,300.8,85.0
327300.0,3828.326916694641,5069.0,2.0,0.6000000238418579,0.0,650.0,300.8,85.0
327350.0,3828.923759460449,5069.0,2.0,0.6000000238418579,0.0,650.0,300.8,85.0
327400.0,3829.524858236313,5069.0,2.0,0.6000000238418579,0.0,650.0,300.8,85.0
327450.0,3830.116485118866,5070.0,2.0,0.800000011920929,0.0,650.0,308.6,85.0
327500.0,3830.7120349407196,5070.0,2.0,0.800000011920929,0.0,650.0,308.6,85.0
327550.0,3831.300133705139,5070.0,2.0,0.800000011920929,0.0,650.0,308.6,85.0
327600.0,3831.9068961143494,5070.0,2.0,0.800000011920929,0.0,650.0,308.6,85.0
327650.0,3832.497903585434,5070.0,2.0,0.800000011920929,0.0,650.0,308.6,85.0
327700.0,3833.080657720566,5070.0,2.0,0.800000011920929,0.0,650.0,308.6,85.0
327750.0,3833.685487985611,5070.0,2.0,0.800000011920929,0.0,650.0,308.6,85.0
327800.0,3834.2823100090027,5070.0,2.0,0.800000011920929,0.0,650.0,308.6,85.0
327850.0,3834.8704159259796,5070.0,2.0,0.800000011920929,0.0,650.0,308.6,85.0
327900.0,3835.469795227051,5070.0,2.0,0.800000011920929,0.0,650.0,308.6,85.0
327950.0,3836.067756652832,5071.0,2.0,1.0,0.0,650.0,386.4,85.0
328000.0,3836.6638929843903,5071.0,2.0,1.0,0.0,650.0,386.4,85.0
328050.0,3837.2529606819153,5071.0,2.0,1.0,0.0,650.0,386.4,85.0
328100.0,3837.8306760787964,5071.0,2.0,1.0,0.0,650.0,386.4,85.0
328150.0,3838.4268927574158,5072.0,2.0,1.2000000476837158,0.0,650.0,356.0,85.0
328200.0,3839.0322182178497,5073.0,2.0,1.2000000476837158,0.0,650.0,350.0,55.0
328250.0,3839.6328806877136,5074.0,2.0,0.800000011920929,0.0,477.0,230.2,51.0
328300.0,3840.2242941856384,5074.0,2.0,0.800000011920929,0.0,477.0,230.2,51.0
328350.0,3840.8052246570587,5075.0,2.0,0.6000000238418579,0.0,477.0,179.0,51.0
328400.0,3841.378362417221,5075.0,2.0,0.6000000238418579,0.0,477.0,179.0,51.0
328450.0,3841.970703601837,5075.0,2.0,0.6000000238418579,0.0,477.0,179.0,51.0
328500.0,3842.558559656143,5075.0,2.0,0.6000000238418579,0.0,477.0,179.0,51.0
328550.0,3843.1400072574615,5075.0,2.0,0.6000000238418579,0.0,477.0,179.0,51.0
328600.0,3843.749500513077,5076.0,1.0,0.4000000059604645,0.0,245.0,132.6,51.0
328650.0,3844.3527207374573,5077.0,1.0,0.20000000298023224,0.0,245.0,101.8,49.0
328700.0,3844.9300034046173,5077.0,1.0,0.20000000298023224,0.0,245.0,101.8,49.0
328750.0,3845.5206348896027,5078.0,1.0,0.20000000298023224,0.0,245.0,109.4,49.0
328800.0,3846.1036462783813,5079.0,1.0,0.4000000059604645,0.0,245.0,110.8,49.0
328850.0,3846.714210510254,5079.0,1.0,0.4000000059604645,0.0,245.0,110.8,49.0
328900.0,3847.3057582378387,5079.0,1.0,0.4000000059604645,0.0,245.0,110.8,49.0
328950.0,3847.9086027145386,5080.0,1.0,0.4000000059604645,0.0,245.0,121.6,49.0
329000.0,3848.513048171997,5080.0,1.0,0.4000000059604645,0.0,245.0,121.6,49.0
329050.0,3849.089345932007,5080.0,1.0,0.4000000059604645,0.0,245.0,121.6,49.0
329100.0,3849.648968935013,5080.0,1.0,0.4000000059604645,0.0,245.0,121.6,49.0
329150.0,3850.224987268448,5080.0,1.0,0.4000000059604645,0.0,245.0,121.6,49.0
329200.0,3850.8163969516754,5080.0,1.0,0.4000000059604645,0.0,245.0,121.6,49.0
329250.0,3851.3916161060333,5080.0,1.0,0.4000000059604645,0.0,245.0,121.6,49.0
329300.0,3851.9642267227173,5080.0,1.0,0.4000000059604645,0.0,245.0,121.6,49.0
329350.0,3852.5565671920776,5081.0,4.0,1.0,0.0,380.0,148.6,49.0
329400.0,3853.1481006145477,5082.0,4.0,1.0,0.0,380.0,152.2,58.0
329450.0,3853.7686915397644,5082.0,4.0,1.0,0.0,380.0,152.2,58.0
329500.0,3854.3703215122223,5082.0,4.0,1.0,0.0,380.0,152.2,58.0
329550.0,3854.9637558460236,5082.0,4.0,1.0,0.0,380.0,152.2,58.0
329600.0,3855.5768852233887,5082.0,4.0,1.0,0.0,380.0,152.2,58.0
329650.0,3856.170758485794,5082.0,4.0,1.0,0.0,380.0,152.2,58.0
329700.0,3856.7752363681793,5082.0,4.0,1.0,0.0,380.0,152.2,58.0
329750.0,3857.367835521698,5082.0,4.0,1.0,0.0,380.0,152.2,58.0
329800.0,3857.9688725471497,5083.0,4.0,1.600000023841858,0.0,399.0,213.4,58.0
329850.0,3858.5775310993195,5083.0,4.0,1.600000023841858,0.0,399.0,213.4,58.0
329900.0,3859.1694848537445,5083.0,4.0,1.600000023841858,0.0,399.0,213.4,58.0
329950.0,3859.7606534957886,5083.0,4.0,1.600000023841858,0.0,399.0,213.4,58.0
330000.0,3860.360196828842,5083.0,4.0,1.600000023841858,0.0,399.0,213.4,58.0
330050.0,3860.9478237628937,5085.0,4.0,2.5999999046325684,0.0,399.0,218.4,18.0
330100.0,3861.5424134731293,5086.0,5.0,2.799999952316284,0.0,399.0,148.8,18.0
330150.0,3862.1369709968567,5087.0,12.0,5.199999809265137,3.0,399.0,151.0,18.0
330200.0,3862.740015745163,5087.0,12.0,5.199999809265137,3.0,399.0,151.0,18.0
330250.0,3863.3450186252594,5089.0,12.0,6.800000190734863,3.0,78.0,43.6,18.0
330300.0,3863.9374997615814,5090.0,12.0,8.199999809265137,3.0,78.0,52.0,18.0
330350.0,3864.506142616272,5090.0,12.0,8.199999809265137,3.0,78.0,52.0,18.0
330400.0,3865.0893676280975,5090.0,12.0,8.199999809265137,3.0,78.0,52.0,18.0
330450.0,3865.6947021484375,5090.0,12.0,8.199999809265137,3.0,78.0,52.0,18.0
330500.0,3866.2946457862854,5092.0,29.0,11.199999809265137,3.0,172.0,68.0,18.0
330550.0,3866.897520542145,5092.0,29.0,11.199999809265137,3.0,172.0,68.0,18.0
330600.0,3867.485488653183,5092.0,29.0,11.199999809265137,3.0,172.0,68.0,18.0
330650.0,3868.0726194381714,5093.0,29.0,14.0,3.0,172.0,82.2,18.0
330700.0,3868.6671464443207,5094.0,29.0,15.399999618530273,3.0,172.0,92.0,18.0
330750.0,3869.267827272415,5095.0,29.0,14.800000190734863,3.0,172.0,88.2,18.0
330800.0,3869.860038280487,5096.0,25.0,11.199999809265137,3.0,143.0,66.0,18.0
330850.0,3870.452292442322,5097.0,25.0,11.600000381469727,5.0,143.0,68.6,31.0
330900.0,3871.0473499298096,5098.0,11.0,8.399999618530273,5.0,67.0,51.6,31.0
330950.0,3871.6387672424316,5098.0,11.0,8.399999618530273,5.0,67.0,51.6,31.0
331000.0,3872.2327041625977,5098.0,11.0,8.399999618530273,5.0,67.0,51.6,31.0
331050.0,3872.8267209529877,5098.0,11.0,8.399999618530273,5.0,67.0,51.6,31.0
331100.0,3873.4307293891907,5100.0,30.0,11.600000381469727,3.0,181.0,69.8,18.0
331150.0,3874.011815071106,5100.0,30.0,11.600000381469727,3.0,181.0,69.8,18.0
331200.0,3874.602064371109,5100.0,30.0,11.600000381469727,3.0,181.0,69.8,18.0
331250.0,3875.2076094150543,5101.0,30.0,13.600000381469727,3.0,181.0,87.8,18.0
331300.0,3875.8140008449554,5101.0,30.0,13.600000381469727,3.0,181.0,87.8,18.0
331350.0,3876.4142179489136,5102.0,30.0,16.200000762939453,3.0,181.0,103.6,18.0
331400.0,3877.0080857276917,5103.0,30.0,15.600000381469727,3.0,181.0,100.0,18.0
331450.0,3877.6280624866486,5104.0,21.0,10.600000381469727,3.0,151.0,70.0,18.0
331500.0,3878.264871120453,5104.0,21.0,10.600000381469727,3.0,151.0,70.0,18.0
331550.0,3878.8957085609436,5105.0,22.0,14.399999618530273,5.0,151.0,92.0,31.0
331600.0,3879.530951976776,5105.0,22.0,14.399999618530273,5.0,151.0,92.0,31.0
331650.0,3880.1690635681152,5106.0,22.0,13.199999809265137,5.0,128.0,80.0,31.0
331700.0,3880.804837703705,5106.0,22.0,13.199999809265137,5.0,128.0,80.0,31.0
331750.0,3881.4248123168945,5106.0,22.0,13.199999809265137,5.0,128.0,80.0,31.0
331800.0,3882.0268108844757,5107.0,26.0,14.800000190734863,5.0,150.0,88.0,31.0
331850.0,3882.6197469234467,5107.0,26.0,14.800000190734863,5.0,150.0,88.0,31.0
331900.0,3883.223179101944,5107.0,26.0,14.800000190734863,5.0,150.0,88.0,31.0
331950.0,3883.865076780319,5108.0,26.0,18.200000762939453,5.0,150.0,106.2,31.0
332000.0,3884.453331708908,5109.0,26.0,19.799999237060547,13.0,150.0,115.6,78.0
332050.0,3885.0721051692963,5110.0,26.0,16.799999237060547,7.0,150.0,98.2,41.0
332100.0,3885.686947584152,5110.0,26.0,16.799999237060547,7.0,150.0,98.2,41.0
332150.0,3886.3122231960297,5110.0,26.0,16.799999237060547,7.0,150.0,98.2,41.0
332200.0,3886.9664890766144,5111.0,26.0,19.0,7.0,150.0,110.0,41.0
332250.0,3887.5712089538574,5111.0,26.0,19.0,7.0,150.0,110.0,41.0
332300.0,3888.167825460434,5112.0,26.0,17.600000381469727,7.0,150.0,101.8,41.0
332350.0,3888.756772518158,5112.0,26.0,17.600000381469727,7.0,150.0,101.8,41.0
332400.0,3889.3920197486877,5112.0,26.0,17.600000381469727,7.0,150.0,101.8,41.0
332450.0,3890.0243537425995,5113.0,27.0,18.399999618530273,7.0,153.0,106.2,41.0
332500.0,3890.660696029663,5114.0,27.0,17.200000762939453,7.0,153.0,98.2,38.0
332550.0,3891.28036737442,5114.0,27.0,17.200000762939453,7.0,153.0,98.2,38.0
332600.0,3891.884510040283,5114.0,27.0,17.200000762939453,7.0,153.0,98.2,38.0
332650.0,3892.495128393173,5114.0,27.0,17.200000762939453,7.0,153.0,98.2,38.0
332700.0,3893.1041674613953,5115.0,29.0,21.600000381469727,7.0,181.0,126.2,38.0
332750.0,3893.718563556671,5116.0,29.0,19.0,7.0,181.0,111.8,38.0
332800.0,3894.330705165863,5117.0,29.0,16.799999237060547,7.0,181.0,100.2,38.0
332850.0,3894.937817335129,5117.0,29.0,16.799999237060547,7.0,181.0,100.2,38.0
332900.0,3895.5330924987793,5118.0,29.0,15.0,7.0,181.0,89.6,38.0
332950.0,3896.1385011672974,5118.0,29.0,15.0,7.0,181.0,89.6,38.0
333000.0,3896.7486295700073,5120.0,18.0,10.800000190734863,3.0,100.0,63.6,18.0
333050.0,3897.3638529777527,5121.0,18.0,10.399999618530273,3.0,100.0,60.2,18.0
333100.0,3897.982312440872,5121.0,18.0,10.399999618530273,3.0,100.0,60.2,18.0
333150.0,3898.5876727104187,5121.0,18.0,10.399999618530273,3.0,100.0,60.2,18.0
333200.0,3899.167898416519,5122.0,27.0,14.199999809265137,3.0,150.0,80.0,18.0
333250.0,3899.772800207138,5122.0,27.0,14.199999809265137,3.0,150.0,80.0,18.0
333300.0,3900.383094549179,5122.0,27.0,14.199999809265137,3.0,150.0,80.0,18.0
333350.0,3900.9941561222076,5123.0,27.0,15.800000190734863,3.0,150.0,89.8,18.0
333400.0,3901.607630252838,5123.0,27.0,15.800000190734863,3.0,150.0,89.8,18.0
333450.0,3902.224170923233,5124.0,27.0,17.0,3.0,150.0,95.6,18.0
333500.0,3902.8293278217316,5124.0,27.0,17.0,3.0,150.0,95.6,18.0
333550.0,3903.4227714538574,5125.0,27.0,20.0,11.0,150.0,112.2,61.0
333600.0,3904.020498275757,5125.0,27.0,20.0,11.0,150.0,112.2,61.0
333650.0,3904.630401611328,5125.0,27.0,20.0,11.0,150.0,112.2,61.0
333700.0,3905.237941265106,5127.0,26.0,17.200000762939453,3.0,149.0,97.8,18.0
333750.0,3905.8476679325104,5127.0,26.0,17.200000762939453,3.0,149.0,97.8,18.0
333800.0,3906.4327170848846,5129.0,21.0,11.800000190734863,3.0,121.0,68.0,18.0
333850.0,3907.025860786438,5129.0,21.0,11.800000190734863,3.0,121.0,68.0,18.0
333900.0,3907.632660627365,5129.0,21.0,11.800000190734863,3.0,121.0,68.0,18.0
333950.0,3908.2296047210693,5129.0,21.0,11.800000190734863,3.0,121.0,68.0,18.0
334000.0,3908.800502061844,5129.0,21.0,11.800000190734863,3.0,121.0,68.0,18.0
334050.0,3909.3891518115997,5130.0,45.0,17.200000762939453,3.0,251.0,98.0,18.0
334100.0,3910.0040023326874,5130.0,45.0,17.200000762939453,3.0,251.0,98.0,18.0
334150.0,3910.613289833069,5131.0,45.0,16.600000381469727,3.0,251.0,93.8,18.0
334200.0,3911.2196276187897,5132.0,45.0,18.200000762939453,3.0,251.0,102.2,18.0
334250.0,3911.8294298648834,5132.0,45.0,18.200000762939453,3.0,251.0,102.2,18.0
334300.0,3912.436900138855,5132.0,45.0,18.200000762939453,3.0,251.0,102.2,18.0
334350.0,3913.0435061454773,5132.0,45.0,18.200000762939453,3.0,251.0,102.2,18.0
334400.0,3913.653046131134,5133.0,45.0,22.600000381469727,3.0,251.0,125.8,18.0
334450.0,3914.2715153694153,5134.0,45.0,23.799999237060547,9.0,251.0,132.0,49.0
334500.0,3914.8806869983673,5134.0,45.0,23.799999237060547,9.0,251.0,132.0,49.0
334550.0,3915.4895083904266,5134.0,45.0,23.799999237060547,9.0,251.0,132.0,49.0
334600.0,3916.088721513748,5135.0,36.0,20.0,9.0,200.0,112.0,49.0
334650.0,3916.6916081905365,5136.0,36.0,18.200000762939453,9.0,200.0,101.8,49.0
334700.0,3917.310623884201,5136.0,36.0,18.200000762939453,9.0,200.0,101.8,49.0
334750.0,3917.924932718277,5136.0,36.0,18.200000762939453,9.0,200.0,101.8,49.0
334800.0,3918.524211168289,5136.0,36.0,18.200000762939453,9.0,200.0,101.8,49.0
334850.0,3919.109683036804,5136.0,36.0,18.200000762939453,9.0,200.0,101.8,49.0
334900.0,3919.7072553634644,5136.0,36.0,18.200000762939453,9.0,200.0,101.8,49.0
334950.0,3920.292455673218,5137.0,48.0,25.600000381469727,9.0,272.0,144.2,49.0
335000.0,3920.889533519745,5137.0,48.0,25.600000381469727,9.0,272.0,144.2,49.0
335050.0,3921.476092338562,5138.0,48.0,22.600000381469727,9.0,272.0,128.0,49.0
335100.0,3922.0750970840454,5139.0,48.0,22.0,6.0,272.0,126.2,40.0
335150.0,3922.6810512542725,5140.0,48.0,19.0,6.0,272.0,108.4,40.0
335200.0,3923.26598405838,5141.0,48.0,18.799999237060547,6.0,272.0,108.2,40.0
335250.0,3923.8576068878174,5142.0,21.0,11.199999809265137,6.0,119.0,66.0,40.0
335300.0,3924.4477632045746,5143.0,11.0,8.399999618530273,6.0,62.0,50.0,39.0
335350.0,3925.034750699997,5144.0,11.0,8.800000190734863,7.0,62.0,52.0,39.0
335400.0,3925.6260290145874,5145.0,10.0,8.399999618530273,7.0,61.0,49.6,39.0
335450.0,3926.22105884552,5146.0,10.0,8.600000381469727,7.0,61.0,50.0,39.0
335500.0,3926.8241057395935,5147.0,9.0,8.399999618530273,7.0,61.0,50.0,39.0
335550.0,3927.4201350212097,5147.0,9.0,8.399999618530273,7.0,61.0,50.0,39.0
335600.0,3927.996307849884,5148.0,18.0,10.600000381469727,8.0,101.0,62.4,50.0
335650.0,3928.5917065143585,5148.0,18.0,10.600000381469727,8.0,101.0,62.4,50.0
335700.0,3929.1747052669525,5149.0,18.0,12.399999618530273,9.0,101.0,70.0,50.0
335750.0,3929.7500941753387,5149.0,18.0,12.399999618530273,9.0,101.0,70.0,50.0
335800.0,3930.321316719055,5150.0,19.0,14.399999618530273,9.0,109.0,81.8,50.0
335850.0,3930.9112026691437,5150.0,19.0,14.399999618530273,9.0,109.0,81.8,50.0
335900.0,3931.519850254059,5151.0,19.0,15.0,9.0,109.0,86.2,61.0
335950.0,3932.10533952713,5152.0,19.0,16.0,12.0,109.0,89.8,72.0
336000.0,3932.700437068939,5152.0,19.0,16.0,12.0,109.0,89.8,72.0
336050.0,3933.3112308979034,5152.0,19.0,16.0,12.0,109.0,89.8,72.0
336100.0,3933.920641183853,5152.0,19.0,16.0,12.0,109.0,89.8,72.0
336150.0,3934.52725315094,5153.0,31.0,18.600000381469727,12.0,171.0,103.8,72.0
336200.0,3935.1406660079956,5153.0,31.0,18.600000381469727,12.0,171.0,103.8,72.0
336250.0,3935.7465937137604,5154.0,31.0,18.600000381469727,12.0,171.0,106.2,72.0
336300.0,3936.3381600379944,5155.0,31.0,17.600000381469727,12.0,171.0,100.0,72.0
336350.0,3936.9202654361725,5155.0,31.0,17.600000381469727,12.0,171.0,100.0,72.0
336400.0,3937.508314371109,5155.0,31.0,17.600000381469727,12.0,171.0,100.0,72.0
336450.0,3938.1189539432526,5155.0,31.0,17.600000381469727,12.0,171.0,100.0,72.0
336500.0,3938.711403131485,5156.0,34.0,22.0,14.0,191.0,123.8,78.0
336550.0,3939.307471513748,5156.0,34.0,22.0,14.0,191.0,123.8,78.0
336600.0,3939.9005134105682,5156.0,34.0,22.0,14.0,191.0,123.8,78.0
336650.0,3940.485415697098,5156.0,34.0,22.0,14.0,191.0,123.8,78.0
336700.0,3941.083347082138,5156.0,34.0,22.0,14.0,191.0,123.8,78.0
336750.0,3941.6725006103516,5156.0,34.0,22.0,14.0,191.0,123.8,78.0
336800.0,3942.2709546089172,5156.0,34.0,22.0,14.0,191.0,123.8,78.0
336850.0,3942.8604097366333,5156.0,34.0,22.0,14.0,191.0,123.8,78.0
336900.0,3943.4632606506348,5156.0,34.0,22.0,14.0,191.0,123.8,78.0
336950.0,3944.0733103752136,5157.0,85.0,36.20000076293945,14.0,459.0,199.8,78.0
337000.0,3944.663374900818,5158.0,85.0,31.399999618530273,7.0,459.0,173.8,41.0
337050.0,3945.2585229873657,5159.0,85.0,29.799999237060547,7.0,459.0,163.8,41.0
337100.0,3945.8492538928986,5160.0,85.0,28.600000381469727,7.0,459.0,158.2,41.0
337150.0,3946.438988685608,5160.0,85.0,28.600000381469727,7.0,459.0,158.2,41.0
337200.0,3947.012827396393,5161.0,85.0,25.600000381469727,7.0,459.0,142.2,41.0
337250.0,3947.5991497039795,5162.0,19.0,9.800000190734863,6.0,111.0,58.2,39.0
337300.0,3948.195979833603,5162.0,19.0,9.800000190734863,6.0,111.0,58.2,39.0
337350.0,3948.7984368801117,5163.0,19.0,12.0,6.0,111.0,71.8,39.0
337400.0,3949.388701915741,5163.0,19.0,12.0,6.0,111.0,71.8,39.0
337450.0,3949.9888405799866,5164.0,19.0,13.199999809265137,6.0,111.0,80.0,39.0
337500.0,3950.5847885608673,5164.0,19.0,13.199999809265137,6.0,111.0,80.0,39.0
337550.0,3951.1814041137695,5164.0,19.0,13.199999809265137,6.0,111.0,80.0,39.0
337600.0,3951.770340204239,5164.0,19.0,13.199999809265137,6.0,111.0,80.0,39.0
337650.0,3952.3486790657043,5164.0,19.0,13.199999809265137,6.0,111.0,80.0,39.0
337700.0,3952.9355623722076,5164.0,19.0,13.199999809265137,6.0,111.0,80.0,39.0
337750.0,3953.5279252529144,5165.0,46.0,20.799999237060547,6.0,281.0,126.2,39.0
337800.0,3954.1277973651886,5165.0,46.0,20.799999237060547,6.0,281.0,126.2,39.0
337850.0,3954.7294676303864,5165.0,46.0,20.799999237060547,6.0,281.0,126.2,39.0
337900.0,3955.331660747528,5165.0,46.0,20.799999237060547,6.0,281.0,126.2,39.0
337950.0,3955.9289507865906,5166.0,46.0,24.600000381469727,6.0,281.0,147.8,39.0
338000.0,3956.520984649658,5167.0,46.0,25.200000762939453,9.0,281.0,150.0,50.0
338050.0,3957.121214866638,5168.0,46.0,23.399999618530273,9.0,281.0,138.2,50.0
338100.0,3957.7148637771606,5169.0,46.0,21.399999618530273,5.0,281.0,126.2,31.0
338150.0,3958.3063757419586,5169.0,46.0,21.399999618530273,5.0,281.0,126.2,31.0
338200.0,3958.923986673355,5170.0,38.0,16.600000381469727,5.0,219.0,93.8,31.0
338250.0,3959.5239181518555,5170.0,38.0,16.600000381469727,5.0,219.0,93.8,31.0
338300.0,3960.1201314926147,5170.0,38.0,16.600000381469727,5.0,219.0,93.8,31.0
338350.0,3960.717690706253,5170.0,38.0,16.600000381469727,5.0,219.0,93.8,31.0
338400.0,3961.3103132247925,5170.0,38.0,16.600000381469727,5.0,219.0,93.8,31.0
338450.0,3961.908298969269,5170.0,38.0,16.600000381469727,5.0,219.0,93.8,31.0
338500.0,3962.50723195076,5170.0,38.0,16.600000381469727,5.0,219.0,93.8,31.0
338550.0,3963.103987455368,5171.0,60.0,21.0,5.0,331.0,116.2,31.0
338600.0,3963.702572584152,5171.0,60.0,21.0,5.0,331.0,116.2,31.0
338650.0,3964.2852535247803,5171.0,60.0,21.0,5.0,331.0,116.2,31.0
338700.0,3964.8808777332306,5172.0,60.0,25.200000762939453,5.0,331.0,140.0,31.0
338750.0,3965.4727425575256,5172.0,60.0,25.200000762939453,5.0,331.0,140.0,31.0
338800.0,3966.0608143806458,5172.0,60.0,25.200000762939453,5.0,331.0,140.0,31.0
338850.0,3966.652875185013,5173.0,60.0,28.799999237060547,5.0,331.0,160.0,31.0
338900.0,3967.260815382004,5173.0,60.0,28.799999237060547,5.0,331.0,160.0,31.0
338950.0,3967.8716378211975,5174.0,60.0,31.600000381469727,19.0,331.0,175.6,109.0
339000.0,3968.4951481819153,5175.0,60.0,28.600000381469727,7.0,331.0,160.0,41.0
339050.0,3969.0956230163574,5176.0,30.0,17.600000381469727,5.0,169.0,100.0,31.0
339100.0,3969.683666944504,5176.0,30.0,17.600000381469727,5.0,169.0,100.0,31.0
339150.0,3970.2765607833862,5177.0,27.0,15.399999618530273,5.0,150.0,90.0,31.0
339200.0,3970.87428689003,5177.0,27.0,15.399999618530273,5.0,150.0,90.0,31.0
339250.0,3971.470120191574,5177.0,27.0,15.399999618530273,5.0,150.0,90.0,31.0
339300.0,3972.0609002113342,5178.0,25.0,15.0,5.0,150.0,90.0,31.0
339350.0,3972.660531759262,5179.0,25.0,13.0,5.0,150.0,78.2,31.0
339400.0,3973.249354124069,5179.0,25.0,13.0,5.0,150.0,78.2,31.0
339450.0,3973.844708919525,5180.0,25.0,15.0,5.0,150.0,90.6,31.0
339500.0,3974.4199907779694,5180.0,25.0,15.0,5.0,150.0,90.6,31.0
339550.0,3974.9826142787933,5180.0,25.0,15.0,5.0,150.0,90.6,31.0
339600.0,3975.5525159835815,5180.0,25.0,15.0,5.0,150.0,90.6,31.0
339650.0,3976.128391265869,5181.0,27.0,19.399999618530273,9.0,187.0,121.8,50.0
339700.0,3976.708188056946,5182.0,27.0,17.799999237060547,9.0,187.0,110.0,50.0
339750.0,3977.319409132004,5182.0,27.0,17.799999237060547,9.0,187.0,110.0,50.0
339800.0,3977.9280157089233,5183.0,27.0,16.399999618530273,9.0,187.0,101.8,50.0
339850.0,3978.5243468284607,5183.0,27.0,16.399999618530273,9.0,187.0,101.8,50.0
339900.0,3979.097718000412,5184.0,27.0,17.799999237060547,11.0,187.0,111.8,60.0
339950.0,3979.6848227977753,5185.0,27.0,15.800000190734863,7.0,187.0,99.4,41.0
340000.0,3980.2717213630676,5185.0,27.0,15.800000190734863,7.0,187.0,99.4,41.0
340050.0,3980.883820772171,5185.0,27.0,15.800000190734863,7.0,187.0,99.4,41.0
340100.0,3981.4926822185516,5185.0,27.0,15.800000190734863,7.0,187.0,99.4,41.0
340150.0,3982.093249797821,5186.0,32.0,16.799999237060547,7.0,200.0,102.0,41.0
340200.0,3982.6882741451263,5187.0,32.0,16.0,7.0,200.0,98.4,41.0
340250.0,3983.277999639511,5188.0,32.0,14.0,7.0,200.0,86.6,41.0
340300.0,3983.8761947155,5188.0,32.0,14.0,7.0,200.0,86.6,41.0
340350.0,3984.4633922576904,5189.0,32.0,14.600000381469727,7.0,200.0,90.0,41.0
340400.0,3985.055537700653,5190.0,32.0,14.600000381469727,7.0,200.0,90.0,41.0
340450.0,3985.641134262085,5191.0,19.0,9.800000190734863,7.0,117.0,60.0,41.0
340500.0,3986.2343871593475,5191.0,19.0,9.800000190734863,7.0,117.0,60.0,41.0
340550.0,3986.839807033539,5192.0,19.0,11.399999618530273,7.0,117.0,71.6,41.0
340600.0,3987.435465335846,5193.0,19.0,11.600000381469727,7.0,117.0,73.4,41.0
340650.0,3988.0271830558777,5194.0,15.0,9.199999809265137,7.0,100.0,58.2,41.0
340700.0,3988.6163895130157,5194.0,15.0,9.199999809265137,7.0,100.0,58.2,41.0
340750.0,3989.19384264946,5194.0,15.0,9.199999809265137,7.0,100.0,58.2,41.0
340800.0,3989.7677059173584,5194.0,15.0,9.199999809265137,7.0,100.0,58.2,41.0
340850.0,3990.356178045273,5194.0,15.0,9.199999809265137,7.0,100.0,58.2,41.0
340900.0,3990.950778722763,5195.0,46.0,17.0,7.0,260.0,102.0,41.0
340950.0,3991.540176153183,5196.0,46.0,16.799999237060547,7.0,260.0,100.0,40.0
341000.0,3992.1480798721313,5196.0,46.0,16.799999237060547,7.0,260.0,100.0,40.0
341050.0,3992.7531571388245,5196.0,46.0,16.799999237060547,7.0,260.0,100.0,40.0
341100.0,3993.3515384197235,5196.0,46.0,16.799999237060547,7.0,260.0,100.0,40.0
341150.0,3993.9497702121735,5197.0,46.0,20.200000762939453,7.0,260.0,116.2,40.0
341200.0,3994.547835111618,5197.0,46.0,20.200000762939453,7.0,260.0,116.2,40.0
341250.0,3995.1323528289795,5198.0,46.0,22.799999237060547,7.0,260.0,130.2,40.0
341300.0,3995.710774898529,5198.0,46.0,22.799999237060547,7.0,260.0,130.2,40.0
341350.0,3996.306319952011,5198.0,46.0,22.799999237060547,7.0,260.0,130.2,40.0
341400.0,3996.905524253845,5198.0,46.0,22.799999237060547,7.0,260.0,130.2,40.0
341450.0,3997.5237951278687,5198.0,46.0,22.799999237060547,7.0,260.0,130.2,40.0
341500.0,3998.107799053192,5199.0,46.0,30.0,7.0,260.0,170.0,40.0
341550.0,3998.680137872696,5200.0,43.0,22.600000381469727,7.0,240.0,128.0,40.0
341600.0,3999.2474431991577,5201.0,43.0,22.799999237060547,8.0,240.0,130.0,50.0
341650.0,3999.836673974991,5202.0,43.0,18.0,8.0,240.0,103.8,50.0
341700.0,4000.4471411705017,5202.0,43.0,18.0,8.0,240.0,103.8,50.0
341750.0,4001.0513780117035,5202.0,43.0,18.0,8.0,240.0,103.8,50.0
341800.0,4001.6568562984467,5203.0,43.0,18.600000381469727,8.0,240.0,108.0,50.0
341850.0,4002.2630813121796,5204.0,25.0,11.800000190734863,8.0,150.0,70.0,50.0
341900.0,4002.8556730747223,5205.0,25.0,12.0,8.0,150.0,71.8,50.0
341950.0,4003.431254386902,5206.0,25.0,11.0,3.0,150.0,66.2,22.0
342000.0,4004.005627632141,5207.0,25.0,12.0,3.0,150.0,71.8,22.0
342050.0,4004.550400018692,5207.0,25.0,12.0,3.0,150.0,71.8,22.0
342100.0,4005.111820936203,5208.0,18.0,10.600000381469727,3.0,100.0,61.8,22.0
342150.0,4005.6706426143646,5209.0,18.0,10.600000381469727,3.0,100.0,61.8,22.0
342200.0,4006.2273247241974,5210.0,18.0,10.199999809265137,3.0,100.0,60.0,22.0
342250.0,4006.78595495224,5210.0,18.0,10.199999809265137,3.0,100.0,60.0,22.0
342300.0,4007.3443489074707,5211.0,18.0,13.199999809265137,8.0,100.0,75.6,50.0
342350.0,4007.9055111408234,5211.0,18.0,13.199999809265137,8.0,100.0,75.6,50.0
342400.0,4008.4589717388153,5211.0,18.0,13.199999809265137,8.0,100.0,75.6,50.0
342450.0,4009.012635707855,5211.0,18.0,13.199999809265137,8.0,100.0,75.6,50.0
342500.0,4009.575932741165,5211.0,18.0,13.199999809265137,8.0,100.0,75.6,50.0
342550.0,4010.1398055553436,5211.0,18.0,13.199999809265137,8.0,100.0,75.6,50.0
342600.0,4010.7041029930115,5211.0,18.0,13.199999809265137,8.0,100.0,75.6,50.0
342650.0,4011.268993139267,5211.0,18.0,13.199999809265137,8.0,100.0,75.6,50.0
342700.0,4011.83282494545,5211.0,18.0,13.199999809265137,8.0,100.0,75.6,50.0
342750.0,4012.399364233017,5212.0,78.0,26.200000762939453,8.0,441.0,148.2,50.0
342800.0,4012.9663376808167,5212.0,78.0,26.200000762939453,8.0,441.0,148.2,50.0
342850.0,4013.5303020477295,5212.0,78.0,26.200000762939453,8.0,441.0,148.2,50.0
342900.0,4014.0822689533234,5213.0,78.0,27.600000381469727,8.0,441.0,158.2,50.0
342950.0,4014.6401450634003,5214.0,78.0,27.399999618530273,8.0,441.0,158.2,50.0
343000.0,4015.216784477234,5214.0,78.0,27.399999618530273,8.0,441.0,158.2,50.0
343050.0,4015.782704114914,5214.0,78.0,27.399999618530273,8.0,441.0,158.2,50.0
343100.0,4016.339966058731,5215.0,78.0,31.0,8.0,441.0,178.2,50.0
343150.0,4016.896457195282,5216.0,78.0,29.200000762939453,8.0,441.0,168.2,50.0
343200.0,4017.461405277252,5217.0,26.0,15.600000381469727,8.0,150.0,92.0,50.0
343250.0,4018.027806520462,5218.0,26.0,12.399999618530273,8.0,150.0,71.8,49.0
343300.0,4018.5948412418365,5218.0,26.0,12.399999618530273,8.0,150.0,71.8,49.0
343350.0,4019.1597106456757,5218.0,26.0,12.399999618530273,8.0,150.0,71.8,49.0
343400.0,4019.722172021866,5218.0,26.0,12.399999618530273,8.0,150.0,71.8,49.0
343450.0,4020.2904720306396,5218.0,26.0,12.399999618530273,8.0,150.0,71.8,49.0
343500.0,4020.855273246765,5219.0,42.0,19.200000762939453,9.0,243.0,110.4,49.0
343550.0,4021.4204227924347,5220.0,42.0,15.600000381469727,8.0,243.0,90.0,48.0
343600.0,4021.9756786823273,5220.0,42.0,15.600000381469727,8.0,243.0,90.0,48.0
343650.0,4022.5300953388214,5221.0,42.0,17.600000381469727,8.0,243.0,101.8,48.0
343700.0,4023.0962913036346,5221.0,42.0,17.600000381469727,8.0,243.0,101.8,48.0
343750.0,4023.6586060523987,5222.0,42.0,19.0,8.0,243.0,110.2,48.0
343800.0,4024.2183816432953,5223.0,42.0,19.0,8.0,243.0,110.2,48.0
343850.0,4024.7775762081146,5224.0,19.0,11.600000381469727,5.0,109.0,68.0,32.0
343900.0,4025.351495742798,5225.0,19.0,11.399999618530273,5.0,109.0,68.0,32.0
343950.0,4025.9220719337463,5225.0,19.0,11.399999618530273,5.0,109.0,68.0,32.0
344000.0,4026.4912374019623,5226.0,17.0,10.600000381469727,5.0,102.0,64.4,32.0
344050.0,4027.06388092041,5227.0,15.0,8.800000190734863,5.0,91.0,54.0,32.0
344100.0,4027.631812095642,5228.0,15.0,9.399999618530273,5.0,91.0,60.4,32.0
344150.0,4028.2029297351837,5228.0,15.0,9.399999618530273,5.0,91.0,60.4,32.0
344200.0,4028.772052526474,5229.0,16.0,11.600000381469727,7.0,91.0,71.6,48.0
344250.0,4029.32953953743,5230.0,16.0,12.399999618530273,8.0,91.0,74.0,50.0
344300.0,4029.883432149887,5230.0,16.0,12.399999618530273,8.0,91.0,74.0,50.0
344350.0,4030.445559978485,5230.0,16.0,12.399999618530273,8.0,91.0,74.0,50.0
344400.0,4031.014578104019,5230.0,16.0,12.399999618530273,8.0,91.0,74.0,50.0
344450.0,4031.581189393997,5231.0,35.0,16.399999618530273,8.0,199.0,95.6,50.0
344500.0,4032.148359298706,5232.0,35.0,16.399999618530273,8.0,199.0,95.8,51.0
344550.0,4032.717976808548,5233.0,35.0,15.399999618530273,7.0,199.0,87.6,40.0
344600.0,4033.2858443260193,5233.0,35.0,15.399999618530273,7.0,199.0,87.6,40.0
344650.0,4033.8526124954224,5233.0,35.0,15.399999618530273,7.0,199.0,87.6,40.0
344700.0,4034.4080448150635,5233.0,35.0,15.399999618530273,7.0,199.0,87.6,40.0
344750.0,4034.966723680496,5233.0,35.0,15.399999618530273,7.0,199.0,87.6,40.0
344800.0,4035.541279554367,5233.0,35.0,15.399999618530273,7.0,199.0,87.6,40.0
344850.0,4036.114026069641,5233.0,35.0,15.399999618530273,7.0,199.0,87.6,40.0
344900.0,4036.682425737381,5234.0,56.0,23.399999618530273,7.0,331.0,136.2,40.0
344950.0,4037.2522428035736,5234.0,56.0,23.399999618530273,7.0,331.0,136.2,40.0
345000.0,4037.8236179351807,5235.0,56.0,25.799999237060547,7.0,331.0,149.8,40.0
345050.0,4038.3902175426483,5235.0,56.0,25.799999237060547,7.0,331.0,149.8,40.0
345100.0,4038.953624725342,5235.0,56.0,25.799999237060547,7.0,331.0,149.8,40.0
345150.0,4039.5202860832214,5235.0,56.0,25.799999237060547,7.0,331.0,149.8,40.0
345200.0,4040.085306406021,5235.0,56.0,25.799999237060547,7.0,331.0,149.8,40.0
345250.0,4040.636129140854,5235.0,56.0,25.799999237060547,7.0,331.0,149.8,40.0
345300.0,4041.1943476200104,5236.0,56.0,28.799999237060547,7.0,331.0,166.6,40.0
345350.0,4041.7656705379486,5237.0,56.0,28.399999618530273,6.0,331.0,164.2,39.0
345400.0,4042.3172109127045,5237.0,56.0,28.399999618530273,6.0,331.0,164.2,39.0
345450.0,4042.8746466636658,5237.0,56.0,28.399999618530273,6.0,331.0,164.2,39.0
345500.0,4043.432338476181,5237.0,56.0,28.399999618530273,6.0,331.0,164.2,39.0
345550.0,4043.990956544876,5237.0,56.0,28.399999618530273,6.0,331.0,164.2,39.0
345600.0,4044.5572118759155,5238.0,56.0,36.79999923706055,6.0,331.0,211.8,39.0
345650.0,4045.117540359497,5239.0,50.0,26.200000762939453,3.0,283.0,150.0,22.0
345700.0,4045.678122997284,5240.0,50.0,23.600000381469727,3.0,283.0,136.6,22.0
345750.0,4046.239233970642,5241.0,49.0,15.800000190734863,3.0,278.0,93.8,22.0
345800.0,4046.807197332382,5241.0,49.0,15.800000190734863,3.0,278.0,93.8,22.0
345850.0,4047.3718390464783,5241.0,49.0,15.800000190734863,3.0,278.0,93.8,22.0
345900.0,4047.9392850399017,5241.0,49.0,15.800000190734863,3.0,278.0,93.8,22.0
345950.0,4048.504543542862,5241.0,49.0,15.800000190734863,3.0,278.0,93.8,22.0
346000.0,4049.0734996795654,5241.0,49.0,15.800000190734863,3.0,278.0,93.8,22.0
346050.0,4049.6398787498474,5242.0,54.0,25.399999618530273,3.0,298.0,145.6,22.0
346100.0,4050.1959331035614,5243.0,54.0,17.200000762939453,3.0,298.0,100.0,22.0
346150.0,4050.755914926529,5244.0,54.0,18.200000762939453,8.0,298.0,105.8,50.0
346200.0,4051.32443523407,5244.0,54.0,18.200000762939453,8.0,298.0,105.8,50.0
346250.0,4051.881723165512,5244.0,54.0,18.200000762939453,8.0,298.0,105.8,50.0
346300.0,4052.443106651306,5244.0,54.0,18.200000762939453,8.0,298.0,105.8,50.0
346350.0,4053.0139276981354,5244.0,54.0,18.200000762939453,8.0,298.0,105.8,50.0
346400.0,4053.5850427150726,5245.0,54.0,25.399999618530273,8.0,298.0,143.4,50.0
346450.0,4054.152948617935,5245.0,54.0,25.399999618530273,8.0,298.0,143.4,50.0
346500.0,4054.719981908798,5245.0,54.0,25.399999618530273,8.0,298.0,143.4,50.0
346550.0,4055.2841358184814,5245.0,54.0,25.399999618530273,8.0,298.0,143.4,50.0
346600.0,4055.84578704834,5246.0,54.0,30.0,8.0,298.0,169.8,50.0
346650.0,4056.411435842514,5246.0,54.0,30.0,8.0,298.0,169.8,50.0
346700.0,4056.977558374405,5247.0,46.0,21.600000381469727,8.0,249.0,126.2,50.0
346750.0,4057.545593738556,5247.0,46.0,21.600000381469727,8.0,249.0,126.2,50.0
346800.0,4058.1091940402985,5247.0,46.0,21.600000381469727,8.0,249.0,126.2,50.0
346850.0,4058.666742324829,5248.0,46.0,25.399999618530273,8.0,249.0,150.0,51.0
346900.0,4059.228081226349,5249.0,46.0,25.600000381469727,9.0,249.0,150.4,53.0
346950.0,4059.7972915172577,5250.0,34.0,17.799999237060547,7.0,201.0,108.2,38.0
347000.0,4060.355453491211,5250.0,34.0,17.799999237060547,7.0,201.0,108.2,38.0
347050.0,4060.9140722751617,5250.0,34.0,17.799999237060547,7.0,201.0,108.2,38.0
347100.0,4061.479707956314,5251.0,28.0,16.600000381469727,7.0,169.0,100.2,38.0
347150.0,4062.047819375992,5252.0,28.0,15.199999809265137,5.0,169.0,90.4,31.0
347200.0,4062.6168773174286,5253.0,28.0,11.600000381469727,5.0,161.0,68.4,31.0
347250.0,4063.17969083786,5253.0,28.0,11.600000381469727,5.0,161.0,68.4,31.0
347300.0,4063.7521369457245,5253.0,28.0,11.600000381469727,5.0,161.0,68.4,31.0
347350.0,4064.31941986084,5254.0,28.0,14.800000190734863,5.0,161.0,87.6,31.0
347400.0,4064.882387638092,5255.0,28.0,14.399999618530273,5.0,161.0,86.2,31.0
347450.0,4065.4357709884644,5255.0,28.0,14.399999618530273,5.0,161.0,86.2,31.0
347500.0,4066.0045025348663,5256.0,25.0,13.0,5.0,149.0,77.8,31.0
347550.0,4066.581514596939,5258.0,25.0,11.800000190734863,4.0,149.0,71.2,27.0
347600.0,4067.1487798690796,5258.0,25.0,11.800000190734863,4.0,149.0,71.2,27.0
347650.0,4067.7174797058105,5259.0,21.0,9.0,4.0,119.0,56.2,27.0
347700.0,4068.2774682044983,5259.0,21.0,9.0,4.0,119.0,56.2,27.0
347750.0,4068.832234621048,5260.0,21.0,12.0,4.0,128.0,75.6,27.0
347800.0,4069.3877329826355,5261.0,20.0,8.600000381469727,4.0,128.0,58.0,27.0
347850.0,4069.9513466358185,5261.0,20.0,8.600000381469727,4.0,128.0,58.0,27.0
347900.0,4070.5035638809204,5261.0,20.0,8.600000381469727,4.0,128.0,58.0,27.0
347950.0,4071.0595672130585,5261.0,20.0,8.600000381469727,4.0,128.0,58.0,27.0
348000.0,4071.620760679245,5262.0,33.0,14.399999618530273,4.0,210.0,94.0,27.0
348050.0,4072.1815798282623,5263.0,33.0,15.199999809265137,4.0,210.0,98.6,31.0
348100.0,4072.7516508102417,5263.0,33.0,15.199999809265137,4.0,210.0,98.6,31.0
348150.0,4073.3202056884766,5264.0,33.0,16.0,4.0,210.0,103.8,31.0
348200.0,4073.889440536499,5264.0,33.0,16.0,4.0,210.0,103.8,31.0
348250.0,4074.454276561737,5264.0,33.0,16.0,4.0,210.0,103.8,31.0
348300.0,4075.024085044861,5265.0,33.0,16.799999237060547,4.0,210.0,110.4,31.0
348350.0,4075.5948395729065,5265.0,33.0,16.799999237060547,4.0,210.0,110.4,31.0
348400.0,4076.1609678268433,5265.0,33.0,16.799999237060547,4.0,210.0,110.4,31.0
348450.0,4076.7320935726166,5265.0,33.0,16.799999237060547,4.0,210.0,110.4,31.0
348500.0,4077.2882232666016,5266.0,33.0,22.600000381469727,8.0,210.0,144.0,50.0
348550.0,4077.8440024852753,5267.0,33.0,17.399999618530273,7.0,199.0,110.0,40.0
348600.0,4078.409688234329,5267.0,33.0,17.399999618530273,7.0,199.0,110.0,40.0
348650.0,4078.9648797512054,5268.0,33.0,19.0,7.0,199.0,120.2,40.0
348700.0,4079.5229732990265,5268.0,33.0,19.0,7.0,199.0,120.2,40.0
348750.0,4080.089318752289,5269.0,33.0,19.799999237060547,7.0,199.0,122.0,40.0
348800.0,4080.6475310325623,5270.0,33.0,16.600000381469727,7.0,199.0,99.8,40.0
348850.0,4081.2080240249634,5270.0,33.0,16.600000381469727,7.0,199.0,99.8,40.0
348900.0,4081.7772030830383,5270.0,33.0,16.600000381469727,7.0,199.0,99.8,40.0
348950.0,4082.3539373874664,5270.0,33.0,16.600000381469727,7.0,199.0,99.8,40.0
349000.0,4082.912089109421,5270.0,33.0,16.600000381469727,7.0,199.0,99.8,40.0
349050.0,4083.464339494705,5270.0,33.0,16.600000381469727,7.0,199.0,99.8,40.0
349100.0,4084.0314722061157,5270.0,33.0,16.600000381469727,7.0,199.0,99.8,40.0
349150.0,4084.600029706955,5270.0,33.0,16.600000381469727,7.0,199.0,99.8,40.0
349200.0,4085.1686329841614,5271.0,64.0,22.799999237060547,7.0,390.0,138.0,40.0
349250.0,4085.731910943985,5271.0,64.0,22.799999237060547,7.0,390.0,138.0,40.0
349300.0,4086.2877399921417,5272.0,64.0,24.399999618530273,8.0,390.0,150.0,50.0
349350.0,4086.848289012909,5272.0,64.0,24.399999618530273,8.0,390.0,150.0,50.0
349400.0,4087.4119448661804,5273.0,64.0,24.799999237060547,8.0,390.0,149.8,50.0
349450.0,4087.969876766205,5273.0,64.0,24.799999237060547,8.0,390.0,149.8,50.0
349500.0,4088.5238964557648,5273.0,64.0,24.799999237060547,8.0,390.0,149.8,50.0
349550.0,4089.089414834976,5273.0,64.0,24.799999237060547,8.0,390.0,149.8,50.0
349600.0,4089.6583907604218,5273.0,64.0,24.799999237060547,8.0,390.0,149.8,50.0
349650.0,4090.2243378162384,5273.0,64.0,24.799999237060547,8.0,390.0,149.8,50.0
349700.0,4090.783136367798,5273.0,64.0,24.799999237060547,8.0,390.0,149.8,50.0
349750.0,4091.3400785923004,5273.0,64.0,24.799999237060547,8.0,390.0,149.8,50.0
349800.0,4091.8984003067017,5273.0,64.0,24.799999237060547,8.0,390.0,149.8,50.0
349850.0,4092.4593048095703,5273.0,64.0,24.799999237060547,8.0,390.0,149.8,50.0
349900.0,4093.0267815589905,5274.0,91.0,39.20000076293945,8.0,510.0,230.0,50.0
349950.0,4093.5850145816803,5275.0,91.0,39.400001525878906,9.0,510.0,230.0,50.0
350000.0,4094.1419973373413,5276.0,91.0,28.0,7.0,510.0,160.0,40.0
350050.0,4094.703342437744,5277.0,91.0,26.799999237060547,7.0,510.0,151.8,40.0
350100.0,4095.260651111603,5277.0,91.0,26.799999237060547,7.0,510.0,151.8,40.0
350150.0,4095.827626466751,5277.0,91.0,26.799999237060547,7.0,510.0,151.8,40.0
350200.0,4096.395546197891,5278.0,91.0,28.0,7.0,510.0,161.8,40.0
350250.0,4096.969745874405,5278.0,91.0,28.0,7.0,510.0,161.8,40.0
350300.0,4097.540948390961,5278.0,91.0,28.0,7.0,510.0,161.8,40.0
350350.0,4098.099344968796,5278.0,91.0,28.0,7.0,510.0,161.8,40.0
350400.0,4098.654199838638,5278.0,91.0,28.0,7.0,510.0,161.8,40.0
350450.0,4099.214614152908,5278.0,91.0,28.0,7.0,510.0,161.8,40.0
350500.0,4099.783589839935,5278.0,91.0,28.0,7.0,510.0,161.8,40.0
350550.0,4100.3489985466,5278.0,91.0,28.0,7.0,510.0,161.8,40.0
350600.0,4100.917702913284,5278.0,91.0,28.0,7.0,510.0,161.8,40.0
350650.0,4101.484486579895,5278.0,91.0,28.0,7.0,510.0,161.8,40.0
350700.0,4102.041088342667,5279.0,81.0,26.0,7.0,491.0,158.0,40.0
350750.0,4102.600566148758,5280.0,81.0,26.0,7.0,491.0,158.0,40.0
350800.0,4103.169659614563,5281.0,81.0,26.200000762939453,8.0,491.0,160.0,50.0
350850.0,4103.7306435108185,5282.0,81.0,26.399999618530273,8.0,491.0,160.2,50.0
350900.0,4104.288541555405,5282.0,81.0,26.399999618530273,8.0,491.0,160.2,50.0
350950.0,4104.8580894470215,5282.0,81.0,26.399999618530273,8.0,491.0,160.2,50.0
351000.0,4105.423249006271,5283.0,81.0,26.0,8.0,491.0,158.2,50.0
351050.0,4105.976928949356,5283.0,81.0,26.0,8.0,491.0,158.2,50.0
351100.0,4106.52769780159,5284.0,22.0,13.0,8.0,140.0,80.0,50.0
351150.0,4107.085119485855,5285.0,22.0,13.0,8.0,140.0,80.0,50.0
351200.0,4107.6481919288635,5286.0,22.0,13.0,8.0,140.0,80.0,50.0
351250.0,4108.215869188309,5286.0,22.0,13.0,8.0,140.0,80.0,50.0
351300.0,4108.775085926056,5287.0,22.0,14.0,8.0,140.0,88.0,50.0
351350.0,4109.334025144577,5288.0,16.0,11.199999809265137,8.0,100.0,71.8,50.0
351400.0,4109.90135717392,5289.0,15.0,9.0,5.0,100.0,60.0,41.0
351450.0,4110.468270540237,5289.0,15.0,9.0,5.0,100.0,60.0,41.0
351500.0,4111.034907817841,5289.0,15.0,9.0,5.0,100.0,60.0,41.0
351550.0,4111.604046344757,5290.0,18.0,10.800000190734863,5.0,131.0,76.2,41.0
351600.0,4112.164160251617,5290.0,18.0,10.800000190734863,5.0,131.0,76.2,41.0
351650.0,4112.719621896744,5290.0,18.0,10.800000190734863,5.0,131.0,76.2,41.0
351700.0,4113.282799720764,5290.0,18.0,10.800000190734863,5.0,131.0,76.2,41.0
351750.0,4113.845906972885,5292.0,32.0,13.199999809265137,3.0,200.0,89.8,18.0
351800.0,4114.401861906052,5292.0,32.0,13.199999809265137,3.0,200.0,89.8,18.0
351850.0,4114.967222690582,5292.0,32.0,13.199999809265137,3.0,200.0,89.8,18.0
351900.0,4115.53665971756,5293.0,32.0,16.600000381469727,3.0,200.0,110.0,18.0
351950.0,4116.106272935867,5294.0,32.0,16.600000381469727,3.0,200.0,108.4,18.0
352000.0,4116.666857004166,5294.0,32.0,16.600000381469727,3.0,200.0,108.4,18.0
352050.0,4117.224467992783,5295.0,32.0,15.800000190734863,3.0,200.0,100.0,18.0
352100.0,4117.796038150787,5296.0,25.0,11.600000381469727,3.0,160.0,74.0,18.0
352150.0,4118.363769054413,5296.0,25.0,11.600000381469727,3.0,160.0,74.0,18.0
352200.0,4118.930697441101,5296.0,25.0,11.600000381469727,3.0,160.0,74.0,18.0
352250.0,4119.500440359116,5297.0,28.0,16.600000381469727,5.0,160.0,102.0,33.0
352300.0,4120.069671630859,5297.0,28.0,16.600000381469727,5.0,160.0,102.0,33.0
352350.0,4120.63667011261,5297.0,28.0,16.600000381469727,5.0,160.0,102.0,33.0
352400.0,4121.201958656311,5297.0,28.0,16.600000381469727,5.0,160.0,102.0,33.0
352450.0,4121.773739337921,5297.0,28.0,16.600000381469727,5.0,160.0,102.0,33.0
352500.0,4122.343381643295,5297.0,28.0,16.600000381469727,5.0,160.0,102.0,33.0
352550.0,4122.911747932434,5297.0,28.0,16.600000381469727,5.0,160.0,102.0,33.0
352600.0,4123.481454372406,5298.0,62.0,24.0,5.0,351.0,140.2,33.0
352650.0,4124.054290056229,5298.0,62.0,24.0,5.0,351.0,140.2,33.0
352700.0,4124.627263069153,5298.0,62.0,24.0,5.0,351.0,140.2,33.0
352750.0,4125.184933662415,5298.0,62.0,24.0,5.0,351.0,140.2,33.0
352800.0,4125.747708320618,5299.0,62.0,30.200000762939453,11.0,351.0,174.0,70.0
352850.0,4126.311790943146,5299.0,62.0,30.200000762939453,11.0,351.0,174.0,70.0
352900.0,4126.878764152527,5299.0,62.0,30.200000762939453,11.0,351.0,174.0,70.0
352950.0,4127.448337316513,5299.0,62.0,30.200000762939453,11.0,351.0,174.0,70.0
353000.0,4128.0206961631775,5299.0,62.0,30.200000762939453,11.0,351.0,174.0,70.0
353050.0,4128.587821483612,5300.0,62.0,35.79999923706055,11.0,351.0,205.8,70.0
353100.0,4129.154615879059,5300.0,62.0,35.79999923706055,11.0,351.0,205.8,70.0
353150.0,4129.72266292572,5301.0,62.0,36.79999923706055,16.0,351.0,212.2,102.0
353200.0,4130.279721498489,5301.0,62.0,36.79999923706055,16.0,351.0,212.2,102.0
353250.0,4130.83908033371,5302.0,62.0,34.400001525878906,16.0,351.0,200.2,98.0
353300.0,4131.403702020645,5303.0,42.0,23.399999618530273,7.0,248.0,138.0,40.0
353350.0,4131.970257997513,5304.0,42.0,17.600000381469727,7.0,248.0,106.0,40.0
353400.0,4132.5362050533295,5305.0,16.0,11.600000381469727,7.0,102.0,69.8,40.0
353450.0,4133.103128910065,5305.0,16.0,11.600000381469727,7.0,102.0,69.8,40.0
353500.0,4133.66098690033,5306.0,16.0,11.600000381469727,7.0,98.0,67.6,40.0
353550.0,4134.218901634216,5306.0,16.0,11.600000381469727,7.0,98.0,67.6,40.0
353600.0,4134.783843994141,5306.0,16.0,11.600000381469727,7.0,98.0,67.6,40.0
353650.0,4135.3514947891235,5306.0,16.0,11.600000381469727,7.0,98.0,67.6,40.0
353700.0,4135.919670820236,5306.0,16.0,11.600000381469727,7.0,98.0,67.6,40.0
353750.0,4136.485568523407,5306.0,16.0,11.600000381469727,7.0,98.0,67.6,40.0
353800.0,4137.050900697708,5306.0,16.0,11.600000381469727,7.0,98.0,67.6,40.0
353850.0,4137.618984460831,5307.0,63.0,21.0,7.0,360.0,120.0,40.0
353900.0,4138.186186075211,5307.0,63.0,21.0,7.0,360.0,120.0,40.0
353950.0,4138.754816532135,5308.0,63.0,23.0,7.0,360.0,131.8,42.0
354000.0,4139.322777509689,5309.0,63.0,22.799999237060547,6.0,360.0,131.6,41.0
354050.0,4139.887266635895,5310.0,63.0,22.200000762939453,6.0,360.0,128.2,41.0
354100.0,4140.442166566849,5310.0,63.0,22.200000762939453,6.0,360.0,128.2,41.0
354150.0,4141.002342700958,5310.0,63.0,22.200000762939453,6.0,360.0,128.2,41.0
354200.0,4141.571110248566,5311.0,63.0,24.200000762939453,6.0,360.0,141.8,41.0
354250.0,4142.1390290260315,5311.0,63.0,24.200000762939453,6.0,360.0,141.8,41.0
354300.0,4142.700255155563,5311.0,63.0,24.200000762939453,6.0,360.0,141.8,41.0
354350.0,4143.256135225296,5311.0,63.0,24.200000762939453,6.0,360.0,141.8,41.0
354400.0,4143.818548440933,5311.0,63.0,24.200000762939453,6.0,360.0,141.8,41.0
354450.0,4144.388036727905,5311.0,63.0,24.200000762939453,6.0,360.0,141.8,41.0
354500.0,4144.9546093940735,5311.0,63.0,24.200000762939453,6.0,360.0,141.8,41.0
354550.0,4145.5135543346405,5312.0,60.0,23.600000381469727,6.0,351.0,140.0,41.0
354600.0,4146.069593191147,5313.0,60.0,21.600000381469727,6.0,351.0,128.2,40.0
354650.0,4146.634681463242,5313.0,60.0,21.600000381469727,6.0,351.0,128.2,40.0
354700.0,4147.195761203766,5313.0,60.0,21.600000381469727,6.0,351.0,128.2,40.0
354750.0,4147.754060983658,5313.0,60.0,21.600000381469727,6.0,351.0,128.2,40.0
354800.0,4148.318235635757,5313.0,60.0,21.600000381469727,6.0,351.0,128.2,40.0
354850.0,4148.886306524277,5313.0,60.0,21.600000381469727,6.0,351.0,128.2,40.0
354900.0,4149.458112478256,5313.0,60.0,21.600000381469727,6.0,351.0,128.2,40.0
354950.0,4150.027679443359,5313.0,60.0,21.600000381469727,6.0,351.0,128.2,40.0
355000.0,4150.595360040665,5314.0,73.0,35.0,7.0,400.0,200.0,40.0
355050.0,4151.165523767471,5315.0,73.0,35.0,7.0,400.0,200.0,40.0
355100.0,4151.73321890831,5316.0,73.0,31.799999237060547,7.0,400.0,180.2,40.0
355150.0,4152.285001754761,5317.0,73.0,21.200000762939453,7.0,400.0,118.0,40.0
355200.0,4152.841343402863,5317.0,73.0,21.200000762939453,7.0,400.0,118.0,40.0
355250.0,4153.40530705452,5317.0,73.0,21.200000762939453,7.0,400.0,118.0,40.0
355300.0,4153.977997541428,5318.0,73.0,24.399999618530273,7.0,400.0,136.2,40.0
355350.0,4154.544635057449,5318.0,73.0,24.399999618530273,7.0,400.0,136.2,40.0
355400.0,4155.114988088608,5319.0,23.0,14.0,7.0,131.0,80.0,40.0
355450.0,4155.681572675705,5319.0,23.0,14.0,7.0,131.0,80.0,40.0
355500.0,4156.248558521271,5320.0,23.0,15.600000381469727,7.0,131.0,90.0,40.0
355550.0,4156.81814622879,5320.0,23.0,15.600000381469727,7.0,131.0,90.0,40.0
355600.0,4157.383854150772,5320.0,23.0,15.600000381469727,7.0,131.0,90.0,40.0
355650.0,4157.947125673294,5320.0,23.0,15.600000381469727,7.0,131.0,90.0,40.0
355700.0,4158.518057823181,5320.0,23.0,15.600000381469727,7.0,131.0,90.0,40.0
355750.0,4159.083163261414,5320.0,23.0,15.600000381469727,7.0,131.0,90.0,40.0
355800.0,4159.652394294739,5321.0,46.0,22.799999237060547,7.0,290.0,136.0,40.0
355850.0,4160.216437578201,5321.0,46.0,22.799999237060547,7.0,290.0,136.0,40.0
355900.0,4160.782810211182,5321.0,46.0,22.799999237060547,7.0,290.0,136.0,40.0
355950.0,4161.35157084465,5322.0,46.0,26.399999618530273,17.0,290.0,160.2,100.0
356000.0,4161.919721603394,5322.0,46.0,26.399999618530273,17.0,290.0,160.2,100.0
356050.0,4162.488707542419,5323.0,46.0,25.200000762939453,17.0,290.0,154.0,100.0
356100.0,4163.058220148087,5323.0,46.0,25.200000762939453,17.0,290.0,154.0,100.0
356150.0,4163.625624418259,5324.0,46.0,23.600000381469727,13.0,290.0,152.0,100.0
356200.0,4164.194553375244,5324.0,46.0,23.600000381469727,13.0,290.0,152.0,100.0
356250.0,4164.759472846985,5325.0,46.0,23.200000762939453,13.0,290.0,150.0,90.0
356300.0,4165.3248727321625,5325.0,46.0,23.200000762939453,13.0,290.0,150.0,90.0
356350.0,4165.891327857971,5325.0,46.0,23.200000762939453,13.0,290.0,150.0,90.0
356400.0,4166.455599308014,5325.0,46.0,23.200000762939453,13.0,290.0,150.0,90.0
356450.0,4167.022364139557,5325.0,46.0,23.200000762939453,13.0,290.0,150.0,90.0
356500.0,4167.579779148102,5325.0,46.0,23.200000762939453,13.0,290.0,150.0,90.0
356550.0,4168.147519111633,5325.0,46.0,23.200000762939453,13.0,290.0,150.0,90.0
356600.0,4168.727481842041,5325.0,46.0,23.200000762939453,13.0,290.0,150.0,90.0
356650.0,4169.296209812164,5325.0,46.0,23.200000762939453,13.0,290.0,150.0,90.0
356700.0,4169.8564558029175,5325.0,46.0,23.200000762939453,13.0,290.0,150.0,90.0
356750.0,4170.418693780899,5325.0,46.0,23.200000762939453,13.0,290.0,150.0,90.0
356800.0,4170.986350297928,5326.0,96.0,33.20000076293945,13.0,561.0,204.2,90.0
356850.0,4171.548169374466,5326.0,96.0,33.20000076293945,13.0,561.0,204.2,90.0
356900.0,4172.107441902161,5326.0,96.0,33.20000076293945,13.0,561.0,204.2,90.0
356950.0,4172.677312135696,5326.0,96.0,33.20000076293945,13.0,561.0,204.2,90.0
357000.0,4173.245557069778,5326.0,96.0,33.20000076293945,13.0,561.0,204.2,90.0
357050.0,4173.807103395462,5327.0,96.0,35.20000076293945,13.0,561.0,218.0,90.0
357100.0,4174.363889455795,5327.0,96.0,35.20000076293945,13.0,561.0,218.0,90.0
357150.0,4174.932531118393,5328.0,96.0,35.79999923706055,13.0,561.0,219.8,90.0
357200.0,4175.490256547928,5328.0,96.0,35.79999923706055,13.0,561.0,219.8,90.0
357250.0,4176.051688671112,5328.0,96.0,35.79999923706055,13.0,561.0,219.8,90.0
357300.0,4176.620409011841,5329.0,96.0,38.20000076293945,15.0,561.0,230.2,90.0
357350.0,4177.189569711685,5329.0,96.0,38.20000076293945,15.0,561.0,230.2,90.0
357400.0,4177.760297775269,5330.0,96.0,38.0,14.0,561.0,230.0,89.0
357450.0,4178.326948404312,5330.0,96.0,38.0,14.0,561.0,230.0,89.0
357500.0,4178.902989864349,5330.0,96.0,38.0,14.0,561.0,230.0,89.0
357550.0,4179.460574865341,5330.0,96.0,38.0,14.0,561.0,230.0,89.0
357600.0,4180.0258367061615,5330.0,96.0,38.0,14.0,561.0,230.0,89.0
357650.0,4180.591758489609,5331.0,42.0,27.200000762939453,14.0,250.0,167.8,89.0
357700.0,4181.159186124802,5331.0,42.0,27.200000762939453,14.0,250.0,167.8,89.0
357750.0,4181.719216108322,5331.0,42.0,27.200000762939453,14.0,250.0,167.8,89.0
357800.0,4182.273635149002,5331.0,42.0,27.200000762939453,14.0,250.0,167.8,89.0
357850.0,4182.838100910187,5331.0,42.0,27.200000762939453,14.0,250.0,167.8,89.0
357900.0,4183.405002355576,5332.0,42.0,28.600000381469727,14.0,251.0,172.0,89.0
357950.0,4183.974125623703,5332.0,42.0,28.600000381469727,14.0,251.0,172.0,89.0
358000.0,4184.5408391952515,5332.0,42.0,28.600000381469727,14.0,251.0,172.0,89.0
358050.0,4185.111800670624,5332.0,42.0,28.600000381469727,14.0,251.0,172.0,89.0
358100.0,4185.679921388626,5332.0,42.0,28.600000381469727,14.0,251.0,172.0,89.0
358150.0,4186.245947360992,5332.0,42.0,28.600000381469727,14.0,251.0,172.0,89.0
358200.0,4186.813748121262,5332.0,42.0,28.600000381469727,14.0,251.0,172.0,89.0
358250.0,4187.383909463882,5332.0,42.0,28.600000381469727,14.0,251.0,172.0,89.0
358300.0,4187.9494161605835,5333.0,71.0,38.79999923706055,14.0,399.0,230.0,89.0
358350.0,4188.513099908829,5334.0,71.0,35.599998474121094,9.0,399.0,207.8,50.0
358400.0,4189.08442735672,5334.0,71.0,35.599998474121094,9.0,399.0,207.8,50.0
358450.0,4189.642643690109,5334.0,71.0,35.599998474121094,9.0,399.0,207.8,50.0
358500.0,4190.201144695282,5334.0,71.0,35.599998474121094,9.0,399.0,207.8,50.0
358550.0,4190.768320083618,5334.0,71.0,35.599998474121094,9.0,399.0,207.8,50.0
358600.0,4191.336082458496,5334.0,71.0,35.599998474121094,9.0,399.0,207.8,50.0
358650.0,4191.893233060837,5334.0,71.0,35.599998474121094,9.0,399.0,207.8,50.0
358700.0,4192.453511238098,5334.0,71.0,35.599998474121094,9.0,399.0,207.8,50.0
358750.0,4193.021552562714,5334.0,71.0,35.599998474121094,9.0,399.0,207.8,50.0
358800.0,4193.588243961334,5334.0,71.0,35.599998474121094,9.0,399.0,207.8,50.0
358850.0,4194.157209634781,5334.0,71.0,35.599998474121094,9.0,399.0,207.8,50.0
358900.0,4194.727546453476,5334.0,71.0,35.599998474121094,9.0,399.0,207.8,50.0
358950.0,4195.29388833046,5335.0,107.0,54.20000076293945,9.0,609.0,311.8,50.0
359000.0,4195.866765022278,5335.0,107.0,54.20000076293945,9.0,609.0,311.8,50.0
359050.0,4196.43675160408,5335.0,107.0,54.20000076293945,9.0,609.0,311.8,50.0
359100.0,4197.005267858505,5335.0,107.0,54.20000076293945,9.0,609.0,311.8,50.0
359150.0,4197.576872587204,5336.0,107.0,52.400001525878906,9.0,609.0,300.0,50.0
359200.0,4198.14768576622,5336.0,107.0,52.400001525878906,9.0,609.0,300.0,50.0
359250.0,4198.714477777481,5336.0,107.0,52.400001525878906,9.0,609.0,300.0,50.0
359300.0,4199.280973672867,5336.0,107.0,52.400001525878906,9.0,609.0,300.0,50.0
359350.0,4199.859630584717,5336.0,107.0,52.400001525878906,9.0,609.0,300.0,50.0
359400.0,4200.44190120697,5337.0,107.0,53.599998474121094,9.0,609.0,301.6,50.0
359450.0,4201.0293843746185,5337.0,107.0,53.599998474121094,9.0,609.0,301.6,50.0
359500.0,4201.602736234665,5337.0,107.0,53.599998474121094,9.0,609.0,301.6,50.0
359550.0,4202.183331489563,5337.0,107.0,53.599998474121094,9.0,609.0,301.6,50.0
359600.0,4202.769327878952,5338.0,107.0,46.20000076293945,9.0,609.0,260.0,50.0
359650.0,4203.360874891281,5338.0,107.0,46.20000076293945,9.0,609.0,260.0,50.0
359700.0,4203.947794437408,5338.0,107.0,46.20000076293945,9.0,609.0,260.0,50.0
359750.0,4204.533640623093,5338.0,107.0,46.20000076293945,9.0,609.0,260.0,50.0
359800.0,4205.118868589401,5339.0,107.0,50.400001525878906,30.0,609.0,290.0,191.0
359850.0,4205.701775312424,5339.0,107.0,50.400001525878906,30.0,609.0,290.0,191.0
359900.0,4206.288112878799,5339.0,107.0,50.400001525878906,30.0,609.0,290.0,191.0
359950.0,4206.872970581055,5339.0,107.0,50.400001525878906,30.0,609.0,290.0,191.0
360000.0,4207.45968914032,5339.0,107.0,50.400001525878906,30.0,609.0,290.0,191.0
360050.0,4208.048909187317,5343.0,34.0,13.0,0.0,229.0,91.4,6.0
360100.0,4208.613765716553,5344.0,34.0,7.400000095367432,0.0,229.0,57.8,6.0
360150.0,4209.186630249023,5348.0,2.0,1.2000000476837158,0.0,32.0,20.0,6.0
360200.0,4209.77574801445,5350.0,2.0,0.800000011920929,0.0,28.0,15.6,6.0
360250.0,4210.356682777405,5351.0,2.0,1.2000000476837158,0.0,32.0,20.8,12.0
360300.0,4210.925318956375,5351.0,2.0,1.2000000476837158,0.0,32.0,20.8,12.0
360350.0,4211.497402906418,5353.0,9.0,2.5999999046325684,0.0,112.0,38.0,6.0
360400.0,4212.06422328949,5355.0,9.0,3.0,0.0,112.0,42.0,6.0
360450.0,4212.637870550156,5356.0,9.0,3.200000047683716,0.0,112.0,44.4,6.0
360500.0,4213.200922012329,5357.0,3.0,2.0,0.0,44.0,30.0,6.0
360550.0,4213.764173746109,5358.0,6.0,3.200000047683716,1.0,70.0,42.8,16.0
360600.0,4214.32993721962,5359.0,6.0,2.799999952316284,1.0,70.0,37.6,16.0
360650.0,4214.900753736496,5359.0,6.0,2.799999952316284,1.0,70.0,37.6,16.0
360700.0,4215.479051113129,5360.0,8.0,4.199999809265137,1.0,100.0,54.4,18.0
360750.0,4216.0459706783295,5360.0,8.0,4.199999809265137,1.0,100.0,54.4,18.0
360800.0,4216.600674629211,5360.0,8.0,4.199999809265137,1.0,100.0,54.4,18.0
360850.0,4217.172227859497,5361.0,14.0,6.400000095367432,1.0,172.0,80.0,18.0
360900.0,4217.745782852173,5361.0,14.0,6.400000095367432,1.0,172.0,80.0,18.0
360950.0,4218.321153640747,5363.0,14.0,6.199999809265137,1.0,172.0,79.2,18.0
361000.0,4218.889235973358,5364.0,14.0,6.199999809265137,1.0,172.0,80.0,22.0
361050.0,4219.458287715912,5364.0,14.0,6.199999809265137,1.0,172.0,80.0,22.0
361100.0,4220.020932435989,5365.0,14.0,6.400000095367432,1.0,172.0,82.0,22.0
361150.0,4220.594577550888,5365.0,14.0,6.400000095367432,1.0,172.0,82.0,22.0
361200.0,4221.165354251862,5367.0,9.0,4.199999809265137,1.0,110.0,55.2,16.0
361250.0,4221.736595630646,5368.0,9.0,4.400000095367432,1.0,110.0,58.8,16.0
361300.0,4222.295182228088,5369.0,9.0,4.800000190734863,1.0,110.0,62.0,16.0
361350.0,4222.8716633319855,5370.0,7.0,3.799999952316284,1.0,90.0,50.0,16.0
361400.0,4223.443857192993,5371.0,4.0,3.200000047683716,1.0,56.0,42.4,16.0
361450.0,4224.007703304291,5372.0,6.0,4.199999809265137,3.0,72.0,53.6,38.0
361500.0,4224.573980808258,5373.0,6.0,4.0,3.0,72.0,50.0,38.0
361550.0,4225.153094530106,5375.0,6.0,3.4000000953674316,1.0,72.0,43.6,16.0
361600.0,4225.738158941269,5376.0,6.0,3.200000047683716,1.0,72.0,42.0,16.0
361650.0,4226.309525251389,5377.0,4.0,2.799999952316284,1.0,50.0,37.6,16.0
361700.0,4226.873829364777,5378.0,4.0,3.0,1.0,50.0,40.0,16.0
361750.0,4227.433345556259,5378.0,4.0,3.0,1.0,50.0,40.0,16.0
361800.0,4227.9955060482025,5379.0,7.0,3.799999952316284,1.0,90.0,50.0,16.0
361850.0,4228.574599981308,5380.0,7.0,4.800000190734863,3.0,90.0,60.8,44.0
361900.0,4229.143441200256,5380.0,7.0,4.800000190734863,3.0,90.0,60.8,44.0
361950.0,4229.716806411743,5381.0,7.0,5.400000095367432,4.0,90.0,67.6,50.0
362000.0,4230.2831609249115,5382.0,7.0,5.400000095367432,4.0,90.0,67.6,50.0
362050.0,4230.848270893097,5383.0,7.0,5.599999904632568,4.0,90.0,70.0,50.0
362100.0,4231.421859025955,5384.0,6.0,5.199999809265137,4.0,78.0,64.4,50.0
362150.0,4231.996087312698,5385.0,6.0,4.599999904632568,3.0,78.0,58.0,38.0
362200.0,4232.575108766556,5386.0,5.0,3.799999952316284,2.0,62.0,48.0,28.0
362250.0,4233.139540195465,5387.0,6.0,4.199999809265137,2.0,72.0,52.4,28.0
362300.0,4233.716078042984,5388.0,6.0,3.799999952316284,2.0,72.0,48.0,28.0
362350.0,4234.2904098033905,5389.0,6.0,3.799999952316284,2.0,72.0,47.6,28.0
362400.0,4234.871419668198,5390.0,6.0,4.199999809265137,2.0,72.0,52.0,28.0
362450.0,4235.440869808197,5391.0,6.0,4.400000095367432,3.0,72.0,54.4,40.0
362500.0,4236.017598390579,5392.0,5.0,4.0,3.0,60.0,50.0,40.0
362550.0,4236.592992544174,5393.0,5.0,4.0,3.0,60.0,49.6,38.0
362600.0,4237.161079645157,5394.0,5.0,3.5999999046325684,3.0,60.0,45.6,38.0
362650.0,4237.724429368973,5395.0,4.0,3.4000000953674316,3.0,50.0,43.6,38.0
362700.0,4238.284653902054,5396.0,5.0,3.799999952316284,3.0,60.0,47.6,38.0
362750.0,4238.851818561554,5397.0,5.0,3.799999952316284,3.0,60.0,48.0,38.0
362800.0,4239.427437782288,5398.0,5.0,4.199999809265137,3.0,60.0,52.4,40.0
362850.0,4240.005224466324,5399.0,5.0,4.199999809265137,3.0,60.0,52.4,40.0
362900.0,4240.589104890823,5400.0,6.0,4.599999904632568,3.0,70.0,56.4,40.0
362950.0,4241.164133787155,5401.0,6.0,4.0,2.0,70.0,50.4,30.0
363000.0,4241.73236489296,5402.0,6.0,3.799999952316284,2.0,70.0,47.6,30.0
363050.0,4242.294825792313,5403.0,6.0,4.0,2.0,72.0,50.0,30.0
363100.0,4242.8571600914,5404.0,6.0,4.199999809265137,2.0,72.0,52.0,30.0
363150.0,4243.428357362747,5405.0,6.0,3.799999952316284,2.0,72.0,48.0,30.0
363200.0,4243.9904243946075,5406.0,6.0,4.199999809265137,3.0,72.0,52.0,38.0
363250.0,4244.545230388641,5407.0,6.0,4.400000095367432,4.0,72.0,54.4,50.0
363300.0,4245.125485420227,5408.0,4.0,3.799999952316284,3.0,50.0,48.0,40.0
363350.0,4245.7061586380005,5409.0,5.0,4.0,3.0,60.0,50.0,40.0
363400.0,4246.28009390831,5409.0,5.0,4.0,3.0,60.0,50.0,40.0
363450.0,4246.859402894974,5410.0,9.0,5.0,3.0,112.0,62.4,40.0
363500.0,4247.429125547409,5411.0,9.0,4.800000190734863,3.0,112.0,60.0,38.0
363550.0,4248.01193356514,5412.0,9.0,4.800000190734863,3.0,112.0,60.0,38.0
363600.0,4248.577873468399,5413.0,9.0,5.0,3.0,112.0,62.0,38.0
363650.0,4249.135915517807,5414.0,9.0,4.800000190734863,3.0,112.0,60.0,38.0
363700.0,4249.704891204834,5416.0,4.0,3.200000047683716,2.0,50.0,40.8,26.0
363750.0,4250.284069299698,5417.0,4.0,3.200000047683716,2.0,58.0,42.4,26.0
363800.0,4250.86594748497,5418.0,4.0,2.5999999046325684,1.0,58.0,35.6,16.0
363850.0,4251.440855503082,5419.0,6.0,3.0,1.0,72.0,40.0,16.0
363900.0,4252.007746219635,5420.0,6.0,3.200000047683716,1.0,72.0,42.4,16.0
363950.0,4252.585068702698,5421.0,6.0,3.799999952316284,1.0,72.0,49.2,16.0
364000.0,4253.1657102108,5422.0,6.0,4.0,1.0,72.0,50.0,16.0
364050.0,4253.739498138428,5423.0,6.0,4.599999904632568,3.0,72.0,56.8,40.0
364100.0,4254.315907239914,5424.0,5.0,4.199999809265137,3.0,62.0,52.4,40.0
364150.0,4254.884393215179,5425.0,5.0,4.199999809265137,3.0,62.0,52.0,38.0
364200.0,4255.458742618561,5426.0,5.0,4.0,3.0,62.0,50.0,38.0
364250.0,4256.026490926743,5427.0,5.0,4.0,3.0,62.0,50.0,38.0
364300.0,4256.580732584,5428.0,5.0,4.0,3.0,62.0,50.0,38.0
364350.0,4257.140666484833,5429.0,5.0,4.0,3.0,62.0,50.0,38.0
364400.0,4257.709867954254,5429.0,5.0,4.0,3.0,62.0,50.0,38.0
364450.0,4258.282650232315,5430.0,8.0,5.0,4.0,98.0,62.0,50.0
364500.0,4258.848533153534,5431.0,8.0,4.800000190734863,3.0,98.0,60.0,40.0
364550.0,4259.403875589371,5431.0,8.0,4.800000190734863,3.0,98.0,60.0,40.0
364600.0,4259.970372676849,5432.0,8.0,5.0,3.0,98.0,63.2,40.0
364650.0,4260.5578417778015,5433.0,8.0,5.599999904632568,3.0,98.0,69.6,40.0
364700.0,4261.139072418213,5433.0,8.0,5.599999904632568,3.0,98.0,69.6,40.0
364750.0,4261.723881721497,5433.0,8.0,5.599999904632568,3.0,98.0,69.6,40.0
364800.0,4262.295300483704,5433.0,8.0,5.599999904632568,3.0,98.0,69.6,40.0
364850.0,4262.87256193161,5434.0,13.0,7.400000095367432,3.0,168.0,93.2,40.0
364900.0,4263.448738336563,5434.0,13.0,7.400000095367432,3.0,168.0,93.2,40.0
364950.0,4264.018548250198,5435.0,13.0,7.599999904632568,3.0,168.0,95.6,40.0
365000.0,4264.599971532822,5436.0,13.0,8.199999809265137,6.0,168.0,102.0,72.0
365050.0,4265.179842710495,5436.0,13.0,8.199999809265137,6.0,168.0,102.0,72.0
365100.0,4265.747841119766,5437.0,13.0,8.399999618530273,6.0,168.0,104.4,72.0
365150.0,4266.315644741058,5438.0,13.0,8.0,5.0,168.0,100.0,60.0
365200.0,4266.875046253204,5439.0,9.0,6.0,3.0,110.0,74.4,40.0
365250.0,4267.431587219238,5440.0,7.0,4.400000095367432,1.0,90.0,56.0,18.0
365300.0,4267.997101068497,5440.0,7.0,4.400000095367432,1.0,90.0,56.0,18.0
365350.0,4268.571288347244,5441.0,12.0,5.599999904632568,1.0,142.0,70.0,18.0
365400.0,4269.137269973755,5442.0,12.0,4.800000190734863,1.0,142.0,60.0,18.0
365450.0,4269.703724622726,5443.0,12.0,4.800000190734863,1.0,142.0,60.0,18.0
365500.0,4270.27266907692,5444.0,12.0,4.199999809265137,0.0,142.0,53.6,8.0
365550.0,4270.856905460358,5444.0,12.0,4.199999809265137,0.0,142.0,53.6,8.0
365600.0,4271.427713871002,5445.0,12.0,6.400000095367432,0.0,142.0,78.4,8.0
365650.0,4272.00453543663,5446.0,12.0,4.800000190734863,0.0,142.0,60.4,8.0
365700.0,4272.581322669983,5447.0,12.0,4.800000190734863,0.0,142.0,60.0,8.0
365750.0,4273.146069049835,5447.0,12.0,4.800000190734863,0.0,142.0,60.0,8.0
365800.0,4273.715254306793,5448.0,12.0,5.400000095367432,0.0,142.0,68.0,8.0
365850.0,4274.285803794861,5448.0,12.0,5.400000095367432,0.0,142.0,68.0,8.0
365900.0,4274.844065904617,5448.0,12.0,5.400000095367432,0.0,142.0,68.0,8.0
365950.0,4275.406800508499,5448.0,12.0,5.400000095367432,0.0,142.0,68.0,8.0
366000.0,4275.973443746567,5449.0,17.0,8.800000190734863,3.0,212.0,108.8,38.0
366050.0,4276.543828725815,5449.0,17.0,8.800000190734863,3.0,212.0,108.8,38.0
366100.0,4277.120188236237,5450.0,17.0,7.800000190734863,3.0,212.0,98.0,38.0
366150.0,4277.691424369812,5451.0,17.0,7.800000190734863,3.0,212.0,97.6,38.0
366200.0,4278.264846086502,5452.0,17.0,8.199999809265137,4.0,212.0,102.0,50.0
366250.0,4278.835852861404,5453.0,17.0,7.400000095367432,4.0,212.0,92.0,50.0
366300.0,4279.407176494598,5454.0,7.0,4.199999809265137,1.0,88.0,53.2,18.0
366350.0,4279.97650718689,5455.0,6.0,4.0,1.0,72.0,50.0,18.0
366400.0,4280.548411130905,5456.0,6.0,4.199999809265137,1.0,72.0,52.0,18.0
366450.0,4281.14315867424,5457.0,6.0,4.0,1.0,72.0,50.0,18.0
366500.0,4281.717803001404,5458.0,6.0,3.799999952316284,1.0,72.0,48.0,18.0
366550.0,4282.285085916519,5458.0,6.0,3.799999952316284,1.0,72.0,48.0,18.0
366600.0,4282.858737945557,5459.0,8.0,5.199999809265137,3.0,100.0,64.4,40.0
366650.0,4283.433167695999,5460.0,8.0,5.0,3.0,100.0,62.0,40.0
366700.0,4284.001342058182,5460.0,8.0,5.0,3.0,100.0,62.0,40.0
366750.0,4284.571078777313,5460.0,8.0,5.0,3.0,100.0,62.0,40.0
366800.0,4285.137680053711,5460.0,8.0,5.0,3.0,100.0,62.0,40.0
366850.0,4285.712427377701,5461.0,15.0,7.0,3.0,190.0,88.0,40.0
366900.0,4286.276306390762,5461.0,15.0,7.0,3.0,190.0,88.0,40.0
366950.0,4286.858966350555,5462.0,15.0,8.0,3.0,190.0,100.4,40.0
367000.0,4287.427673339844,5462.0,15.0,8.0,3.0,190.0,100.4,40.0
367050.0,4287.998078346252,5462.0,15.0,8.0,3.0,190.0,100.4,40.0
367100.0,4288.568719148636,5463.0,15.0,9.199999809265137,5.0,190.0,115.6,60.0
367150.0,4289.145018339157,5463.0,15.0,9.199999809265137,5.0,190.0,115.6,60.0
367200.0,4289.718352794647,5464.0,15.0,9.399999618530273,5.0,190.0,118.0,60.0
367250.0,4290.302841424942,5465.0,15.0,9.0,3.0,190.0,113.6,38.0
367300.0,4290.876140117645,5465.0,15.0,9.0,3.0,190.0,113.6,38.0
367350.0,4291.461683988571,5465.0,15.0,9.0,3.0,190.0,113.6,38.0
367400.0,4292.032627105713,5465.0,15.0,9.0,3.0,190.0,113.6,38.0
367450.0,4292.613813638687,5465.0,15.0,9.0,3.0,190.0,113.6,38.0
367500.0,4293.183238983154,5466.0,23.0,10.600000381469727,3.0,282.0,132.0,38.0
367550.0,4293.759711027145,5467.0,23.0,9.600000381469727,3.0,282.0,119.6,38.0
367600.0,4294.324413537979,5467.0,23.0,9.600000381469727,3.0,282.0,119.6,38.0
367650.0,4294.883296012878,5467.0,23.0,9.600000381469727,3.0,282.0,119.6,38.0
367700.0,4295.454456567764,5468.0,23.0,10.199999809265137,3.0,282.0,126.4,38.0
367750.0,4296.02114033699,5469.0,23.0,9.199999809265137,3.0,282.0,114.0,38.0
367800.0,4296.580930709839,5470.0,23.0,9.399999618530273,4.0,282.0,116.4,50.0
367850.0,4297.148633956909,5471.0,12.0,5.599999904632568,4.0,150.0,70.0,50.0
367900.0,4297.7367951869965,5474.0,4.0,2.200000047683716,1.0,50.0,30.0,16.0
367950.0,4298.310705900192,5476.0,3.0,1.2000000476837158,0.0,40.0,19.2,6.0
368000.0,4298.8827748298645,5477.0,3.0,1.600000023841858,0.0,44.0,24.4,6.0
368050.0,4299.454867839813,5478.0,3.0,1.7999999523162842,0.0,44.0,26.8,6.0
368100.0,4300.01890540123,5479.0,6.0,2.799999952316284,0.0,72.0,38.0,6.0
368150.0,4300.579982042313,5479.0,6.0,2.799999952316284,0.0,72.0,38.0,6.0
368200.0,4301.145552158356,5479.0,6.0,2.799999952316284,0.0,72.0,38.0,6.0
368250.0,4301.723127603531,5482.0,9.0,3.799999952316284,1.0,118.0,50.0,16.0
368300.0,4302.291931390762,5483.0,9.0,4.400000095367432,1.0,118.0,56.8,16.0
368350.0,4302.874108076096,5484.0,9.0,3.799999952316284,1.0,118.0,50.0,16.0
368400.0,4303.467851638794,5485.0,5.0,2.799999952316284,1.0,62.0,36.4,16.0
368450.0,4304.056686878204,5485.0,5.0,2.799999952316284,1.0,62.0,36.4,16.0
368500.0,4304.630113363266,5486.0,8.0,4.199999809265137,1.0,100.0,53.2,16.0
368550.0,4305.215651512146,5487.0,8.0,5.0,3.0,100.0,62.0,38.0
368600.0,4305.805389165878,5487.0,8.0,5.0,3.0,100.0,62.0,38.0
368650.0,4306.39497923851,5488.0,8.0,5.400000095367432,3.0,100.0,67.6,38.0
368700.0,4306.982181072235,5489.0,8.0,5.599999904632568,4.0,100.0,70.0,50.0
368750.0,4307.570667505264,5489.0,8.0,5.599999904632568,4.0,100.0,70.0,50.0
368800.0,4308.145960330963,5490.0,8.0,6.0,4.0,100.0,75.6,50.0
368850.0,4308.71902179718,5490.0,8.0,6.0,4.0,100.0,75.6,50.0
368900.0,4309.302405595779,5491.0,10.0,6.400000095367432,4.0,122.0,80.0,50.0
368950.0,4309.883317708969,5491.0,10.0,6.400000095367432,4.0,122.0,80.0,50.0
369000.0,4310.454522371292,5492.0,10.0,6.800000190734863,4.0,122.0,86.0,50.0
369050.0,4311.020172834396,5493.0,10.0,6.599999904632568,4.0,122.0,82.4,50.0
369100.0,4311.581302404404,5494.0,10.0,6.599999904632568,4.0,122.0,82.0,48.0
369150.0,4312.165261268616,5495.0,10.0,6.0,3.0,122.0,74.4,40.0
369200.0,4312.756618261337,5496.0,7.0,4.800000190734863,3.0,90.0,60.0,40.0
369250.0,4313.339307785034,5497.0,6.0,4.199999809265137,3.0,72.0,52.0,40.0
369300.0,4313.900089979172,5497.0,6.0,4.199999809265137,3.0,72.0,52.0,40.0
369350.0,4314.462414264679,5498.0,9.0,4.800000190734863,3.0,110.0,59.6,40.0
369400.0,4315.032120227814,5499.0,9.0,4.400000095367432,2.0,110.0,56.0,30.0
369450.0,4315.605412006378,5500.0,9.0,5.0,2.0,110.0,62.0,30.0
369500.0,4316.175196647644,5501.0,9.0,5.0,2.0,110.0,62.0,30.0
369550.0,4316.747758388519,5502.0,9.0,5.0,2.0,110.0,62.0,30.0
369600.0,4317.31299996376,5503.0,6.0,3.799999952316284,2.0,70.0,48.0,30.0
369650.0,4317.870808124542,5504.0,6.0,4.400000095367432,3.0,70.0,54.4,40.0
369700.0,4318.43598818779,5504.0,6.0,4.400000095367432,3.0,70.0,54.4,40.0
369750.0,4319.004656076431,5504.0,6.0,4.400000095367432,3.0,70.0,54.4,40.0
369800.0,4319.584182262421,5504.0,6.0,4.400000095367432,3.0,70.0,54.4,40.0
369850.0,4320.15313410759,5505.0,13.0,5.800000190734863,3.0,166.0,73.6,40.0
369900.0,4320.7097499370575,5505.0,13.0,5.800000190734863,3.0,166.0,73.6,40.0
369950.0,4321.289593458176,5506.0,13.0,7.0,3.0,166.0,88.0,40.0
370000.0,4321.87562251091,5507.0,13.0,7.199999809265137,3.0,166.0,90.4,40.0
370050.0,4322.451201915741,5508.0,13.0,7.400000095367432,4.0,166.0,92.0,48.0
370100.0,4323.01566028595,5508.0,13.0,7.400000095367432,4.0,166.0,92.0,48.0
370150.0,4323.576356649399,5509.0,13.0,7.800000190734863,4.0,166.0,97.6,48.0
370200.0,4324.152244091034,5509.0,13.0,7.800000190734863,4.0,166.0,97.6,48.0
370250.0,4324.73473739624,5509.0,13.0,7.800000190734863,4.0,166.0,97.6,48.0
370300.0,4325.289178371429,5509.0,13.0,7.800000190734863,4.0,166.0,97.6,48.0
370350.0,4325.850484132767,5510.0,17.0,8.600000381469727,4.0,212.0,106.8,48.0
370400.0,4326.420425653458,5510.0,17.0,8.600000381469727,4.0,212.0,106.8,48.0
370450.0,4326.988614797592,5511.0,17.0,8.0,4.0,212.0,100.0,48.0
370500.0,4327.559973239899,5512.0,17.0,7.599999904632568,3.0,212.0,95.6,40.0
370550.0,4328.137686014175,5513.0,17.0,7.800000190734863,3.0,212.0,98.0,40.0
370600.0,4328.712330579758,5513.0,17.0,7.800000190734863,3.0,212.0,98.0,40.0
370650.0,4329.294499874115,5514.0,17.0,7.800000190734863,3.0,212.0,98.0,40.0
370700.0,4329.86746430397,5518.0,7.0,2.200000047683716,0.0,90.0,31.2,6.0
370750.0,4330.441511154175,5518.0,7.0,2.200000047683716,0.0,90.0,31.2,6.0
370800.0,4331.008907794952,5519.0,5.0,1.7999999523162842,0.0,72.0,27.6,6.0
370850.0,4331.583522319794,5519.0,5.0,1.7999999523162842,0.0,72.0,27.6,6.0
370900.0,4332.171405076981,5520.0,9.0,3.0,0.0,112.0,42.4,6.0
370950.0,4332.743611574173,5520.0,9.0,3.0,0.0,112.0,42.4,6.0
371000.0,4333.328513145447,5521.0,10.0,4.800000190734863,0.0,120.0,63.2,6.0
371050.0,4333.902632236481,5523.0,10.0,5.400000095367432,1.0,120.0,69.6,16.0
371100.0,4334.476759433746,5524.0,10.0,5.199999809265137,1.0,120.0,66.4,16.0
371150.0,4335.055102348328,5525.0,10.0,3.5999999046325684,1.0,120.0,47.6,16.0
371200.0,4335.628637552261,5527.0,4.0,2.200000047683716,1.0,56.0,31.2,16.0
371250.0,4336.200950145721,5527.0,4.0,2.200000047683716,1.0,56.0,31.2,16.0
371300.0,4336.772562742233,5529.0,6.0,2.5999999046325684,1.0,84.0,36.8,16.0
371350.0,4337.345100879669,5530.0,6.0,3.4000000953674316,1.0,84.0,46.8,16.0
371400.0,4337.908968925476,5530.0,6.0,3.4000000953674316,1.0,84.0,46.8,16.0
371450.0,4338.480189085007,5532.0,6.0,3.5999999046325684,1.0,84.0,50.0,16.0
371500.0,4339.050325155258,5533.0,5.0,3.4000000953674316,1.0,68.0,46.4,16.0
371550.0,4339.625663280487,5533.0,5.0,3.4000000953674316,1.0,68.0,46.4,16.0
371600.0,4340.197628974915,5534.0,7.0,4.599999904632568,1.0,90.0,61.2,16.0
371650.0,4340.769826412201,5534.0,7.0,4.599999904632568,1.0,90.0,61.2,16.0
371700.0,4341.337605476379,5535.0,7.0,4.800000190734863,1.0,90.0,63.2,16.0
371750.0,4341.905815124512,5537.0,7.0,4.800000190734863,3.0,90.0,62.4,38.0
371800.0,4342.480757474899,5538.0,7.0,4.599999904632568,3.0,90.0,60.0,38.0
371850.0,4343.037824630737,5538.0,7.0,4.599999904632568,3.0,90.0,60.0,38.0
371900.0,4343.61151432991,5539.0,8.0,4.800000190734863,3.0,100.0,62.0,38.0
371950.0,4344.190058469772,5539.0,8.0,4.800000190734863,3.0,100.0,62.0,38.0
372000.0,4344.7642233371735,5539.0,8.0,4.800000190734863,3.0,100.0,62.0,38.0
372050.0,4345.32746553421,5539.0,8.0,4.800000190734863,3.0,100.0,62.0,38.0
372100.0,4345.888038158417,5540.0,15.0,6.599999904632568,3.0,190.0,84.4,38.0
372150.0,4346.457888841629,5540.0,15.0,6.599999904632568,3.0,190.0,84.4,38.0
372200.0,4347.032002925873,5541.0,15.0,7.400000095367432,3.0,190.0,94.4,38.0
372250.0,4347.596603393555,5542.0,15.0,7.800000190734863,4.0,190.0,98.8,54.0
372300.0,4348.167524337769,5543.0,15.0,8.0,5.0,190.0,100.4,60.0
372350.0,4348.7455842494965,5543.0,15.0,8.0,5.0,190.0,100.4,60.0
372400.0,4349.328493833542,5543.0,15.0,8.0,5.0,190.0,100.4,60.0
372450.0,4349.903391838074,5546.0,8.0,4.199999809265137,0.0,106.0,54.4,6.0
372500.0,4350.464000940323,5549.0,3.0,1.0,0.0,38.0,16.4,6.0
372550.0,4351.039108991623,5551.0,3.0,1.2000000476837158,0.0,38.0,18.4,6.0
372600.0,4351.609450101852,5552.0,3.0,1.2000000476837158,0.0,38.0,20.0,14.0
372650.0,4352.167418241501,5552.0,3.0,1.2000000476837158,0.0,38.0,20.0,14.0
372700.0,4352.744270563126,5552.0,3.0,1.2000000476837158,0.0,38.0,20.0,14.0
372750.0,4353.320559978485,5553.0,15.0,4.0,0.0,182.0,53.2,14.0
372800.0,4353.900084018707,5557.0,15.0,3.5999999046325684,0.0,182.0,47.6,6.0
372850.0,4354.475267410278,5559.0,1.0,0.6000000238418579,0.0,16.0,13.2,6.0
372900.0,4355.04860496521,5560.0,2.0,0.800000011920929,0.0,34.0,16.8,6.0
372950.0,4355.623490333557,5562.0,5.0,1.7999999523162842,0.0,60.0,27.6,12.0
373000.0,4356.194505214691,5564.0,5.0,2.0,1.0,60.0,30.0,16.0
373050.0,4356.762856245041,5565.0,5.0,2.0,1.0,60.0,30.0,16.0
373100.0,4357.328578233719,5567.0,4.0,2.0,1.0,50.0,30.4,16.0
373150.0,4357.897782087326,5567.0,4.0,2.0,1.0,50.0,30.4,16.0
373200.0,4358.477630615234,5568.0,8.0,3.4000000953674316,1.0,104.0,46.4,16.0
373250.0,4359.060300111771,5570.0,8.0,3.5999999046325684,1.0,104.0,47.6,18.0
373300.0,4359.636136770248,5571.0,8.0,2.799999952316284,0.0,104.0,40.0,12.0
373350.0,4360.212074995041,5572.0,8.0,4.0,0.0,104.0,52.8,12.0
373400.0,4360.794020652771,5573.0,8.0,3.0,0.0,92.0,40.0,12.0
373450.0,4361.380558252335,5576.0,8.0,3.0,0.0,92.0,38.8,6.0
373500.0,4361.963064670563,5576.0,8.0,3.0,0.0,92.0,38.8,6.0
373550.0,4362.549143791199,5577.0,7.0,2.799999952316284,0.0,88.0,38.0,6.0
373600.0,4363.135142326355,5578.0,7.0,3.0,0.0,88.0,40.0,6.0
373650.0,4363.697354316711,5581.0,7.0,2.799999952316284,1.0,88.0,37.6,16.0
373700.0,4364.270437240601,5583.0,3.0,1.399999976158142,1.0,38.0,21.2,16.0
373750.0,4364.856312274933,5583.0,3.0,1.399999976158142,1.0,38.0,21.2,16.0
373800.0,4365.440107822418,5583.0,3.0,1.399999976158142,1.0,38.0,21.2,16.0
373850.0,4366.018761873245,5586.0,9.0,3.0,0.0,122.0,42.4,6.0
373900.0,4366.597717285156,5587.0,9.0,3.200000047683716,0.0,122.0,44.4,6.0
373950.0,4367.184261083603,5590.0,3.0,1.7999999523162842,0.0,38.0,25.6,6.0
374000.0,4367.767907142639,5592.0,3.0,1.600000023841858,0.0,38.0,23.2,6.0
374050.0,4368.353178024292,5594.0,3.0,0.6000000238418579,0.0,38.0,13.6,6.0
374100.0,4368.934810638428,5598.0,4.0,1.0,0.0,54.0,17.6,6.0
374150.0,4369.517699480057,5599.0,4.0,1.600000023841858,0.0,54.0,25.2,6.0
374200.0,4370.09548163414,5599.0,4.0,1.600000023841858,0.0,54.0,25.2,6.0
374250.0,4370.667065620422,5602.0,5.0,2.0,0.0,68.0,30.4,6.0
374300.0,4371.241867542267,5602.0,5.0,2.0,0.0,68.0,30.4,6.0
374350.0,4371.821152210236,5603.0,5.0,2.799999952316284,0.0,68.0,42.4,6.0
374400.0,4372.393706560135,5606.0,4.0,2.5999999046325684,1.0,66.0,37.6,16.0
374450.0,4372.98682308197,5608.0,4.0,2.0,1.0,50.0,27.6,16.0
374500.0,4373.579388141632,5608.0,4.0,2.0,1.0,50.0,27.6,16.0
374550.0,4374.168451309204,5612.0,5.0,1.399999976158142,0.0,72.0,23.2,6.0
374600.0,4374.75840139389,5613.0,5.0,2.0,0.0,72.0,30.8,6.0
374650.0,4375.327511787415,5614.0,4.0,1.600000023841858,0.0,54.0,24.4,6.0
374700.0,4375.9068059921265,5614.0,4.0,1.600000023841858,0.0,54.0,24.4,6.0
374750.0,4376.487156629562,5615.0,7.0,3.0,0.0,90.0,41.2,6.0
374800.0,4377.060890674591,5618.0,7.0,2.799999952316284,0.0,90.0,38.0,6.0
374850.0,4377.634948253632,5620.0,4.0,1.600000023841858,0.0,50.0,23.2,6.0
374900.0,4378.215527534485,5622.0,4.0,1.0,0.0,50.0,18.0,6.0
374950.0,4378.779769659042,5623.0,6.0,2.0,0.0,76.0,30.0,6.0
375000.0,4379.339825868607,5624.0,6.0,2.200000047683716,0.0,76.0,32.0,6.0
375050.0,4379.916028261185,5624.0,6.0,2.200000047683716,0.0,76.0,32.0,6.0
375100.0,4380.493881225586,5625.0,8.0,3.799999952316284,0.0,102.0,51.2,6.0
375150.0,4381.068853855133,5626.0,8.0,4.599999904632568,0.0,102.0,58.4,6.0
375200.0,4381.633903980255,5626.0,8.0,4.599999904632568,0.0,102.0,58.4,6.0
375250.0,4382.193087339401,5631.0,4.0,1.2000000476837158,0.0,58.0,20.4,6.0
375300.0,4382.767298698425,5632.0,1.0,0.6000000238418579,0.0,16.0,12.0,6.0
375350.0,4383.351948022842,5635.0,3.0,1.399999976158142,0.0,40.0,21.2,6.0
375400.0,4383.92822432518,5636.0,3.0,2.0,0.0,40.0,27.6,6.0
375450.0,4384.50354385376,5637.0,3.0,2.0,0.0,40.0,28.0,6.0
375500.0,4385.080201864243,5641.0,4.0,1.2000000476837158,0.0,50.0,19.2,6.0
375550.0,4385.6558973789215,5641.0,4.0,1.2000000476837158,0.0,50.0,19.2,6.0
375600.0,4386.224694013596,5642.0,9.0,2.799999952316284,0.0,116.0,38.8,6.0
375650.0,4386.811282873154,5642.0,9.0,2.799999952316284,0.0,116.0,38.8,6.0
375700.0,4387.401089191437,5642.0,9.0,2.799999952316284,0.0,116.0,38.8,6.0
375750.0,4388.0013909339905,5642.0,9.0,2.799999952316284,0.0,116.0,38.8,6.0
375800.0,4388.590061664581,5645.0,13.0,4.599999904632568,0.0,166.0,62.0,6.0
375850.0,4389.16335439682,5646.0,13.0,4.800000190734863,0.0,166.0,64.4,6.0
375900.0,4389.740826368332,5647.0,13.0,3.799999952316284,0.0,166.0,51.2,6.0
375950.0,4390.3147149086,5648.0,7.0,2.5999999046325684,0.0,82.0,34.4,6.0
376000.0,4390.890699625015,5650.0,7.0,3.200000047683716,1.0,82.0,41.2,18.0
376050.0,4391.472844839096,5651.0,7.0,3.200000047683716,1.0,82.0,42.0,18.0
376100.0,4392.04758477211,5654.0,4.0,2.0,1.0,50.0,28.4,16.0
376150.0,4392.624289512634,5655.0,4.0,2.0,1.0,50.0,28.8,16.0
376200.0,4393.194929122925,5657.0,3.0,1.600000023841858,1.0,40.0,23.2,16.0
376250.0,4393.781680107117,5659.0,3.0,1.7999999523162842,1.0,40.0,26.8,16.0
376300.0,4394.350449562073,5659.0,3.0,1.7999999523162842,1.0,40.0,26.8,16.0
376350.0,4394.9229872226715,5664.0,5.0,1.399999976158142,0.0,74.0,23.6,6.0
376400.0,4395.519464254379,5666.0,2.0,0.800000011920929,0.0,28.0,14.4,6.0
376450.0,4396.097309827805,5670.0,2.0,0.6000000238418579,0.0,28.0,13.6,6.0
376500.0,4396.6572642326355,5674.0,2.0,0.4000000059604645,0.0,28.0,11.2,6.0
376550.0,4397.215031862259,5675.0,2.0,0.6000000238418579,0.0,28.0,14.0,6.0
376600.0,4397.805634737015,5676.0,6.0,1.7999999523162842,0.0,72.0,26.4,6.0
376650.0,4398.373094320297,5677.0,6.0,2.4000000953674316,0.0,72.0,33.2,6.0
376700.0,4398.9332501888275,5678.0,6.0,3.5999999046325684,1.0,72.0,46.0,20.0
376750.0,4399.501677751541,5679.0,6.0,3.799999952316284,1.0,72.0,48.4,20.0
376800.0,4400.080697774887,5679.0,6.0,3.799999952316284,1.0,72.0,48.4,20.0
376850.0,4400.657783508301,5680.0,6.0,4.599999904632568,3.0,72.0,58.0,40.0
376900.0,4401.25156545639,5680.0,6.0,4.599999904632568,3.0,72.0,58.0,40.0
376950.0,4401.8317811489105,5681.0,10.0,5.400000095367432,3.0,122.0,68.0,40.0
377000.0,4402.40895485878,5682.0,10.0,6.0,3.0,122.0,74.0,40.0
377050.0,4402.984827041626,5683.0,10.0,5.400000095367432,3.0,122.0,68.0,40.0
377100.0,4403.567991018295,5683.0,10.0,5.400000095367432,3.0,122.0,68.0,40.0
377150.0,4404.168743848801,5684.0,10.0,5.800000190734863,3.0,122.0,73.6,40.0
377200.0,4404.765768527985,5684.0,10.0,5.800000190734863,3.0,122.0,73.6,40.0
377250.0,4405.364799022675,5685.0,12.0,7.199999809265137,3.0,144.0,88.8,40.0
377300.0,4405.965832948685,5685.0,12.0,7.199999809265137,3.0,144.0,88.8,40.0
377350.0,4406.55175948143,5686.0,12.0,6.400000095367432,3.0,144.0,80.0,40.0
377400.0,4407.139421701431,5687.0,12.0,6.199999809265137,3.0,144.0,78.0,40.0
377450.0,4407.737454175949,5687.0,12.0,6.199999809265137,3.0,144.0,78.0,40.0
377500.0,4408.3269572258,5687.0,12.0,6.199999809265137,3.0,144.0,78.0,40.0
377550.0,4408.93242764473,5688.0,12.0,8.0,5.0,150.0,100.0,60.0
377600.0,4409.515166521072,5689.0,12.0,7.400000095367432,2.0,150.0,92.0,28.0
377650.0,4410.1085913181305,5691.0,12.0,4.800000190734863,0.0,150.0,61.2,6.0
377700.0,4410.716084480286,5692.0,12.0,4.800000190734863,0.0,150.0,62.4,6.0
377750.0,4411.287400484085,5692.0,12.0,4.800000190734863,0.0,150.0,62.4,6.0
377800.0,4411.868045568466,5693.0,7.0,3.799999952316284,0.0,88.0,50.0,6.0
377850.0,4412.446451663971,5694.0,7.0,4.400000095367432,0.0,88.0,56.8,6.0
377900.0,4413.027485609055,5695.0,7.0,4.0,0.0,88.0,52.0,6.0
377950.0,4413.617193222046,5696.0,7.0,5.0,3.0,88.0,62.8,38.0
378000.0,4414.21554517746,5696.0,7.0,5.0,3.0,88.0,62.8,38.0
378050.0,4414.818204164505,5697.0,7.0,5.400000095367432,3.0,90.0,67.6,38.0
378100.0,4415.401540756226,5697.0,7.0,5.400000095367432,3.0,90.0,67.6,38.0
378150.0,4415.986953020096,5699.0,7.0,4.599999904632568,2.0,90.0,58.4,26.0
378200.0,4416.563631534576,5700.0,7.0,4.0,0.0,90.0,53.6,14.0
378250.0,4417.156152963638,5700.0,7.0,4.0,0.0,90.0,53.6,14.0
378300.0,4417.7597732543945,5701.0,10.0,5.0,0.0,122.0,66.0,14.0
378350.0,4418.350971460342,5701.0,10.0,5.0,0.0,122.0,66.0,14.0
378400.0,4418.938046216965,5702.0,10.0,5.199999809265137,0.0,122.0,68.0,14.0
378450.0,4419.532306432724,5703.0,10.0,5.199999809265137,0.0,122.0,66.4,14.0
378500.0,4420.131751298904,5704.0,10.0,5.599999904632568,0.0,122.0,71.6,14.0
378550.0,4420.735585451126,5705.0,10.0,6.0,2.0,122.0,74.4,28.0
378600.0,4421.305954456329,5706.0,8.0,5.0,2.0,100.0,62.0,28.0
378650.0,4421.883341312408,5707.0,6.0,4.199999809265137,2.0,70.0,52.0,28.0
378700.0,4422.451880455017,5707.0,6.0,4.199999809265137,2.0,70.0,52.0,28.0
378750.0,4423.020029306412,5708.0,6.0,4.199999809265137,2.0,78.0,53.6,28.0
378800.0,4423.598675966263,5709.0,6.0,4.400000095367432,2.0,78.0,55.6,28.0
378850.0,4424.180074214935,5709.0,6.0,4.400000095367432,2.0,78.0,55.6,28.0
378900.0,4424.7648396492,5710.0,10.0,6.0,4.0,122.0,74.4,50.0
378950.0,4425.351828813553,5711.0,10.0,5.400000095367432,2.0,122.0,68.0,28.0
379000.0,4425.92844414711,5712.0,10.0,5.199999809265137,2.0,122.0,65.6,28.0
379050.0,4426.507897377014,5713.0,10.0,5.199999809265137,2.0,122.0,64.4,28.0
379100.0,4427.095026016235,5713.0,10.0,5.199999809265137,2.0,122.0,64.4,28.0
379150.0,4427.6815066337585,5714.0,10.0,5.599999904632568,2.0,122.0,70.0,28.0
379200.0,4428.26359128952,5716.0,7.0,3.799999952316284,0.0,90.0,48.8,6.0
379250.0,4428.831089019775,5717.0,7.0,3.5999999046325684,0.0,90.0,48.0,6.0
379300.0,4429.391026973724,5717.0,7.0,3.5999999046325684,0.0,90.0,48.0,6.0
379350.0,4429.951874256134,5718.0,12.0,4.800000190734863,0.0,142.0,62.0,6.0
379400.0,4430.519513607025,5719.0,12.0,3.4000000953674316,0.0,142.0,45.6,6.0
379450.0,4431.075416088104,5720.0,12.0,4.400000095367432,0.0,142.0,56.4,6.0
379500.0,4431.626449584961,5722.0,12.0,4.599999904632568,0.0,142.0,57.6,6.0
379550.0,4432.205815553665,5722.0,12.0,4.599999904632568,0.0,142.0,57.6,6.0
379600.0,4432.7732837200165,5723.0,8.0,3.5999999046325684,0.0,94.0,48.0,6.0
379650.0,4433.338931083679,5724.0,8.0,4.599999904632568,0.0,94.0,58.4,6.0
379700.0,4433.910708665848,5726.0,7.0,3.0,0.0,94.0,41.2,6.0
379750.0,4434.496235609055,5727.0,7.0,3.4000000953674316,0.0,94.0,46.4,8.0
379800.0,4435.071042299271,5730.0,3.0,1.7999999523162842,0.0,38.0,26.8,6.0
379850.0,4435.643385410309,5731.0,3.0,1.7999999523162842,0.0,48.0,28.8,6.0
379900.0,4436.215259313583,5732.0,4.0,2.200000047683716,0.0,50.0,32.4,6.0
379950.0,4436.795605421066,5733.0,4.0,2.0,0.0,50.0,30.0,6.0
380000.0,4437.381542205811,5734.0,8.0,3.200000047683716,0.0,94.0,43.2,6.0
380050.0,4437.952529907227,5735.0,8.0,3.5999999046325684,1.0,94.0,47.6,18.0
380100.0,4438.529381990433,5736.0,8.0,4.199999809265137,1.0,94.0,52.4,18.0
380150.0,4439.0961372852325,5737.0,8.0,4.0,1.0,94.0,50.0,18.0
380200.0,4439.664012908936,5738.0,8.0,4.599999904632568,2.0,94.0,56.4,28.0
380250.0,4440.239308834076,5738.0,8.0,4.599999904632568,2.0,94.0,56.4,28.0
380300.0,4440.816159248352,5739.0,7.0,4.400000095367432,2.0,90.0,55.6,28.0
380350.0,4441.396117687225,5740.0,7.0,4.800000190734863,3.0,90.0,60.0,38.0
380400.0,4441.970149040222,5741.0,7.0,4.400000095367432,3.0,90.0,55.6,38.0
380450.0,4442.552012205124,5741.0,7.0,4.400000095367432,3.0,90.0,55.6,38.0
380500.0,4443.111914157867,5742.0,8.0,5.400000095367432,4.0,98.0,67.6,50.0
380550.0,4443.682065248489,5743.0,8.0,5.599999904632568,4.0,98.0,70.0,50.0
380600.0,4444.26032948494,5744.0,8.0,5.0,4.0,98.0,62.0,50.0
380650.0,4444.84092259407,5744.0,8.0,5.0,4.0,98.0,62.0,50.0
380700.0,4445.407244443893,5745.0,8.0,5.800000190734863,4.0,100.0,72.0,50.0
380750.0,4445.982676267624,5746.0,8.0,6.0,4.0,100.0,74.0,50.0
380800.0,4446.556951522827,5746.0,8.0,6.0,4.0,100.0,74.0,50.0
380850.0,4447.122862100601,5747.0,8.0,5.400000095367432,4.0,100.0,68.0,50.0
380900.0,4447.694153308868,5748.0,8.0,5.400000095367432,4.0,100.0,67.6,50.0
380950.0,4448.278605937958,5749.0,8.0,5.0,2.0,100.0,63.6,30.0
381000.0,4448.853232383728,5750.0,6.0,4.599999904632568,2.0,72.0,58.0,30.0
381050.0,4449.435156583786,5752.0,6.0,3.4000000953674316,0.0,72.0,43.2,6.0
381100.0,4450.012201786041,5753.0,6.0,3.0,0.0,72.0,40.4,6.0
381150.0,4450.5916159152985,5753.0,6.0,3.0,0.0,72.0,40.4,6.0
381200.0,4451.162216663361,5754.0,8.0,4.199999809265137,0.0,98.0,54.0,6.0
381250.0,4451.731915473938,5755.0,8.0,4.199999809265137,0.0,98.0,54.0,6.0
381300.0,4452.300432682037,5756.0,8.0,4.0,0.0,98.0,52.4,6.0
381350.0,4452.8797307014465,5757.0,8.0,5.0,3.0,98.0,63.2,40.0
381400.0,4453.457826375961,5758.0,8.0,5.199999809265137,3.0,98.0,64.4,40.0
381450.0,4454.02964091301,5758.0,8.0,5.199999809265137,3.0,98.0,64.4,40.0
381500.0,4454.598355770111,5759.0,6.0,4.599999904632568,3.0,72.0,58.0,40.0
381550.0,4455.1796090602875,5760.0,7.0,4.800000190734863,3.0,84.0,60.4,40.0
381600.0,4455.756975889206,5761.0,7.0,4.800000190734863,3.0,84.0,60.0,38.0
381650.0,4456.320085763931,5762.0,7.0,4.400000095367432,3.0,84.0,56.0,38.0
381700.0,4456.891587257385,5763.0,7.0,4.400000095367432,3.0,84.0,55.6,38.0
381750.0,4457.47182059288,5764.0,7.0,4.599999904632568,3.0,84.0,56.4,38.0
381800.0,4458.044404268265,5764.0,7.0,4.599999904632568,3.0,84.0,56.4,38.0
381850.0,4458.613301277161,5765.0,8.0,4.800000190734863,3.0,100.0,59.6,38.0
381900.0,4459.176171064377,5766.0,8.0,5.0,3.0,100.0,62.0,40.0
381950.0,4459.739036083221,5767.0,8.0,5.199999809265137,4.0,100.0,64.0,50.0
382000.0,4460.314783334732,5769.0,8.0,3.5999999046325684,1.0,100.0,46.8,16.0
382050.0,4460.894858121872,5771.0,4.0,2.0,1.0,50.0,29.2,16.0
382100.0,4461.481474161148,5772.0,3.0,1.600000023841858,1.0,38.0,26.0,16.0
382150.0,4462.069539070129,5773.0,4.0,2.200000047683716,1.0,50.0,32.4,16.0
382200.0,4462.664053201675,5774.0,5.0,3.0,1.0,60.0,41.2,24.0
382250.0,4463.2574903965,5775.0,5.0,3.5999999046325684,2.0,60.0,46.4,34.0
382300.0,4463.849104166031,5776.0,5.0,3.4000000953674316,2.0,60.0,44.4,28.0
382350.0,4464.437386512756,5779.0,4.0,2.0,0.0,50.0,28.0,6.0
382400.0,4465.018100976944,5779.0,4.0,2.0,0.0,50.0,28.0,6.0
382450.0,4465.605389356613,5779.0,4.0,2.0,0.0,50.0,28.0,6.0
382500.0,4466.18440580368,5780.0,13.0,3.799999952316284,0.0,160.0,50.0,6.0
382550.0,4466.756846666336,5784.0,13.0,3.200000047683716,0.0,160.0,43.2,6.0
382600.0,4467.3309643268585,5784.0,13.0,3.200000047683716,0.0,160.0,43.2,6.0
382650.0,4467.906954050064,5785.0,8.0,2.200000047683716,0.0,104.0,32.0,6.0
382700.0,4468.4860055446625,5786.0,8.0,2.799999952316284,0.0,104.0,38.4,6.0
382750.0,4469.071728944778,5787.0,8.0,3.200000047683716,0.0,104.0,43.2,6.0
382800.0,4469.651572227478,5788.0,8.0,4.0,1.0,104.0,52.0,16.0
382850.0,4470.230939626694,5789.0,8.0,4.800000190734863,3.0,104.0,60.8,40.0
382900.0,4470.800101995468,5790.0,5.0,3.799999952316284,3.0,60.0,48.0,40.0
382950.0,4471.3639233112335,5790.0,5.0,3.799999952316284,3.0,60.0,48.0,40.0
383000.0,4471.939784288406,5793.0,5.0,2.799999952316284,0.0,68.0,38.0,6.0
383050.0,4472.523700475693,5793.0,5.0,2.799999952316284,0.0,68.0,38.0,6.0
383100.0,4473.0975868701935,5794.0,7.0,3.200000047683716,0.0,88.0,43.6,6.0
383150.0,4473.6757616996765,5796.0,7.0,2.799999952316284,0.0,88.0,37.6,6.0
383200.0,4474.249351501465,5796.0,7.0,2.799999952316284,0.0,88.0,37.6,6.0
383250.0,4474.827237129211,5796.0,7.0,2.799999952316284,0.0,88.0,37.6,6.0
383300.0,4475.408534526825,5797.0,8.0,4.199999809265137,0.0,112.0,56.8,6.0
383350.0,4475.9881093502045,5798.0,8.0,5.400000095367432,3.0,112.0,70.0,38.0
383400.0,4476.56133723259,5800.0,8.0,4.400000095367432,2.0,112.0,57.6,28.0
383450.0,4477.136257410049,5801.0,8.0,4.599999904632568,2.0,112.0,61.2,28.0
383500.0,4477.716216802597,5802.0,6.0,3.4000000953674316,2.0,72.0,44.4,28.0
383550.0,4478.292570352554,5802.0,6.0,3.4000000953674316,2.0,72.0,44.4,28.0
383600.0,4478.870398044586,5803.0,9.0,4.0,2.0,110.0,52.0,28.0
383650.0,4479.452286243439,5804.0,9.0,4.599999904632568,2.0,110.0,58.8,28.0
383700.0,4480.0300171375275,5805.0,9.0,4.800000190734863,2.0,110.0,61.2,28.0
383750.0,4480.601389884949,5806.0,9.0,4.800000190734863,2.0,110.0,60.0,28.0
383800.0,4481.174592494965,5807.0,9.0,5.0,3.0,110.0,62.0,38.0
383850.0,4481.7471244335175,5807.0,9.0,5.0,3.0,110.0,62.0,38.0
383900.0,4482.311113119125,5810.0,5.0,3.0,0.0,68.0,40.0,6.0
383950.0,4482.919659852982,5811.0,5.0,2.799999952316284,0.0,68.0,37.6,6.0
384000.0,4483.504708528519,5812.0,5.0,3.0,0.0,68.0,40.0,6.0
384050.0,4484.082637310028,5814.0,4.0,2.200000047683716,0.0,50.0,30.0,6.0
384100.0,4484.658906698227,5816.0,4.0,2.200000047683716,0.0,50.0,31.2,6.0
384150.0,4485.224994182587,5817.0,3.0,2.0,0.0,44.0,30.0,6.0
384200.0,4485.808205604553,5817.0,3.0,2.0,0.0,44.0,30.0,6.0
384250.0,4486.394669055939,5818.0,7.0,3.200000047683716,0.0,90.0,44.4,6.0
384300.0,4486.982961654663,5819.0,7.0,3.799999952316284,0.0,90.0,50.8,6.0
384350.0,4487.570456027985,5821.0,7.0,3.799999952316284,1.0,90.0,50.0,16.0
384400.0,4488.156340837479,5822.0,7.0,3.5999999046325684,1.0,90.0,47.6,16.0
384450.0,4488.743262290955,5823.0,6.0,3.200000047683716,1.0,70.0,42.0,16.0
384500.0,4489.337522268295,5824.0,5.0,2.5999999046325684,1.0,62.0,36.0,16.0
384550.0,4489.920372962952,5825.0,6.0,3.4000000953674316,1.0,70.0,44.0,16.0
384600.0,4490.507271289825,5825.0,6.0,3.4000000953674316,1.0,70.0,44.0,16.0
384650.0,4491.095458984375,5827.0,7.0,4.199999809265137,0.0,90.0,53.6,6.0
384700.0,4491.676175355911,5828.0,7.0,3.5999999046325684,0.0,90.0,47.6,6.0
384750.0,4492.30363202095,5829.0,7.0,4.199999809265137,0.0,90.0,54.4,6.0
384800.0,4492.892888784409,5830.0,7.0,3.799999952316284,0.0,90.0,50.4,6.0
384850.0,4493.482869148254,5830.0,7.0,3.799999952316284,0.0,90.0,50.4,6.0
384900.0,4494.064293384552,5831.0,7.0,3.799999952316284,0.0,88.0,50.0,6.0
384950.0,4494.634967803955,5832.0,7.0,4.400000095367432,2.0,88.0,56.8,32.0
385000.0,4495.196028709412,5833.0,7.0,5.199999809265137,3.0,88.0,64.8,40.0
385050.0,4495.7642188072205,5834.0,7.0,4.599999904632568,3.0,88.0,57.6,38.0
385100.0,4496.342170238495,5835.0,7.0,4.800000190734863,3.0,88.0,60.0,38.0
385150.0,4496.9170162677765,5835.0,7.0,4.800000190734863,3.0,88.0,60.0,38.0
385200.0,4497.511489152908,5836.0,7.0,4.800000190734863,3.0,88.0,60.0,38.0
385250.0,4498.09478020668,5837.0,7.0,5.199999809265137,3.0,88.0,64.4,38.0
385300.0,4498.6804230213165,5838.0,7.0,4.599999904632568,3.0,88.0,57.6,38.0
385350.0,4499.268648862839,5839.0,7.0,4.800000190734863,3.0,88.0,60.0,38.0
385400.0,4499.850654363632,5839.0,7.0,4.800000190734863,3.0,88.0,60.0,38.0
385450.0,4500.436663389206,5840.0,9.0,5.599999904632568,3.0,112.0,70.0,38.0
385500.0,4501.021647930145,5841.0,9.0,4.599999904632568,2.0,112.0,57.6,26.0
385550.0,4501.605935573578,5841.0,9.0,4.599999904632568,2.0,112.0,57.6,26.0
385600.0,4502.192774772644,5842.0,9.0,5.400000095367432,2.0,112.0,67.6,26.0
385650.0,4502.779402017593,5843.0,9.0,5.599999904632568,2.0,112.0,70.0,26.0
385700.0,4503.364468336105,5844.0,9.0,5.599999904632568,2.0,112.0,70.0,26.0
385750.0,4503.942126989365,5845.0,9.0,4.599999904632568,2.0,112.0,57.6,26.0
385800.0,4504.52395939827,5846.0,9.0,5.199999809265137,4.0,112.0,64.4,50.0
385850.0,4505.114895820618,5847.0,5.0,4.0,3.0,60.0,50.0,40.0
385900.0,4505.712023735046,5849.0,5.0,3.200000047683716,1.0,60.0,41.2,16.0
385950.0,4506.303839206696,5850.0,5.0,2.799999952316284,1.0,60.0,38.0,16.0
386000.0,4506.8925087451935,5851.0,4.0,2.5999999046325684,1.0,50.0,36.0,16.0
386050.0,4507.471067428589,5852.0,5.0,3.0,1.0,60.0,40.0,16.0
386100.0,4508.040347576141,5853.0,5.0,3.200000047683716,1.0,60.0,42.0,16.0
386150.0,4508.60360622406,5854.0,5.0,3.4000000953674316,2.0,60.0,44.4,28.0
386200.0,4509.17502450943,5855.0,5.0,4.0,2.0,60.0,49.6,28.0
386250.0,4509.751423358917,5857.0,5.0,3.200000047683716,0.0,62.0,41.2,6.0
386300.0,4510.328906536102,5860.0,5.0,1.600000023841858,0.0,62.0,24.8,6.0
386350.0,4510.904455661774,5861.0,3.0,1.0,0.0,38.0,17.6,6.0
386400.0,4511.4786694049835,5862.0,5.0,2.0,0.0,62.0,28.8,6.0
386450.0,4512.0522203445435,5863.0,5.0,2.5999999046325684,0.0,62.0,34.0,6.0
386500.0,4512.61958694458,5864.0,5.0,3.5999999046325684,2.0,62.0,45.2,26.0
386550.0,4513.179526567459,5865.0,5.0,3.4000000953674316,2.0,62.0,43.2,26.0
386600.0,4513.755332708359,5866.0,6.0,4.199999809265137,2.0,72.0,52.4,28.0
386650.0,4514.3308391571045,5867.0,6.0,4.0,2.0,72.0,50.0,28.0
386700.0,4514.895106315613,5869.0,6.0,3.0,1.0,72.0,38.8,16.0
386750.0,4515.4638385772705,5869.0,6.0,3.0,1.0,72.0,38.8,16.0
386800.0,4516.04239988327,5870.0,7.0,4.0,1.0,94.0,52.0,16.0
386850.0,4516.636088371277,5870.0,7.0,4.0,1.0,94.0,52.0,16.0
386900.0,4517.223473787308,5871.0,8.0,4.400000095367432,1.0,100.0,57.6,16.0
386950.0,4517.800284147263,5872.0,8.0,4.400000095367432,1.0,100.0,57.6,16.0
387000.0,4518.376175880432,5873.0,8.0,5.199999809265137,1.0,100.0,66.4,16.0
387050.0,4518.949682235718,5874.0,8.0,5.599999904632568,3.0,100.0,71.2,40.0
387100.0,4519.526862621307,5875.0,8.0,5.199999809265137,3.0,100.0,64.8,40.0
387150.0,4520.090313911438,5876.0,6.0,4.199999809265137,3.0,72.0,52.4,38.0
387200.0,4520.654696941376,5877.0,6.0,4.199999809265137,3.0,72.0,52.4,38.0
387250.0,4521.230285644531,5878.0,5.0,3.5999999046325684,3.0,62.0,46.0,38.0
387300.0,4521.807923555374,5878.0,5.0,3.5999999046325684,3.0,62.0,46.0,38.0
387350.0,4522.37921500206,5878.0,5.0,3.5999999046325684,3.0,62.0,46.0,38.0
387400.0,4522.969262838364,5880.0,12.0,4.599999904632568,1.0,150.0,58.8,16.0
387450.0,4523.558620214462,5881.0,12.0,4.599999904632568,1.0,150.0,60.0,16.0
387500.0,4524.135759592056,5882.0,12.0,4.199999809265137,1.0,150.0,55.6,16.0
387550.0,4524.710538864136,5883.0,12.0,5.0,1.0,150.0,64.0,16.0
387600.0,4525.275361061096,5884.0,7.0,3.200000047683716,1.0,82.0,42.0,16.0
387650.0,4525.845782756805,5885.0,7.0,3.799999952316284,2.0,82.0,48.8,28.0
387700.0,4526.42026591301,5886.0,7.0,4.199999809265137,2.0,82.0,52.0,28.0
387750.0,4526.995850324631,5887.0,7.0,4.400000095367432,3.0,82.0,54.4,40.0
387800.0,4527.572998285294,5888.0,5.0,3.799999952316284,3.0,60.0,48.0,40.0
387850.0,4528.144979953766,5889.0,5.0,3.799999952316284,3.0,60.0,48.0,40.0
387900.0,4528.7316999435425,5890.0,5.0,3.799999952316284,3.0,60.0,48.0,40.0
387950.0,4529.314512252808,5891.0,6.0,4.0,3.0,70.0,50.0,40.0
388000.0,4529.889017820358,5892.0,6.0,4.0,3.0,70.0,50.0,40.0
388050.0,4530.460546970367,5893.0,6.0,3.5999999046325684,2.0,70.0,45.6,28.0
388100.0,4531.035527944565,5893.0,6.0,3.5999999046325684,2.0,70.0,45.6,28.0
388150.0,4531.609402418137,5894.0,10.0,5.0,2.0,122.0,62.0,28.0
388200.0,4532.198100566864,5895.0,10.0,4.800000190734863,2.0,122.0,59.6,28.0
388250.0,4532.781126260757,5896.0,10.0,4.599999904632568,2.0,122.0,58.0,28.0
388300.0,4533.360226392746,5897.0,10.0,4.599999904632568,2.0,122.0,58.0,28.0
388350.0,4533.938016414642,5898.0,10.0,5.400000095367432,3.0,122.0,66.4,38.0
388400.0,4534.5167145729065,5899.0,6.0,4.199999809265137,3.0,70.0,52.4,38.0
388450.0,4535.083469390869,5901.0,6.0,3.200000047683716,1.0,70.0,40.8,16.0
388500.0,4535.651607990265,5902.0,6.0,3.0,1.0,70.0,39.6,16.0
388550.0,4536.234870433807,5903.0,4.0,2.5999999046325684,1.0,52.0,35.6,16.0
388600.0,4536.820414066315,5904.0,4.0,2.5999999046325684,1.0,50.0,35.2,16.0
388650.0,4537.409533262253,5905.0,4.0,3.0,2.0,50.0,40.0,26.0
388700.0,4538.004074811935,5906.0,4.0,3.200000047683716,2.0,50.0,42.8,34.0
388750.0,4538.593510627747,5907.0,6.0,4.0,3.0,72.0,50.4,40.0
388800.0,4539.179639101028,5908.0,6.0,3.5999999046325684,2.0,72.0,46.0,28.0
388850.0,4539.767730474472,5909.0,7.0,4.199999809265137,2.0,82.0,52.4,28.0
388900.0,4540.343193054199,5910.0,7.0,4.599999904632568,2.0,82.0,56.4,28.0
388950.0,4540.932481050491,5911.0,7.0,4.400000095367432,2.0,82.0,54.0,28.0
389000.0,4541.52342915535,5912.0,7.0,4.0,2.0,82.0,50.0,28.0
389050.0,4542.087901592255,5913.0,7.0,4.400000095367432,2.0,82.0,54.0,28.0
389100.0,4542.674698591232,5914.0,5.0,4.0,2.0,62.0,50.0,28.0
389150.0,4543.246824026108,5915.0,5.0,3.799999952316284,2.0,62.0,48.0,28.0
389200.0,4543.8358697891235,5916.0,5.0,4.0,3.0,62.0,50.4,40.0
389250.0,4544.417044639587,5917.0,5.0,4.199999809265137,3.0,62.0,52.0,40.0
389300.0,4544.999487876892,5918.0,5.0,4.199999809265137,3.0,62.0,52.4,40.0
389350.0,4545.585599184036,5919.0,5.0,4.199999809265137,3.0,60.0,52.0,40.0
389400.0,4546.16007900238,5920.0,5.0,4.199999809265137,3.0,60.0,52.0,40.0
389450.0,4546.737274169922,5921.0,5.0,4.199999809265137,3.0,60.0,52.0,40.0
389500.0,4547.319365978241,5921.0,5.0,4.199999809265137,3.0,60.0,52.0,40.0
389550.0,4547.8907861709595,5922.0,5.0,4.199999809265137,3.0,68.0,53.6,40.0
389600.0,4548.45046544075,5923.0,8.0,5.0,3.0,92.0,62.0,40.0
389650.0,4549.028153419495,5924.0,8.0,4.599999904632568,3.0,92.0,58.0,40.0
389700.0,4549.603819608688,5925.0,8.0,4.800000190734863,3.0,92.0,60.0,40.0
389750.0,4550.178992509842,5926.0,8.0,4.599999904632568,2.0,92.0,57.6,28.0
389800.0,4550.757004022598,5926.0,8.0,4.599999904632568,2.0,92.0,57.6,28.0
389850.0,4551.344847679138,5927.0,10.0,5.599999904632568,2.0,124.0,68.8,28.0
389900.0,4551.924647808075,5928.0,10.0,4.599999904632568,2.0,124.0,58.0,28.0
389950.0,4552.496946811676,5929.0,10.0,4.800000190734863,2.0,124.0,60.0,28.0
390000.0,4553.0632791519165,5930.0,10.0,4.599999904632568,2.0,124.0,58.0,28.0
390050.0,4553.641302347183,5930.0,10.0,4.599999904632568,2.0,124.0,58.0,28.0
390100.0,4554.233087301254,5931.0,10.0,4.400000095367432,1.0,124.0,74.0,38.0
390150.0,4554.820167303085,5931.0,10.0,4.400000095367432,1.0,124.0,74.0,38.0
390200.0,4555.408145427704,5931.0,10.0,4.400000095367432,1.0,124.0,74.0,38.0
390250.0,4555.994108915329,5932.0,4.0,2.4000000953674316,0.0,152.0,79.6,38.0
390300.0,4556.578359365463,5932.0,4.0,2.4000000953674316,0.0,152.0,79.6,38.0
390350.0,4557.165402650833,5932.0,4.0,2.4000000953674316,0.0,152.0,79.6,38.0
390400.0,4557.75142621994,5933.0,4.0,1.7999999523162842,0.0,152.0,100.6,50.0
390450.0,4558.320381164551,5934.0,4.0,1.0,0.0,152.0,97.4,34.0
390500.0,4558.882735490799,5935.0,1.0,0.20000000298023224,0.0,152.0,97.6,34.0
390550.0,4559.46059012413,5935.0,1.0,0.20000000298023224,0.0,152.0,97.6,34.0
390600.0,4560.042883872986,5935.0,1.0,0.20000000298023224,0.0,152.0,97.6,34.0
390650.0,4560.619552373886,5935.0,1.0,0.20000000298023224,0.0,152.0,97.6,34.0
390700.0,4561.195588588715,5935.0,1.0,0.20000000298023224,0.0,152.0,97.6,34.0
390750.0,4561.813231229782,5935.0,1.0,0.20000000298023224,0.0,152.0,97.6,34.0
390800.0,4562.382271766663,5935.0,1.0,0.20000000298023224,0.0,152.0,97.6,34.0
390850.0,4562.964809656143,5935.0,1.0,0.20000000298023224,0.0,152.0,97.6,34.0
390900.0,4563.563649654388,5935.0,1.0,0.20000000298023224,0.0,152.0,97.6,34.0
390950.0,4564.158868074417,5935.0,1.0,0.20000000298023224,0.0,152.0,97.6,34.0
391000.0,4564.749024629593,5935.0,1.0,0.20000000298023224,0.0,152.0,97.6,34.0
391050.0,4565.340048789978,5935.0,1.0,0.20000000298023224,0.0,152.0,97.6,34.0
391100.0,4565.928208351135,5935.0,1.0,0.20000000298023224,0.0,152.0,97.6,34.0
391150.0,4566.522578001022,5936.0,1.0,0.20000000298023224,0.0,660.0,208.0,34.0
391200.0,4567.109173297882,5936.0,1.0,0.20000000298023224,0.0,660.0,208.0,34.0
391250.0,4567.698571920395,5936.0,1.0,0.20000000298023224,0.0,660.0,208.0,34.0
391300.0,4568.268653392792,5936.0,1.0,0.20000000298023224,0.0,660.0,208.0,34.0
391350.0,4568.853209257126,5936.0,1.0,0.20000000298023224,0.0,660.0,208.0,34.0
391400.0,4569.435292959213,5936.0,1.0,0.20000000298023224,0.0,660.0,208.0,34.0
391450.0,4570.01435136795,5936.0,1.0,0.20000000298023224,0.0,660.0,208.0,34.0
391500.0,4570.591369390488,5936.0,1.0,0.20000000298023224,0.0,660.0,208.0,34.0
391550.0,4571.159630060196,5937.0,1.0,0.20000000298023224,0.0,660.0,257.6,34.0
391600.0,4571.723620176315,5937.0,1.0,0.20000000298023224,0.0,660.0,257.6,34.0
391650.0,4572.294803619385,5937.0,1.0,0.20000000298023224,0.0,660.0,257.6,34.0
391700.0,4572.882209062576,5937.0,1.0,0.20000000298023224,0.0,660.0,257.6,34.0
391750.0,4573.477741956711,5938.0,1.0,0.20000000298023224,0.0,660.0,270.0,34.0
391800.0,4574.066829919815,5939.0,1.0,0.20000000298023224,0.0,660.0,272.6,47.0
391850.0,4574.648896217346,5939.0,1.0,0.20000000298023224,0.0,660.0,272.6,47.0
391900.0,4575.221761465073,5939.0,1.0,0.20000000298023224,0.0,660.0,272.6,47.0
391950.0,4575.794734239578,5939.0,1.0,0.20000000298023224,0.0,660.0,272.6,47.0
392000.0,4576.36923623085,5939.0,1.0,0.20000000298023224,0.0,660.0,272.6,47.0
392050.0,4576.931750297546,5939.0,1.0,0.20000000298023224,0.0,660.0,272.6,47.0
392100.0,4577.498134851456,5939.0,1.0,0.20000000298023224,0.0,660.0,272.6,47.0
392150.0,4578.088108539581,5939.0,1.0,0.20000000298023224,0.0,660.0,272.6,47.0
392200.0,4578.655501127243,5939.0,1.0,0.20000000298023224,0.0,660.0,272.6,47.0
392250.0,4579.2195520401,5940.0,1.0,0.4000000059604645,0.0,660.0,348.8,47.0
392300.0,4579.788347959518,5940.0,1.0,0.4000000059604645,0.0,660.0,348.8,47.0
392350.0,4580.362350225449,5940.0,1.0,0.4000000059604645,0.0,660.0,348.8,47.0
392400.0,4580.923895359039,5941.0,2.0,0.6000000238418579,0.0,432.0,251.6,47.0
392450.0,4581.493910312653,5942.0,2.0,0.6000000238418579,0.0,432.0,182.0,47.0
392500.0,4582.072336673737,5943.0,2.0,0.800000011920929,0.0,432.0,149.6,43.0
392550.0,4582.657928466797,5943.0,2.0,0.800000011920929,0.0,432.0,149.6,43.0
392600.0,4583.231015205383,5943.0,2.0,0.800000011920929,0.0,432.0,149.6,43.0
392650.0,4583.7946581840515,5943.0,2.0,0.800000011920929,0.0,432.0,149.6,43.0
392700.0,4584.367389917374,5943.0,2.0,0.800000011920929,0.0,432.0,149.6,43.0
392750.0,4584.942228794098,5943.0,2.0,0.800000011920929,0.0,432.0,149.6,43.0
392800.0,4585.520461320877,5943.0,2.0,0.800000011920929,0.0,432.0,149.6,43.0
392850.0,4586.086412668228,5944.0,2.0,1.0,0.0,432.0,211.4,43.0
392900.0,4586.650810718536,5944.0,2.0,1.0,0.0,432.0,211.4,43.0
392950.0,4587.22074174881,5944.0,2.0,1.0,0.0,432.0,211.4,43.0
393000.0,4587.798621177673,5944.0,2.0,1.0,0.0,432.0,211.4,43.0
393050.0,4588.381901264191,5944.0,2.0,1.0,0.0,432.0,211.4,43.0
393100.0,4588.946662187576,5944.0,2.0,1.0,0.0,432.0,211.4,43.0
393150.0,4589.508454799652,5944.0,2.0,1.0,0.0,432.0,211.4,43.0
393200.0,4590.081162929535,5944.0,2.0,1.0,0.0,432.0,211.4,43.0
393250.0,4590.6636707782745,5945.0,2.0,1.0,0.0,383.0,201.6,43.0
393300.0,4591.23984837532,5945.0,2.0,1.0,0.0,383.0,201.6,43.0
393350.0,4591.8139889240265,5945.0,2.0,1.0,0.0,383.0,201.6,43.0
393400.0,4592.387768983841,5945.0,2.0,1.0,0.0,383.0,201.6,43.0
393450.0,4592.956134796143,5945.0,2.0,1.0,0.0,383.0,201.6,43.0
393500.0,4593.5452709198,5945.0,2.0,1.0,0.0,383.0,201.6,43.0
393550.0,4594.130133628845,5945.0,2.0,1.0,0.0,383.0,201.6,43.0
393600.0,4594.708182096481,5945.0,2.0,1.0,0.0,383.0,201.6,43.0
393650.0,4595.283119678497,5945.0,2.0,1.0,0.0,383.0,201.6,43.0
393700.0,4595.856542110443,5945.0,2.0,1.0,0.0,383.0,201.6,43.0
393750.0,4596.431598186493,5945.0,2.0,1.0,0.0,383.0,201.6,43.0
393800.0,4596.998956203461,5945.0,2.0,1.0,0.0,383.0,201.6,43.0
393850.0,4597.559420824051,5945.0,2.0,1.0,0.0,383.0,201.6,43.0
393900.0,4598.11955332756,5945.0,2.0,1.0,0.0,383.0,201.6,43.0
393950.0,4598.68132352829,5946.0,1.0,0.800000011920929,0.0,688.0,304.4,43.0
394000.0,4599.2523539066315,5946.0,1.0,0.800000011920929,0.0,688.0,304.4,43.0
394050.0,4599.828468799591,5946.0,1.0,0.800000011920929,0.0,688.0,304.4,43.0
394100.0,4600.406746387482,5946.0,1.0,0.800000011920929,0.0,688.0,304.4,43.0
394150.0,4600.981510639191,5946.0,1.0,0.800000011920929,0.0,688.0,304.4,43.0
394200.0,4601.553630113602,5946.0,1.0,0.800000011920929,0.0,688.0,304.4,43.0
394250.0,4602.134902954102,5946.0,1.0,0.800000011920929,0.0,688.0,304.4,43.0
394300.0,4602.716593027115,5946.0,1.0,0.800000011920929,0.0,688.0,304.4,43.0
394350.0,4603.300016880035,5946.0,1.0,0.800000011920929,0.0,688.0,304.4,43.0
394400.0,4603.882485866547,5947.0,2.0,1.2000000476837158,1.0,688.0,385.0,43.0
394450.0,4604.456251382828,5948.0,2.0,1.0,0.0,688.0,388.4,60.0
394500.0,4605.0347719192505,5948.0,2.0,1.0,0.0,688.0,388.4,60.0
394550.0,4605.612585783005,5948.0,2.0,1.0,0.0,688.0,388.4,60.0
394600.0,4606.186777114868,5948.0,2.0,1.0,0.0,688.0,388.4,60.0
394650.0,4606.755167007446,5949.0,2.0,0.800000011920929,0.0,688.0,359.2,60.0
394700.0,4607.320424079895,5949.0,2.0,0.800000011920929,0.0,688.0,359.2,60.0
394750.0,4607.900153160095,5949.0,2.0,0.800000011920929,0.0,688.0,359.2,60.0
394800.0,4608.488245487213,5949.0,2.0,0.800000011920929,0.0,688.0,359.2,60.0
394850.0,4609.070908069611,5949.0,2.0,0.800000011920929,0.0,688.0,359.2,60.0
394900.0,4609.648197174072,5950.0,2.0,0.6000000238418579,0.0,688.0,332.6,60.0
394950.0,4610.2263832092285,5951.0,2.0,0.4000000059604645,0.0,455.0,203.6,43.0
395000.0,4610.801110506058,5951.0,2.0,0.4000000059604645,0.0,455.0,203.6,43.0
395050.0,4611.379773139954,5951.0,2.0,0.4000000059604645,0.0,455.0,203.6,43.0
395100.0,4611.951853752136,5951.0,2.0,0.4000000059604645,0.0,455.0,203.6,43.0
395150.0,4612.523317337036,5951.0,2.0,0.4000000059604645,0.0,455.0,203.6,43.0
395200.0,4613.091928243637,5951.0,2.0,0.4000000059604645,0.0,455.0,203.6,43.0
395250.0,4613.671230554581,5952.0,1.0,0.20000000298023224,0.0,307.0,174.0,43.0
395300.0,4614.255774497986,5952.0,1.0,0.20000000298023224,0.0,307.0,174.0,43.0
395350.0,4614.833620548248,5952.0,1.0,0.20000000298023224,0.0,307.0,174.0,43.0
395400.0,4615.408742189407,5952.0,1.0,0.20000000298023224,0.0,307.0,174.0,43.0
395450.0,4615.987321615219,5953.0,1.0,0.20000000298023224,0.0,307.0,200.0,43.0
395500.0,4616.565546989441,5953.0,1.0,0.20000000298023224,0.0,307.0,200.0,43.0
395550.0,4617.131413221359,5953.0,1.0,0.20000000298023224,0.0,307.0,200.0,43.0
395600.0,4617.7039115428925,5953.0,1.0,0.20000000298023224,0.0,307.0,200.0,43.0
395650.0,4618.277172803879,5953.0,1.0,0.20000000298023224,0.0,307.0,200.0,43.0
395700.0,4618.865363836288,5953.0,1.0,0.20000000298023224,0.0,307.0,200.0,43.0
395750.0,4619.444556951523,5953.0,1.0,0.20000000298023224,0.0,307.0,200.0,43.0
395800.0,4620.018752813339,5953.0,1.0,0.20000000298023224,0.0,307.0,200.0,43.0
395850.0,4620.5841336250305,5954.0,1.0,0.20000000298023224,0.0,390.0,236.0,43.0
395900.0,4621.173542976379,5954.0,1.0,0.20000000298023224,0.0,390.0,236.0,43.0
395950.0,4621.761370182037,5954.0,1.0,0.20000000298023224,0.0,390.0,236.0,43.0
396000.0,4622.400448799133,5955.0,1.0,0.20000000298023224,0.0,390.0,220.0,43.0
396050.0,4623.035991430283,5955.0,1.0,0.20000000298023224,0.0,390.0,220.0,43.0
396100.0,4623.648256778717,5955.0,1.0,0.20000000298023224,0.0,390.0,220.0,43.0
396150.0,4624.249045848846,5955.0,1.0,0.20000000298023224,0.0,390.0,220.0,43.0
396200.0,4624.856052875519,5955.0,1.0,0.20000000298023224,0.0,390.0,220.0,43.0
396250.0,4625.447121143341,5955.0,1.0,0.20000000298023224,0.0,390.0,220.0,43.0
396300.0,4626.026010274887,5955.0,1.0,0.20000000298023224,0.0,390.0,220.0,43.0
396350.0,4626.614543437958,5955.0,1.0,0.20000000298023224,0.0,390.0,220.0,43.0
396400.0,4627.198227882385,5955.0,1.0,0.20000000298023224,0.0,390.0,220.0,43.0
396450.0,4627.790652275085,5955.0,1.0,0.20000000298023224,0.0,390.0,220.0,43.0
396500.0,4628.420347452164,5955.0,1.0,0.20000000298023224,0.0,390.0,220.0,43.0
396550.0,4629.081326007843,5955.0,1.0,0.20000000298023224,0.0,390.0,220.0,43.0
396600.0,4629.708768129349,5955.0,1.0,0.20000000298023224,0.0,390.0,220.0,43.0
396650.0,4630.278601169586,5955.0,1.0,0.20000000298023224,0.0,390.0,220.0,43.0
396700.0,4630.849575042725,5957.0,1.0,0.20000000298023224,0.0,674.0,289.0,21.0
396750.0,4631.421977758408,5958.0,1.0,0.20000000298023224,0.0,674.0,257.4,21.0
396800.0,4631.996559619904,5958.0,1.0,0.20000000298023224,0.0,674.0,257.4,21.0
396850.0,4632.572051048279,5958.0,1.0,0.20000000298023224,0.0,674.0,257.4,21.0
396900.0,4633.143332958221,5959.0,2.0,0.6000000238418579,0.0,674.0,208.2,21.0
396950.0,4633.73638343811,5959.0,2.0,0.6000000238418579,0.0,674.0,208.2,21.0
397000.0,4634.3688197135925,5959.0,2.0,0.6000000238418579,0.0,674.0,208.2,21.0
397050.0,4635.00022149086,5960.0,2.0,0.6000000238418579,0.0,674.0,208.0,21.0
397100.0,4635.574044466019,5960.0,2.0,0.6000000238418579,0.0,674.0,208.0,21.0
397150.0,4636.150110006332,5961.0,2.0,0.4000000059604645,0.0,169.0,93.4,21.0
397200.0,4636.728776693344,5961.0,2.0,0.4000000059604645,0.0,169.0,93.4,21.0
397250.0,4637.304182767868,5962.0,2.0,0.4000000059604645,0.0,169.0,109.0,32.0
397300.0,4637.879381656647,5962.0,2.0,0.4000000059604645,0.0,169.0,109.0,32.0
397350.0,4638.452355623245,5962.0,2.0,0.4000000059604645,0.0,169.0,109.0,32.0
397400.0,4639.029981851578,5962.0,2.0,0.4000000059604645,0.0,169.0,109.0,32.0
397450.0,4639.6115601062775,5963.0,2.0,0.4000000059604645,0.0,215.0,145.6,99.0
397500.0,4640.197349786758,5964.0,0.0,0.0,0.0,215.0,121.8,25.0
397550.0,4640.807851076126,5965.0,0.0,0.0,0.0,215.0,101.8,25.0
397600.0,4641.416601657867,5966.0,0.0,0.0,0.0,215.0,90.2,25.0
397650.0,4642.017503023148,5966.0,0.0,0.0,0.0,215.0,90.2,25.0
397700.0,4642.593137264252,5966.0,0.0,0.0,0.0,215.0,90.2,25.0
397750.0,4643.171237230301,5966.0,0.0,0.0,0.0,215.0,90.2,25.0
397800.0,4643.751759767532,5967.0,0.0,0.0,0.0,215.0,112.0,25.0
397850.0,4644.323632240295,5967.0,0.0,0.0,0.0,215.0,112.0,25.0
397900.0,4644.892243862152,5969.0,0.0,0.0,0.0,208.0,84.0,20.0
397950.0,4645.465510368347,5969.0,0.0,0.0,0.0,208.0,84.0,20.0
398000.0,4646.044199228287,5970.0,0.0,0.0,0.0,208.0,88.2,20.0
398050.0,4646.620189189911,5970.0,0.0,0.0,0.0,208.0,88.2,20.0
398100.0,4647.196044445038,5971.0,0.0,0.0,0.0,208.0,99.6,20.0
398150.0,4647.775953769684,5972.0,0.0,0.0,0.0,100.0,66.0,20.0
398200.0,4648.353605508804,5972.0,0.0,0.0,0.0,100.0,66.0,20.0
398250.0,4648.928951263428,5973.0,0.0,0.0,0.0,127.0,75.4,20.0
398300.0,4649.508277416229,5975.0,0.0,0.0,0.0,127.0,63.2,16.0
398350.0,4650.1206130981445,5976.0,0.0,0.0,0.0,127.0,46.6,16.0
398400.0,4650.757084846497,5976.0,0.0,0.0,0.0,127.0,46.6,16.0
398450.0,4651.362740278244,5976.0,0.0,0.0,0.0,127.0,46.6,16.0
398500.0,4651.938835382462,5976.0,0.0,0.0,0.0,127.0,46.6,16.0
398550.0,4652.515718221664,5977.0,0.0,0.0,0.0,216.0,81.8,16.0
398600.0,4653.08806848526,5977.0,0.0,0.0,0.0,216.0,81.8,16.0
398650.0,4653.675458431244,5978.0,0.0,0.0,0.0,216.0,73.6,16.0
398700.0,4654.257301568985,5978.0,0.0,0.0,0.0,216.0,73.6,16.0
398750.0,4654.868455648422,5978.0,0.0,0.0,0.0,216.0,73.6,16.0
398800.0,4655.481159925461,5978.0,0.0,0.0,0.0,216.0,73.6,16.0
398850.0,4656.1088609695435,5979.0,1.0,0.20000000298023224,0.0,216.0,108.0,16.0
398900.0,4656.7002630233765,5980.0,1.0,0.20000000298023224,0.0,216.0,114.6,17.0
398950.0,4657.271323919296,5981.0,1.0,0.20000000298023224,0.0,216.0,121.4,49.0
399000.0,4657.847927093506,5981.0,1.0,0.20000000298023224,0.0,216.0,121.4,49.0
399050.0,4658.4322464466095,5981.0,1.0,0.20000000298023224,0.0,216.0,121.4,49.0
399100.0,4659.011385917664,5983.0,1.0,0.4000000059604645,0.0,205.0,96.6,22.0
399150.0,4659.59072136879,5984.0,1.0,0.20000000298023224,0.0,156.0,65.0,22.0
399200.0,4660.176309108734,5984.0,1.0,0.20000000298023224,0.0,156.0,65.0,22.0
399250.0,4660.784708023071,5984.0,1.0,0.20000000298023224,0.0,156.0,65.0,22.0
399300.0,4661.425208806992,5984.0,1.0,0.20000000298023224,0.0,156.0,65.0,22.0
399350.0,4662.0478801727295,5984.0,1.0,0.20000000298023224,0.0,156.0,65.0,22.0
399400.0,4662.635111570358,5985.0,1.0,0.20000000298023224,0.0,220.0,99.2,22.0
399450.0,4663.233413696289,5985.0,1.0,0.20000000298023224,0.0,220.0,99.2,22.0
399500.0,4663.827107906342,5985.0,1.0,0.20000000298023224,0.0,220.0,99.2,22.0
399550.0,4664.399376153946,5985.0,1.0,0.20000000298023224,0.0,220.0,99.2,22.0
399600.0,4664.975002527237,5985.0,1.0,0.20000000298023224,0.0,220.0,99.2,22.0
399650.0,4665.585355520248,5985.0,1.0,0.20000000298023224,0.0,220.0,99.2,22.0
399700.0,4666.216089487076,5987.0,0.0,0.0,0.0,305.0,122.2,17.0
399750.0,4666.820605754852,5988.0,1.0,0.20000000298023224,0.0,305.0,128.2,17.0
399800.0,4667.414914369583,5988.0,1.0,0.20000000298023224,0.0,305.0,128.2,17.0
399850.0,4667.984289884567,5988.0,1.0,0.20000000298023224,0.0,305.0,128.2,17.0
399900.0,4668.556266307831,5989.0,1.0,0.20000000298023224,0.0,305.0,149.0,17.0
399950.0,4669.126257419586,5989.0,1.0,0.20000000298023224,0.0,305.0,149.0,17.0
400000.0,4669.696111679077,5990.0,1.0,0.20000000298023224,0.0,305.0,124.0,17.0
400050.0,4670.270793676376,5990.0,1.0,0.20000000298023224,0.0,305.0,124.0,17.0
400100.0,4670.838731050491,5990.0,1.0,0.20000000298023224,0.0,305.0,124.0,17.0
400150.0,4671.415052175522,5990.0,1.0,0.20000000298023224,0.0,305.0,124.0,17.0
400200.0,4671.991924285889,5990.0,1.0,0.20000000298023224,0.0,305.0,124.0,17.0
400250.0,4672.580390691757,5990.0,1.0,0.20000000298023224,0.0,305.0,124.0,17.0
400300.0,4673.164659023285,5990.0,1.0,0.20000000298023224,0.0,305.0,124.0,17.0
400350.0,4673.7508380413055,5990.0,1.0,0.20000000298023224,0.0,305.0,124.0,17.0
400400.0,4674.33650970459,5990.0,1.0,0.20000000298023224,0.0,305.0,124.0,17.0
400450.0,4674.915367841721,5990.0,1.0,0.20000000298023224,0.0,305.0,124.0,17.0
400500.0,4675.52435708046,5990.0,1.0,0.20000000298023224,0.0,305.0,124.0,17.0
400550.0,4676.160748243332,5992.0,3.0,0.800000011920929,0.0,538.0,171.8,23.0
400600.0,4676.7479701042175,5994.0,3.0,0.6000000238418579,0.0,538.0,137.8,14.0
400650.0,4677.324213981628,5995.0,3.0,0.6000000238418579,0.0,538.0,128.0,14.0
400700.0,4677.898020982742,5995.0,3.0,0.6000000238418579,0.0,538.0,128.0,14.0
400750.0,4678.4735455513,5995.0,3.0,0.6000000238418579,0.0,538.0,128.0,14.0
400800.0,4679.0429627895355,5995.0,3.0,0.6000000238418579,0.0,538.0,128.0,14.0
400850.0,4679.618397474289,5995.0,3.0,0.6000000238418579,0.0,538.0,128.0,14.0
400900.0,4680.232317447662,5995.0,3.0,0.6000000238418579,0.0,538.0,128.0,14.0
400950.0,4680.860548257828,5995.0,3.0,0.6000000238418579,0.0,538.0,128.0,14.0
401000.0,4681.481079816818,5995.0,3.0,0.6000000238418579,0.0,538.0,128.0,14.0
401050.0,4682.084392786026,5996.0,2.0,0.4000000059604645,0.0,385.0,97.4,14.0
401100.0,4682.66353726387,5997.0,2.0,0.4000000059604645,0.0,385.0,106.8,14.0
401150.0,4683.2474801540375,5997.0,2.0,0.4000000059604645,0.0,385.0,106.8,14.0
401200.0,4683.8466782569885,5997.0,2.0,0.4000000059604645,0.0,385.0,106.8,14.0
401250.0,4684.440893173218,5998.0,2.0,0.4000000059604645,0.0,385.0,130.2,19.0
401300.0,4685.029357433319,5999.0,2.0,0.4000000059604645,0.0,385.0,142.8,46.0
401350.0,4685.616716146469,6000.0,2.0,0.4000000059604645,0.0,385.0,140.6,35.0
401400.0,4686.252666950226,6000.0,2.0,0.4000000059604645,0.0,385.0,140.6,35.0
401450.0,4686.884062051773,6000.0,2.0,0.4000000059604645,0.0,385.0,140.6,35.0
401500.0,4687.459384441376,6000.0,2.0,0.4000000059604645,0.0,385.0,140.6,35.0
401550.0,4688.037436723709,6000.0,2.0,0.4000000059604645,0.0,385.0,140.6,35.0
401600.0,4688.611196041107,6000.0,2.0,0.4000000059604645,0.0,385.0,140.6,35.0
401650.0,4689.191016197205,6000.0,2.0,0.4000000059604645,0.0,385.0,140.6,35.0
401700.0,4689.768462181091,6000.0,2.0,0.4000000059604645,0.0,385.0,140.6,35.0
401750.0,4690.356777191162,6001.0,0.0,0.0,0.0,393.0,142.2,35.0
401800.0,4690.980647325516,6001.0,0.0,0.0,0.0,393.0,142.2,35.0
401850.0,4691.600669622421,6001.0,0.0,0.0,0.0,393.0,142.2,35.0
401900.0,4692.19935131073,6001.0,0.0,0.0,0.0,393.0,142.2,35.0
401950.0,4692.775019168854,6001.0,0.0,0.0,0.0,393.0,142.2,35.0
402000.0,4693.349126815796,6001.0,0.0,0.0,0.0,393.0,142.2,35.0
402050.0,4693.929269552231,6001.0,0.0,0.0,0.0,393.0,142.2,35.0
402100.0,4694.505197048187,6001.0,0.0,0.0,0.0,393.0,142.2,35.0
402150.0,4695.08171248436,6001.0,0.0,0.0,0.0,393.0,142.2,35.0
402200.0,4695.652123212814,6001.0,0.0,0.0,0.0,393.0,142.2,35.0
402250.0,4696.2243638038635,6001.0,0.0,0.0,0.0,393.0,142.2,35.0
402300.0,4696.798810482025,6001.0,0.0,0.0,0.0,393.0,142.2,35.0
402350.0,4697.376091957092,6003.0,1.0,0.20000000298023224,0.0,600.0,225.2,16.0
402400.0,4697.953916788101,6004.0,1.0,0.20000000298023224,0.0,600.0,215.4,16.0
402450.0,4698.532490730286,6004.0,1.0,0.20000000298023224,0.0,600.0,215.4,16.0
402500.0,4699.1115899086,6004.0,1.0,0.20000000298023224,0.0,600.0,215.4,16.0
402550.0,4699.685180425644,6005.0,1.0,0.20000000298023224,0.0,600.0,236.4,16.0
402600.0,4700.264218330383,6005.0,1.0,0.20000000298023224,0.0,600.0,236.4,16.0
402650.0,4700.849845409393,6005.0,1.0,0.20000000298023224,0.0,600.0,236.4,16.0
402700.0,4701.4291796684265,6005.0,1.0,0.20000000298023224,0.0,600.0,236.4,16.0
402750.0,4702.010899543762,6005.0,1.0,0.20000000298023224,0.0,600.0,236.4,16.0
402800.0,4702.592252731323,6006.0,1.0,0.4000000059604645,0.0,600.0,211.8,16.0
402850.0,4703.178323030472,6006.0,1.0,0.4000000059604645,0.0,600.0,211.8,16.0
402900.0,4703.760217666626,6006.0,1.0,0.4000000059604645,0.0,600.0,211.8,16.0
402950.0,4704.344789266586,6006.0,1.0,0.4000000059604645,0.0,600.0,211.8,16.0
403000.0,4704.91769194603,6006.0,1.0,0.4000000059604645,0.0,600.0,211.8,16.0
403050.0,4705.492997407913,6006.0,1.0,0.4000000059604645,0.0,600.0,211.8,16.0
403100.0,4706.067825078964,6006.0,1.0,0.4000000059604645,0.0,600.0,211.8,16.0
403150.0,4706.644553422928,6006.0,1.0,0.4000000059604645,0.0,600.0,211.8,16.0
403200.0,4707.221204042435,6006.0,1.0,0.4000000059604645,0.0,600.0,211.8,16.0
403250.0,4707.800657272339,6006.0,1.0,0.4000000059604645,0.0,600.0,211.8,16.0
403300.0,4708.378610610962,6006.0,1.0,0.4000000059604645,0.0,600.0,211.8,16.0
403350.0,4708.95898103714,6006.0,1.0,0.4000000059604645,0.0,600.0,211.8,16.0
403400.0,4709.534771203995,6006.0,1.0,0.4000000059604645,0.0,600.0,211.8,16.0
403450.0,4710.114195823669,6007.0,1.0,0.4000000059604645,0.0,630.0,217.8,16.0
403500.0,4710.699086666107,6007.0,1.0,0.4000000059604645,0.0,630.0,217.8,16.0
403550.0,4711.284834623337,6007.0,1.0,0.4000000059604645,0.0,630.0,217.8,16.0
403600.0,4711.864624977112,6007.0,1.0,0.4000000059604645,0.0,630.0,217.8,16.0
403650.0,4712.45010137558,6007.0,1.0,0.4000000059604645,0.0,630.0,217.8,16.0
403700.0,4713.03120136261,6007.0,1.0,0.4000000059604645,0.0,630.0,217.8,16.0
403750.0,4713.615894317627,6007.0,1.0,0.4000000059604645,0.0,630.0,217.8,16.0
403800.0,4714.187913894653,6007.0,1.0,0.4000000059604645,0.0,630.0,217.8,16.0
403850.0,4714.762096166611,6007.0,1.0,0.4000000059604645,0.0,630.0,217.8,16.0
403900.0,4715.337938547134,6007.0,1.0,0.4000000059604645,0.0,630.0,217.8,16.0
403950.0,4715.912770271301,6008.0,1.0,0.4000000059604645,0.0,630.0,315.6,33.0
404000.0,4716.496962070465,6008.0,1.0,0.4000000059604645,0.0,630.0,315.6,33.0
404050.0,4717.079995632172,6009.0,1.0,0.6000000238418579,0.0,630.0,334.0,125.0
404100.0,4717.665935516357,6010.0,1.0,0.6000000238418579,0.0,630.0,316.0,50.0
404150.0,4718.24799656868,6010.0,1.0,0.6000000238418579,0.0,630.0,316.0,50.0
404200.0,4718.825729608536,6011.0,1.0,0.4000000059604645,0.0,630.0,281.6,50.0
404250.0,4719.403635263443,6011.0,1.0,0.4000000059604645,0.0,630.0,281.6,50.0
404300.0,4719.980084896088,6012.0,1.0,0.20000000298023224,0.0,505.0,175.2,50.0
404350.0,4720.556072235107,6012.0,1.0,0.20000000298023224,0.0,505.0,175.2,50.0
404400.0,4721.139785528183,6012.0,1.0,0.20000000298023224,0.0,505.0,175.2,50.0
404450.0,4721.713292837143,6013.0,1.0,0.20000000298023224,0.0,141.0,102.4,50.0
404500.0,4722.287031888962,6014.0,0.0,0.0,0.0,141.0,89.8,50.0
404550.0,4722.866281270981,6014.0,0.0,0.0,0.0,141.0,89.8,50.0
404600.0,4723.447664260864,6015.0,0.0,0.0,0.0,141.0,99.0,62.0
404650.0,4724.025215387344,6015.0,0.0,0.0,0.0,141.0,99.0,62.0
404700.0,4724.601153850555,6015.0,0.0,0.0,0.0,141.0,99.0,62.0
404750.0,4725.178774595261,6016.0,2.0,0.4000000059604645,0.0,156.0,110.6,62.0
404800.0,4725.758660316467,6016.0,2.0,0.4000000059604645,0.0,156.0,110.6,62.0
404850.0,4726.338361263275,6016.0,2.0,0.4000000059604645,0.0,156.0,110.6,62.0
404900.0,4726.914803743362,6016.0,2.0,0.4000000059604645,0.0,156.0,110.6,62.0
404950.0,4727.496228456497,6016.0,2.0,0.4000000059604645,0.0,156.0,110.6,62.0
405000.0,4728.072884321213,6016.0,2.0,0.4000000059604645,0.0,156.0,110.6,62.0
405050.0,4728.651028871536,6017.0,2.0,0.4000000059604645,0.0,279.0,146.8,62.0
405100.0,4729.23278260231,6017.0,2.0,0.4000000059604645,0.0,279.0,146.8,62.0
405150.0,4729.827233076096,6017.0,2.0,0.4000000059604645,0.0,279.0,146.8,62.0
405200.0,4730.409337759018,6018.0,2.0,0.4000000059604645,0.0,279.0,154.0,62.0
405250.0,4730.987351179123,6018.0,2.0,0.4000000059604645,0.0,279.0,154.0,62.0
405300.0,4731.600478887558,6018.0,2.0,0.4000000059604645,0.0,279.0,154.0,62.0
405350.0,4732.236775159836,6019.0,2.0,0.4000000059604645,0.0,279.0,169.2,96.0
405400.0,4732.832396030426,6019.0,2.0,0.4000000059604645,0.0,279.0,169.2,96.0
405450.0,4733.42246556282,6019.0,2.0,0.4000000059604645,0.0,279.0,169.2,96.0
405500.0,4734.001066207886,6020.0,2.0,0.4000000059604645,0.0,279.0,179.2,138.0
405550.0,4734.579306364059,6021.0,0.0,0.0,0.0,279.0,155.8,39.0
405600.0,4735.153308391571,6021.0,0.0,0.0,0.0,279.0,155.8,39.0
405650.0,4735.729375839233,6022.0,0.0,0.0,0.0,177.0,118.6,39.0
405700.0,4736.348695039749,6022.0,0.0,0.0,0.0,177.0,118.6,39.0
405750.0,4736.988565921783,6022.0,0.0,0.0,0.0,177.0,118.6,39.0
405800.0,4737.596680402756,6022.0,0.0,0.0,0.0,177.0,118.6,39.0
405850.0,4738.173770666122,6023.0,1.0,0.20000000298023224,0.0,232.0,129.6,39.0
405900.0,4738.757066488266,6023.0,1.0,0.20000000298023224,0.0,232.0,129.6,39.0
405950.0,4739.334315776825,6023.0,1.0,0.20000000298023224,0.0,232.0,129.6,39.0
406000.0,4739.91761136055,6023.0,1.0,0.20000000298023224,0.0,232.0,129.6,39.0
406050.0,4740.509613752365,6023.0,1.0,0.20000000298023224,0.0,232.0,129.6,39.0
406100.0,4741.09180021286,6023.0,1.0,0.20000000298023224,0.0,232.0,129.6,39.0
406150.0,4741.676354169846,6023.0,1.0,0.20000000298023224,0.0,232.0,129.6,39.0
406200.0,4742.304896593094,6024.0,1.0,0.20000000298023224,0.0,325.0,167.0,39.0
406250.0,4742.922919988632,6025.0,1.0,0.4000000059604645,0.0,325.0,149.4,39.0
406300.0,4743.503232002258,6027.0,1.0,0.4000000059604645,0.0,325.0,134.0,11.0
406350.0,4744.076662778854,6027.0,1.0,0.4000000059604645,0.0,325.0,134.0,11.0
406400.0,4744.653387308121,6028.0,1.0,0.4000000059604645,0.0,325.0,103.0,11.0
406450.0,4745.224182844162,6028.0,1.0,0.4000000059604645,0.0,325.0,103.0,11.0
406500.0,4745.806599140167,6028.0,1.0,0.4000000059604645,0.0,325.0,103.0,11.0
406550.0,4746.412698030472,6029.0,1.0,0.4000000059604645,0.0,180.0,74.0,11.0
406600.0,4747.051873922348,6031.0,1.0,0.20000000298023224,0.0,180.0,63.8,11.0
406650.0,4747.696932077408,6032.0,1.0,0.20000000298023224,0.0,180.0,71.4,11.0
406700.0,4748.293381214142,6032.0,1.0,0.20000000298023224,0.0,180.0,71.4,11.0
406750.0,4748.879292488098,6032.0,1.0,0.20000000298023224,0.0,180.0,71.4,11.0
406800.0,4749.474026918411,6033.0,0.0,0.0,0.0,180.0,80.2,11.0
406850.0,4750.0640206336975,6033.0,0.0,0.0,0.0,180.0,80.2,11.0
406900.0,4750.637497425079,6034.0,0.0,0.0,0.0,121.0,64.4,11.0
406950.0,4751.208370923996,6034.0,0.0,0.0,0.0,121.0,64.4,11.0
407000.0,4751.79186463356,6034.0,0.0,0.0,0.0,121.0,64.4,11.0
407050.0,4752.36839222908,6034.0,0.0,0.0,0.0,121.0,64.4,11.0
407100.0,4752.944494724274,6034.0,0.0,0.0,0.0,121.0,64.4,11.0
407150.0,4753.534128904343,6034.0,0.0,0.0,0.0,121.0,64.4,11.0
407200.0,4754.114084720612,6035.0,0.0,0.0,0.0,299.0,116.2,11.0
407250.0,4754.69211268425,6035.0,0.0,0.0,0.0,299.0,116.2,11.0
407300.0,4755.27698469162,6035.0,0.0,0.0,0.0,299.0,116.2,11.0
407350.0,4755.8569231033325,6035.0,0.0,0.0,0.0,299.0,116.2,11.0
407400.0,4756.433575391769,6035.0,0.0,0.0,0.0,299.0,116.2,11.0
407450.0,4757.008433580399,6036.0,0.0,0.0,0.0,299.0,167.8,49.0
407500.0,4757.585456609726,6036.0,0.0,0.0,0.0,299.0,167.8,49.0
407550.0,4758.165740966797,6037.0,0.0,0.0,0.0,299.0,178.0,100.0
407600.0,4758.7497754096985,6037.0,0.0,0.0,0.0,299.0,178.0,100.0
407650.0,4759.324766635895,6037.0,0.0,0.0,0.0,299.0,178.0,100.0
407700.0,4759.901202440262,6037.0,0.0,0.0,0.0,299.0,178.0,100.0
407750.0,4760.478145599365,6038.0,0.0,0.0,0.0,299.0,191.6,100.0
407800.0,4761.053196191788,6038.0,0.0,0.0,0.0,299.0,191.6,100.0
407850.0,4761.623643159866,6039.0,0.0,0.0,0.0,299.0,196.2,100.0
407900.0,4762.219528436661,6039.0,0.0,0.0,0.0,299.0,196.2,100.0
407950.0,4762.797493934631,6039.0,0.0,0.0,0.0,299.0,196.2,100.0
408000.0,4763.388491630554,6039.0,0.0,0.0,0.0,299.0,196.2,100.0
408050.0,4763.995808839798,6039.0,0.0,0.0,0.0,299.0,196.2,100.0
408100.0,4764.593578577042,6039.0,0.0,0.0,0.0,299.0,196.2,100.0
408150.0,4765.172127723694,6040.0,0.0,0.0,0.0,269.0,189.8,100.0
408200.0,4765.751470327377,6040.0,0.0,0.0,0.0,269.0,189.8,100.0
408250.0,4766.360347270966,6040.0,0.0,0.0,0.0,269.0,189.8,100.0
408300.0,4766.955223798752,6040.0,0.0,0.0,0.0,269.0,189.8,100.0
408350.0,4767.559515476227,6040.0,0.0,0.0,0.0,269.0,189.8,100.0
408400.0,4768.171710252762,6040.0,0.0,0.0,0.0,269.0,189.8,100.0
408450.0,4768.784849882126,6040.0,0.0,0.0,0.0,269.0,189.8,100.0
408500.0,4769.390151262283,6041.0,1.0,0.20000000298023224,0.0,380.0,212.0,100.0
408550.0,4770.008097648621,6041.0,1.0,0.20000000298023224,0.0,380.0,212.0,100.0
408600.0,4770.617067813873,6042.0,1.0,0.20000000298023224,0.0,380.0,210.8,94.0
408650.0,4771.227759838104,6042.0,1.0,0.20000000298023224,0.0,380.0,210.8,94.0
408700.0,4771.841128587723,6043.0,1.0,0.20000000298023224,0.0,380.0,194.8,94.0
408750.0,4772.461156845093,6043.0,1.0,0.20000000298023224,0.0,380.0,194.8,94.0
408800.0,4773.062002658844,6043.0,1.0,0.20000000298023224,0.0,380.0,194.8,94.0
408850.0,4773.679948091507,6044.0,1.0,0.4000000059604645,0.0,380.0,200.8,94.0
408900.0,4774.281752586365,6044.0,1.0,0.4000000059604645,0.0,380.0,200.8,94.0
408950.0,4774.881517648697,6044.0,1.0,0.4000000059604645,0.0,380.0,200.8,94.0
409000.0,4775.495390176773,6045.0,1.0,0.6000000238418579,0.0,380.0,176.8,94.0
409050.0,4776.114573478699,6045.0,1.0,0.6000000238418579,0.0,380.0,176.8,94.0
409100.0,4776.7345135211945,6046.0,1.0,0.4000000059604645,0.0,154.0,116.8,80.0
409150.0,4777.356667041779,6046.0,1.0,0.4000000059604645,0.0,154.0,116.8,80.0
409200.0,4777.97256731987,6046.0,1.0,0.4000000059604645,0.0,154.0,116.8,80.0
409250.0,4778.592486381531,6046.0,1.0,0.4000000059604645,0.0,154.0,116.8,80.0
409300.0,4779.217032432556,6048.0,1.0,0.6000000238418579,0.0,214.0,121.2,11.0
409350.0,4779.8232271671295,6048.0,1.0,0.6000000238418579,0.0,214.0,121.2,11.0
409400.0,4780.428748369217,6048.0,1.0,0.6000000238418579,0.0,214.0,121.2,11.0
409450.0,4781.033855199814,6048.0,1.0,0.6000000238418579,0.0,214.0,121.2,11.0
409500.0,4781.646807670593,6049.0,1.0,0.6000000238418579,0.0,214.0,125.8,11.0
409550.0,4782.264007568359,6049.0,1.0,0.6000000238418579,0.0,214.0,125.8,11.0
409600.0,4782.892469167709,6049.0,1.0,0.6000000238418579,0.0,214.0,125.8,11.0
409650.0,4783.513672828674,6049.0,1.0,0.6000000238418579,0.0,214.0,125.8,11.0
409700.0,4784.132791519165,6050.0,1.0,0.6000000238418579,0.0,214.0,137.2,11.0
409750.0,4784.753889799118,6051.0,1.0,0.6000000238418579,0.0,214.0,131.2,11.0
409800.0,4785.372650384903,6051.0,1.0,0.6000000238418579,0.0,214.0,131.2,11.0
409850.0,4785.993156671524,6052.0,1.0,0.4000000059604645,0.0,204.0,109.6,11.0
409900.0,4786.6085658073425,6053.0,1.0,0.4000000059604645,0.0,204.0,118.2,50.0
409950.0,4787.224659442902,6053.0,1.0,0.4000000059604645,0.0,204.0,118.2,50.0
410000.0,4787.8533589839935,6054.0,1.0,0.20000000298023224,0.0,204.0,98.8,50.0
410050.0,4788.488978385925,6054.0,1.0,0.20000000298023224,0.0,204.0,98.8,50.0
410100.0,4789.111755371094,6054.0,1.0,0.20000000298023224,0.0,204.0,98.8,50.0
410150.0,4789.736366510391,6054.0,1.0,0.20000000298023224,0.0,204.0,98.8,50.0
410200.0,4790.359932422638,6054.0,1.0,0.20000000298023224,0.0,204.0,98.8,50.0
410250.0,4790.973161458969,6054.0,1.0,0.20000000298023224,0.0,204.0,98.8,50.0
410300.0,4791.589028596878,6055.0,1.0,0.20000000298023224,0.0,305.0,119.0,50.0
410350.0,4792.208328962326,6056.0,1.0,0.20000000298023224,0.0,305.0,119.0,50.0
410400.0,4792.844023942947,6056.0,1.0,0.20000000298023224,0.0,305.0,119.0,50.0
410450.0,4793.483784914017,6057.0,1.0,0.20000000298023224,0.0,305.0,120.6,50.0
410500.0,4794.104664802551,6057.0,1.0,0.20000000298023224,0.0,305.0,120.6,50.0
410550.0,4794.722294807434,6058.0,1.0,0.20000000298023224,0.0,305.0,128.6,50.0
410600.0,4795.353054046631,6058.0,1.0,0.20000000298023224,0.0,305.0,128.6,50.0
410650.0,4795.977804899216,6059.0,1.0,0.4000000059604645,0.0,305.0,130.4,50.0
410700.0,4796.597700595856,6059.0,1.0,0.4000000059604645,0.0,305.0,130.4,50.0
410750.0,4797.2163598537445,6059.0,1.0,0.4000000059604645,0.0,305.0,130.4,50.0
410800.0,4797.85361790657,6059.0,1.0,0.4000000059604645,0.0,305.0,130.4,50.0
410850.0,4798.484959125519,6060.0,1.0,0.20000000298023224,0.0,219.0,113.2,50.0
410900.0,4799.164839267731,6060.0,1.0,0.20000000298023224,0.0,219.0,113.2,50.0
410950.0,4799.842748165131,6060.0,1.0,0.20000000298023224,0.0,219.0,113.2,50.0
411000.0,4800.513150691986,6060.0,1.0,0.20000000298023224,0.0,219.0,113.2,50.0
411050.0,4801.178514480591,6061.0,1.0,0.20000000298023224,0.0,219.0,139.2,89.0
411100.0,4801.848732709885,6062.0,1.0,0.20000000298023224,0.0,219.0,131.2,74.0
411150.0,4802.476606369019,6063.0,1.0,0.20000000298023224,0.0,219.0,121.4,45.0
411200.0,4803.140609502792,6064.0,1.0,0.20000000298023224,0.0,219.0,113.8,45.0
411250.0,4803.767675876617,6064.0,1.0,0.20000000298023224,0.0,219.0,113.8,45.0
411300.0,4804.385684490204,6064.0,1.0,0.20000000298023224,0.0,219.0,113.8,45.0
411350.0,4805.0035519599915,6064.0,1.0,0.20000000298023224,0.0,219.0,113.8,45.0
411400.0,4805.631531238556,6064.0,1.0,0.20000000298023224,0.0,219.0,113.8,45.0
411450.0,4806.242480993271,6064.0,1.0,0.20000000298023224,0.0,219.0,113.8,45.0
411500.0,4806.861774682999,6065.0,1.0,0.4000000059604645,0.0,304.0,130.8,45.0
411550.0,4807.480950117111,6065.0,1.0,0.4000000059604645,0.0,304.0,130.8,45.0
411600.0,4808.0999455451965,6065.0,1.0,0.4000000059604645,0.0,304.0,130.8,45.0
411650.0,4808.735538482666,6065.0,1.0,0.4000000059604645,0.0,304.0,130.8,45.0
411700.0,4809.369364261627,6066.0,1.0,0.6000000238418579,0.0,304.0,131.8,45.0
411750.0,4809.9996819496155,6066.0,1.0,0.6000000238418579,0.0,304.0,131.8,45.0
411800.0,4810.636669158936,6066.0,1.0,0.6000000238418579,0.0,304.0,131.8,45.0
411850.0,4811.264929294586,6066.0,1.0,0.6000000238418579,0.0,304.0,131.8,45.0
411900.0,4811.899979352951,6066.0,1.0,0.6000000238418579,0.0,304.0,131.8,45.0
411950.0,4812.527129173279,6066.0,1.0,0.6000000238418579,0.0,304.0,131.8,45.0
412000.0,4813.161722898483,6066.0,1.0,0.6000000238418579,0.0,304.0,131.8,45.0
412050.0,4813.797831535339,6067.0,1.0,0.800000011920929,0.0,351.0,187.2,45.0
412100.0,4814.428849697113,6067.0,1.0,0.800000011920929,0.0,351.0,187.2,45.0
412150.0,4815.06408572197,6068.0,1.0,0.800000011920929,0.0,351.0,198.0,51.0
412200.0,4815.695179224014,6068.0,1.0,0.800000011920929,0.0,351.0,198.0,51.0
412250.0,4816.323412656784,6068.0,1.0,0.800000011920929,0.0,351.0,198.0,51.0
412300.0,4816.940382242203,6069.0,1.0,0.800000011920929,0.0,351.0,216.2,99.0
412350.0,4817.569435119629,6070.0,1.0,0.6000000238418579,0.0,351.0,168.8,67.0
412400.0,4818.189310789108,6070.0,1.0,0.6000000238418579,0.0,351.0,168.8,67.0
412450.0,4818.811189651489,6070.0,1.0,0.6000000238418579,0.0,351.0,168.8,67.0
412500.0,4819.439868450165,6071.0,1.0,0.6000000238418579,0.0,351.0,159.2,67.0
412550.0,4820.0765063762665,6073.0,1.0,0.4000000059604645,0.0,142.0,83.2,23.0
412600.0,4820.7161021232605,6073.0,1.0,0.4000000059604645,0.0,142.0,83.2,23.0
412650.0,4821.353033065796,6073.0,1.0,0.4000000059604645,0.0,142.0,83.2,23.0
412700.0,4821.978733778,6073.0,1.0,0.4000000059604645,0.0,142.0,83.2,23.0
412750.0,4822.601402521133,6073.0,1.0,0.4000000059604645,0.0,142.0,83.2,23.0
412800.0,4823.224863290787,6073.0,1.0,0.4000000059604645,0.0,142.0,83.2,23.0
412850.0,4823.8641674518585,6074.0,3.0,0.800000011920929,0.0,294.0,113.6,23.0
412900.0,4824.50514125824,6074.0,3.0,0.800000011920929,0.0,294.0,113.6,23.0
412950.0,4825.148856878281,6074.0,3.0,0.800000011920929,0.0,294.0,113.6,23.0
413000.0,4825.784621953964,6074.0,3.0,0.800000011920929,0.0,294.0,113.6,23.0
413050.0,4826.4167494773865,6074.0,3.0,0.800000011920929,0.0,294.0,113.6,23.0
413100.0,4827.051026344299,6074.0,3.0,0.800000011920929,0.0,294.0,113.6,23.0
413150.0,4827.685602903366,6074.0,3.0,0.800000011920929,0.0,294.0,113.6,23.0
413200.0,4828.3203125,6074.0,3.0,0.800000011920929,0.0,294.0,113.6,23.0
413250.0,4828.956612586975,6074.0,3.0,0.800000011920929,0.0,294.0,113.6,23.0
413300.0,4829.581150531769,6074.0,3.0,0.800000011920929,0.0,294.0,113.6,23.0
413350.0,4830.215645313263,6075.0,3.0,1.2000000476837158,0.0,482.0,196.6,23.0
413400.0,4830.849161624908,6076.0,3.0,1.0,0.0,482.0,180.8,23.0
413450.0,4831.487790822983,6076.0,3.0,1.0,0.0,482.0,180.8,23.0
413500.0,4832.120566606522,6076.0,3.0,1.0,0.0,482.0,180.8,23.0
413550.0,4832.765017986298,6076.0,3.0,1.0,0.0,482.0,180.8,23.0
413600.0,4833.394944906235,6076.0,3.0,1.0,0.0,482.0,180.8,23.0
413650.0,4834.029133081436,6076.0,3.0,1.0,0.0,482.0,180.8,23.0
413700.0,4834.650784730911,6076.0,3.0,1.0,0.0,482.0,180.8,23.0
413750.0,4835.2845413684845,6077.0,3.0,1.0,0.0,482.0,242.0,23.0
413800.0,4835.912213802338,6077.0,3.0,1.0,0.0,482.0,242.0,23.0
413850.0,4836.538588047028,6077.0,3.0,1.0,0.0,482.0,242.0,23.0
413900.0,4837.157818078995,6077.0,3.0,1.0,0.0,482.0,242.0,23.0
413950.0,4837.800263643265,6078.0,3.0,1.0,0.0,482.0,276.8,58.0
414000.0,4838.434488534927,6079.0,2.0,0.6000000238418579,0.0,482.0,231.4,58.0
414050.0,4839.067784547806,6079.0,2.0,0.6000000238418579,0.0,482.0,231.4,58.0
414100.0,4839.68556022644,6079.0,2.0,0.6000000238418579,0.0,482.0,231.4,58.0
414150.0,4840.329031944275,6079.0,2.0,0.6000000238418579,0.0,482.0,231.4,58.0
414200.0,4840.952252149582,6080.0,1.0,0.4000000059604645,0.0,353.0,173.6,58.0
414250.0,4841.58407497406,6080.0,1.0,0.4000000059604645,0.0,353.0,173.6,58.0
414300.0,4842.214750289917,6081.0,1.0,0.4000000059604645,0.0,353.0,181.0,67.0
414350.0,4842.844657897949,6081.0,1.0,0.4000000059604645,0.0,353.0,181.0,67.0
414400.0,4843.476804733276,6082.0,1.0,0.4000000059604645,0.0,197.0,132.2,67.0
414450.0,4844.116792917252,6082.0,1.0,0.4000000059604645,0.0,197.0,132.2,67.0
414500.0,4844.7377281188965,6082.0,1.0,0.4000000059604645,0.0,197.0,132.2,67.0
414550.0,4845.3687744140625,6082.0,1.0,0.4000000059604645,0.0,197.0,132.2,67.0
414600.0,4845.990654706955,6082.0,1.0,0.4000000059604645,0.0,197.0,132.2,67.0
414650.0,4846.624724388123,6082.0,1.0,0.4000000059604645,0.0,197.0,132.2,67.0
414700.0,4847.252975225449,6082.0,1.0,0.4000000059604645,0.0,197.0,132.2,67.0
414750.0,4847.893146514893,6082.0,1.0,0.4000000059604645,0.0,197.0,132.2,67.0
414800.0,4848.528468847275,6083.0,1.0,0.6000000238418579,0.0,376.0,168.0,67.0
414850.0,4849.168321847916,6083.0,1.0,0.6000000238418579,0.0,376.0,168.0,67.0
414900.0,4849.787632703781,6083.0,1.0,0.6000000238418579,0.0,376.0,168.0,67.0
414950.0,4850.432873010635,6083.0,1.0,0.6000000238418579,0.0,376.0,168.0,67.0
415000.0,4851.060613870621,6083.0,1.0,0.6000000238418579,0.0,376.0,168.0,67.0
415050.0,4851.697886943817,6083.0,1.0,0.6000000238418579,0.0,376.0,168.0,67.0
415100.0,4852.324683904648,6084.0,1.0,0.6000000238418579,0.0,376.0,216.2,95.0
415150.0,4852.96470451355,6085.0,1.0,0.4000000059604645,0.0,376.0,188.2,53.0
415200.0,4853.600631952286,6085.0,1.0,0.4000000059604645,0.0,376.0,188.2,53.0
415250.0,4854.24037528038,6085.0,1.0,0.4000000059604645,0.0,376.0,188.2,53.0
415300.0,4854.863183259964,6085.0,1.0,0.4000000059604645,0.0,376.0,188.2,53.0
415350.0,4855.500553607941,6085.0,1.0,0.4000000059604645,0.0,376.0,188.2,53.0
415400.0,4856.134290933609,6085.0,1.0,0.4000000059604645,0.0,376.0,188.2,53.0
415450.0,4856.767534255981,6086.0,1.0,0.6000000238418579,0.0,376.0,227.4,53.0
415500.0,4857.4042909145355,6086.0,1.0,0.6000000238418579,0.0,376.0,227.4,53.0
415550.0,4858.0403571128845,6086.0,1.0,0.6000000238418579,0.0,376.0,227.4,53.0
415600.0,4858.680634260178,6086.0,1.0,0.6000000238418579,0.0,376.0,227.4,53.0
415650.0,4859.318809270859,6086.0,1.0,0.6000000238418579,0.0,376.0,227.4,53.0
415700.0,4859.953060865402,6086.0,1.0,0.6000000238418579,0.0,376.0,227.4,53.0
415750.0,4860.587874174118,6086.0,1.0,0.6000000238418579,0.0,376.0,227.4,53.0
415800.0,4861.218375444412,6086.0,1.0,0.6000000238418579,0.0,376.0,227.4,53.0
415850.0,4861.840486049652,6086.0,1.0,0.6000000238418579,0.0,376.0,227.4,53.0
415900.0,4862.473289489746,6087.0,3.0,1.2000000476837158,0.0,463.0,298.2,53.0
415950.0,4863.112413644791,6088.0,3.0,1.0,0.0,463.0,235.4,53.0
416000.0,4863.750990867615,6088.0,3.0,1.0,0.0,463.0,235.4,53.0
416050.0,4864.387272357941,6088.0,3.0,1.0,0.0,463.0,235.4,53.0
416100.0,4865.025197029114,6088.0,3.0,1.0,0.0,463.0,235.4,53.0
416150.0,4865.659907579422,6088.0,3.0,1.0,0.0,463.0,235.4,53.0
416200.0,4866.292197465897,6088.0,3.0,1.0,0.0,463.0,235.4,53.0
416250.0,4866.931017637253,6088.0,3.0,1.0,0.0,463.0,235.4,53.0
416300.0,4867.572601318359,6088.0,3.0,1.0,0.0,463.0,235.4,53.0
416350.0,4868.211813688278,6088.0,3.0,1.0,0.0,463.0,235.4,53.0
416400.0,4868.8464477062225,6088.0,3.0,1.0,0.0,463.0,235.4,53.0
416450.0,4869.478543519974,6089.0,3.0,1.2000000476837158,0.0,483.0,270.4,53.0
416500.0,4870.102055311203,6090.0,3.0,1.2000000476837158,0.0,483.0,271.8,60.0
416550.0,4870.741142988205,6090.0,3.0,1.2000000476837158,0.0,483.0,271.8,60.0
416600.0,4871.371869802475,6090.0,3.0,1.2000000476837158,0.0,483.0,271.8,60.0
416650.0,4872.008993387222,6090.0,3.0,1.2000000476837158,0.0,483.0,271.8,60.0
416700.0,4872.646436929703,6090.0,3.0,1.2000000476837158,0.0,483.0,271.8,60.0
416750.0,4873.288517713547,6090.0,3.0,1.2000000476837158,0.0,483.0,271.8,60.0
416800.0,4873.9235763549805,6090.0,3.0,1.2000000476837158,0.0,483.0,271.8,60.0
416850.0,4874.564476251602,6090.0,3.0,1.2000000476837158,0.0,483.0,271.8,60.0
416900.0,4875.20068860054,6090.0,3.0,1.2000000476837158,0.0,483.0,271.8,60.0
416950.0,4875.82709646225,6091.0,4.0,1.7999999523162842,0.0,483.0,303.6,60.0
417000.0,4876.461897134781,6091.0,4.0,1.7999999523162842,0.0,483.0,303.6,60.0
417050.0,4877.1004893779755,6091.0,4.0,1.7999999523162842,0.0,483.0,303.6,60.0
417100.0,4877.733225345612,6091.0,4.0,1.7999999523162842,0.0,483.0,303.6,60.0
417150.0,4878.358974933624,6091.0,4.0,1.7999999523162842,0.0,483.0,303.6,60.0
417200.0,4879.00106549263,6091.0,4.0,1.7999999523162842,0.0,483.0,303.6,60.0
417250.0,4879.627576351166,6091.0,4.0,1.7999999523162842,0.0,483.0,303.6,60.0
417300.0,4880.264254570007,6091.0,4.0,1.7999999523162842,0.0,483.0,303.6,60.0
417350.0,4880.8821630477905,6091.0,4.0,1.7999999523162842,0.0,483.0,303.6,60.0
417400.0,4881.513703584671,6091.0,4.0,1.7999999523162842,0.0,483.0,303.6,60.0
417450.0,4882.157454252243,6091.0,4.0,1.7999999523162842,0.0,483.0,303.6,60.0
417500.0,4882.795801639557,6091.0,4.0,1.7999999523162842,0.0,483.0,303.6,60.0
417550.0,4883.429785966873,6092.0,4.0,1.600000023841858,0.0,605.0,332.0,60.0
417600.0,4884.054088115692,6092.0,4.0,1.600000023841858,0.0,605.0,332.0,60.0
417650.0,4884.676287889481,6092.0,4.0,1.600000023841858,0.0,605.0,332.0,60.0
417700.0,4885.292672872543,6093.0,4.0,1.600000023841858,0.0,605.0,344.6,60.0
417750.0,4885.916618824005,6093.0,4.0,1.600000023841858,0.0,605.0,344.6,60.0
417800.0,4886.550624370575,6093.0,4.0,1.600000023841858,0.0,605.0,344.6,60.0
417850.0,4887.187163352966,6093.0,4.0,1.600000023841858,0.0,605.0,344.6,60.0
417900.0,4887.823971748352,6093.0,4.0,1.600000023841858,0.0,605.0,344.6,60.0
417950.0,4888.455199480057,6093.0,4.0,1.600000023841858,0.0,605.0,344.6,60.0
418000.0,4889.088510751724,6094.0,4.0,1.2000000476837158,0.0,605.0,308.0,60.0
418050.0,4889.709629774094,6094.0,4.0,1.2000000476837158,0.0,605.0,308.0,60.0
418100.0,4890.352416753769,6094.0,4.0,1.2000000476837158,0.0,605.0,308.0,60.0
418150.0,4890.984842538834,6094.0,4.0,1.2000000476837158,0.0,605.0,308.0,60.0
418200.0,4891.621623277664,6094.0,4.0,1.2000000476837158,0.0,605.0,308.0,60.0
418250.0,4892.256177663803,6094.0,4.0,1.2000000476837158,0.0,605.0,308.0,60.0
418300.0,4892.892197608948,6095.0,4.0,1.600000023841858,0.0,605.0,356.6,125.0
418350.0,4893.528735876083,6096.0,2.0,0.800000011920929,0.0,605.0,275.0,42.0
418400.0,4894.168631076813,6096.0,2.0,0.800000011920929,0.0,605.0,275.0,42.0
418450.0,4894.797307014465,6096.0,2.0,0.800000011920929,0.0,605.0,275.0,42.0
418500.0,4895.4389271736145,6096.0,2.0,0.800000011920929,0.0,605.0,275.0,42.0
418550.0,4896.072538852692,6096.0,2.0,0.800000011920929,0.0,605.0,275.0,42.0
418600.0,4896.708407640457,6096.0,2.0,0.800000011920929,0.0,605.0,275.0,42.0
418650.0,4897.340026140213,6096.0,2.0,0.800000011920929,0.0,605.0,275.0,42.0
418700.0,4897.973038196564,6096.0,2.0,0.800000011920929,0.0,605.0,275.0,42.0
418750.0,4898.609539985657,6096.0,2.0,0.800000011920929,0.0,605.0,275.0,42.0
418800.0,4899.252638339996,6097.0,2.0,0.6000000238418579,0.0,475.0,249.0,42.0
418850.0,4899.8767902851105,6097.0,2.0,0.6000000238418579,0.0,475.0,249.0,42.0
418900.0,4900.516577959061,6097.0,2.0,0.6000000238418579,0.0,475.0,249.0,42.0
418950.0,4901.153004407883,6097.0,2.0,0.6000000238418579,0.0,475.0,249.0,42.0
419000.0,4901.776820659637,6098.0,2.0,0.800000011920929,0.0,475.0,260.0,42.0
419050.0,4902.399245977402,6098.0,2.0,0.800000011920929,0.0,475.0,260.0,42.0
419100.0,4903.02841758728,6098.0,2.0,0.800000011920929,0.0,475.0,260.0,42.0
419150.0,4903.659450292587,6099.0,2.0,1.0,0.0,475.0,234.0,42.0
419200.0,4904.300775527954,6099.0,2.0,1.0,0.0,475.0,234.0,42.0
419250.0,4904.924997806549,6099.0,2.0,1.0,0.0,475.0,234.0,42.0
419300.0,4905.5688235759735,6099.0,2.0,1.0,0.0,475.0,234.0,42.0
419350.0,4906.204453468323,6099.0,2.0,1.0,0.0,475.0,234.0,42.0
419400.0,4906.83567237854,6099.0,2.0,1.0,0.0,475.0,234.0,42.0
419450.0,4907.46315908432,6099.0,2.0,1.0,0.0,475.0,234.0,42.0
419500.0,4908.0927085876465,6099.0,2.0,1.0,0.0,475.0,234.0,42.0
419550.0,4908.728546142578,6100.0,1.0,0.6000000238418579,0.0,475.0,253.4,42.0
419600.0,4909.364511013031,6100.0,1.0,0.6000000238418579,0.0,475.0,253.4,42.0
419650.0,4909.9969782829285,6101.0,1.0,0.6000000238418579,0.0,475.0,261.0,80.0
419700.0,4910.63484287262,6101.0,1.0,0.6000000238418579,0.0,475.0,261.0,80.0
419750.0,4911.2772715091705,6101.0,1.0,0.6000000238418579,0.0,475.0,261.0,80.0
419800.0,4911.9039804935455,6101.0,1.0,0.6000000238418579,0.0,475.0,261.0,80.0
419850.0,4912.532532215118,6101.0,1.0,0.6000000238418579,0.0,475.0,261.0,80.0
419900.0,4913.154287338257,6102.0,1.0,0.4000000059604645,0.0,400.0,215.0,80.0
419950.0,4913.765233039856,6104.0,0.0,0.0,0.0,400.0,158.2,11.0
420000.0,4914.400905370712,6105.0,0.0,0.0,0.0,245.0,85.2,11.0
420050.0,4915.042303085327,6107.0,3.0,1.2000000476837158,0.0,55.0,34.0,11.0
420100.0,4915.680698394775,6108.0,5.0,2.200000047683716,0.0,51.0,29.4,11.0
420150.0,4916.324644565582,6110.0,10.0,4.800000190734863,3.0,61.0,36.0,18.0
420200.0,4916.955185174942,6110.0,10.0,4.800000190734863,3.0,61.0,36.0,18.0
420250.0,4917.601029872894,6111.0,10.0,5.599999904632568,3.0,71.0,40.0,18.0
420300.0,4918.241254806519,6111.0,10.0,5.599999904632568,3.0,71.0,40.0,18.0
420350.0,4918.8802053928375,6111.0,10.0,5.599999904632568,3.0,71.0,40.0,18.0
420400.0,4919.517394781113,6111.0,10.0,5.599999904632568,3.0,71.0,40.0,18.0
420450.0,4920.149255990982,6111.0,10.0,5.599999904632568,3.0,71.0,40.0,18.0
420500.0,4920.784500837326,6111.0,10.0,5.599999904632568,3.0,71.0,40.0,18.0
420550.0,4921.431546926498,6112.0,43.0,13.600000381469727,3.0,311.0,98.6,18.0
420600.0,4922.07243847847,6113.0,43.0,14.0,3.0,311.0,101.8,18.0
420650.0,4922.720721960068,6113.0,43.0,14.0,3.0,311.0,101.8,18.0
420700.0,4923.3652493953705,6115.0,43.0,15.0,3.0,311.0,107.8,18.0
420750.0,4924.005182266235,6115.0,43.0,15.0,3.0,311.0,107.8,18.0
420800.0,4924.6349449157715,6115.0,43.0,15.0,3.0,311.0,107.8,18.0
420850.0,4925.276731491089,6116.0,43.0,17.0,3.0,311.0,121.8,18.0
420900.0,4925.909640789032,6117.0,17.0,9.800000190734863,3.0,141.0,71.6,18.0
420950.0,4926.557196855545,6117.0,17.0,9.800000190734863,3.0,141.0,71.6,18.0
421000.0,4927.196375846863,6118.0,17.0,10.800000190734863,3.0,141.0,80.0,18.0
421050.0,4927.836874961853,6118.0,17.0,10.800000190734863,3.0,141.0,80.0,18.0
421100.0,4928.47279047966,6118.0,17.0,10.800000190734863,3.0,141.0,80.0,18.0
421150.0,4929.114254951477,6119.0,18.0,11.399999618530273,3.0,150.0,91.8,18.0
421200.0,4929.747119188309,6119.0,18.0,11.399999618530273,3.0,150.0,91.8,18.0
421250.0,4930.3803725242615,6119.0,18.0,11.399999618530273,3.0,150.0,91.8,18.0
421300.0,4931.012557983398,6119.0,18.0,11.399999618530273,3.0,150.0,91.8,18.0
421350.0,4931.65677189827,6119.0,18.0,11.399999618530273,3.0,150.0,91.8,18.0
421400.0,4932.289714097977,6119.0,18.0,11.399999618530273,3.0,150.0,91.8,18.0
421450.0,4932.9330151081085,6119.0,18.0,11.399999618530273,3.0,150.0,91.8,18.0
421500.0,4933.564220190048,6120.0,38.0,18.399999618530273,7.0,370.0,162.2,60.0
421550.0,4934.204498529434,6122.0,38.0,14.800000190734863,3.0,370.0,131.6,20.0
421600.0,4934.837010860443,6122.0,38.0,14.800000190734863,3.0,370.0,131.6,20.0
421650.0,4935.488924026489,6122.0,38.0,14.800000190734863,3.0,370.0,131.6,20.0
421700.0,4936.1252818107605,6123.0,38.0,15.0,3.0,370.0,140.0,20.0
421750.0,4936.764900922775,6124.0,38.0,12.800000190734863,3.0,370.0,122.2,20.0
421800.0,4937.409019708633,6124.0,38.0,12.800000190734863,3.0,370.0,122.2,20.0
421850.0,4938.056742429733,6125.0,14.0,8.0,3.0,132.0,68.2,20.0
421900.0,4938.7006986141205,6125.0,14.0,8.0,3.0,132.0,68.2,20.0
421950.0,4939.349301815033,6126.0,14.0,8.800000190734863,3.0,132.0,82.0,28.0
422000.0,4939.981667280197,6126.0,14.0,8.800000190734863,3.0,132.0,82.0,28.0
422050.0,4940.626730680466,6127.0,14.0,10.600000381469727,7.0,132.0,100.4,61.0
422100.0,4941.2746040821075,6127.0,14.0,10.600000381469727,7.0,132.0,100.4,61.0
422150.0,4941.9121017456055,6127.0,14.0,10.600000381469727,7.0,132.0,100.4,61.0
422200.0,4942.553186893463,6127.0,14.0,10.600000381469727,7.0,132.0,100.4,61.0
422250.0,4943.1966145038605,6127.0,14.0,10.600000381469727,7.0,132.0,100.4,61.0
422300.0,4943.844892501831,6128.0,32.0,14.399999618530273,7.0,240.0,122.0,61.0
422350.0,4944.492516517639,6129.0,32.0,14.199999809265137,6.0,240.0,117.8,40.0
422400.0,4945.1371030807495,6130.0,32.0,12.800000190734863,6.0,240.0,107.8,40.0
422450.0,4945.773275136948,6130.0,32.0,12.800000190734863,6.0,240.0,107.8,40.0
422500.0,4946.420144557953,6130.0,32.0,12.800000190734863,6.0,240.0,107.8,40.0
422550.0,4947.052468776703,6130.0,32.0,12.800000190734863,6.0,240.0,107.8,40.0
422600.0,4947.688848018646,6131.0,32.0,17.600000381469727,6.0,240.0,134.0,40.0
422650.0,4948.33073759079,6132.0,32.0,16.200000762939453,5.0,240.0,118.0,40.0
422700.0,4948.976235628128,6132.0,32.0,16.200000762939453,5.0,240.0,118.0,40.0
422750.0,4949.616803407669,6132.0,32.0,16.200000762939453,5.0,240.0,118.0,40.0
422800.0,4950.261986732483,6132.0,32.0,16.200000762939453,5.0,240.0,118.0,40.0
422850.0,4950.8937973976135,6132.0,32.0,16.200000762939453,5.0,240.0,118.0,40.0
422900.0,4951.536926984787,6134.0,34.0,16.0,3.0,240.0,113.4,17.0
422950.0,4952.163246154785,6134.0,34.0,16.0,3.0,240.0,113.4,17.0
423000.0,4952.808181762695,6135.0,34.0,17.0,3.0,240.0,124.0,17.0
423050.0,4953.448914051056,6137.0,34.0,11.399999618530273,3.0,240.0,81.8,17.0
423100.0,4954.089389562607,6137.0,34.0,11.399999618530273,3.0,240.0,81.8,17.0
423150.0,4954.733040809631,6137.0,34.0,11.399999618530273,3.0,240.0,81.8,17.0
423200.0,4955.38026881218,6137.0,34.0,11.399999618530273,3.0,240.0,81.8,17.0
423250.0,4956.016592502594,6137.0,34.0,11.399999618530273,3.0,240.0,81.8,17.0
423300.0,4956.653058052063,6138.0,31.0,10.800000190734863,3.0,250.0,83.8,17.0
423350.0,4957.294486999512,6138.0,31.0,10.800000190734863,3.0,250.0,83.8,17.0
423400.0,4957.93826007843,6138.0,31.0,10.800000190734863,3.0,250.0,83.8,17.0
423450.0,4958.588432312012,6139.0,31.0,14.199999809265137,3.0,250.0,106.8,20.0
423500.0,4959.224498271942,6139.0,31.0,14.199999809265137,3.0,250.0,106.8,20.0
423550.0,4959.852343797684,6139.0,31.0,14.199999809265137,3.0,250.0,106.8,20.0
423600.0,4960.500548839569,6140.0,31.0,16.600000381469727,3.0,250.0,119.8,20.0
423650.0,4961.140212774277,6141.0,31.0,16.799999237060547,4.0,250.0,122.0,29.0
423700.0,4961.7799253463745,6141.0,31.0,16.799999237060547,4.0,250.0,122.0,29.0
423750.0,4962.424576282501,6141.0,31.0,16.799999237060547,4.0,250.0,122.0,29.0
423800.0,4963.064777374268,6141.0,31.0,16.799999237060547,4.0,250.0,122.0,29.0
423850.0,4963.696671247482,6141.0,31.0,16.799999237060547,4.0,250.0,122.0,29.0
423900.0,4964.327971696854,6141.0,31.0,16.799999237060547,4.0,250.0,122.0,29.0
423950.0,4964.96148276329,6141.0,31.0,16.799999237060547,4.0,250.0,122.0,29.0
424000.0,4965.60648059845,6142.0,56.0,27.0,4.0,362.0,188.6,31.0
424050.0,4966.2528421878815,6143.0,56.0,22.600000381469727,4.0,362.0,150.0,31.0
424100.0,4966.896630525589,6143.0,56.0,22.600000381469727,4.0,362.0,150.0,31.0
424150.0,4967.52747964859,6144.0,56.0,20.399999618530273,4.0,362.0,139.8,31.0
424200.0,4968.168310642242,6144.0,56.0,20.399999618530273,4.0,362.0,139.8,31.0
424250.0,4968.813027858734,6144.0,56.0,20.399999618530273,4.0,362.0,139.8,31.0
424300.0,4969.458922624588,6144.0,56.0,20.399999618530273,4.0,362.0,139.8,31.0
424350.0,4970.096699476242,6144.0,56.0,20.399999618530273,4.0,362.0,139.8,31.0
424400.0,4970.7379240989685,6146.0,56.0,22.0,4.0,362.0,153.4,27.0
424450.0,4971.384979724884,6148.0,32.0,10.0,2.0,240.0,77.6,17.0
424500.0,4972.021201372147,6149.0,32.0,10.0,2.0,240.0,73.8,17.0
424550.0,4972.663038492203,6149.0,32.0,10.0,2.0,240.0,73.8,17.0
424600.0,4973.294382095337,6149.0,32.0,10.0,2.0,240.0,73.8,17.0
424650.0,4973.940610408783,6150.0,13.0,6.199999809265137,2.0,121.0,50.0,17.0
424700.0,4974.576887845993,6151.0,13.0,7.800000190734863,2.0,121.0,60.6,17.0
424750.0,4975.224066257477,6152.0,13.0,7.599999904632568,2.0,121.0,60.0,17.0
424800.0,4975.855885982513,6152.0,13.0,7.599999904632568,2.0,121.0,60.0,17.0
424850.0,4976.492482423782,6152.0,13.0,7.599999904632568,2.0,121.0,60.0,17.0
424900.0,4977.136422395706,6152.0,13.0,7.599999904632568,2.0,121.0,60.0,17.0
424950.0,4977.777126312256,6152.0,13.0,7.599999904632568,2.0,121.0,60.0,17.0
425000.0,4978.402823209763,6154.0,36.0,12.800000190734863,1.0,250.0,97.6,17.0
425050.0,4979.045121669769,6155.0,36.0,11.0,1.0,250.0,80.0,17.0
425100.0,4979.67361664772,6156.0,36.0,9.800000190734863,1.0,250.0,74.0,17.0
425150.0,4980.311641693115,6156.0,36.0,9.800000190734863,1.0,250.0,74.0,17.0
425200.0,4980.9410355091095,6157.0,36.0,12.800000190734863,1.0,250.0,95.8,17.0
425250.0,4981.5756731033325,6157.0,36.0,12.800000190734863,1.0,250.0,95.8,17.0
425300.0,4982.20880484581,6159.0,17.0,7.800000190734863,4.0,129.0,62.0,27.0
425350.0,4982.847358465195,6160.0,17.0,7.800000190734863,4.0,129.0,60.0,23.0
425400.0,4983.481988191605,6160.0,17.0,7.800000190734863,4.0,129.0,60.0,23.0
425450.0,4984.127762079239,6161.0,17.0,10.0,4.0,129.0,72.2,23.0
425500.0,4984.761356830597,6161.0,17.0,10.0,4.0,129.0,72.2,23.0
425550.0,4985.388172626495,6162.0,17.0,9.0,4.0,111.0,64.2,23.0
425600.0,4986.0163452625275,6162.0,17.0,9.0,4.0,111.0,64.2,23.0
425650.0,4986.6421818733215,6163.0,17.0,10.0,4.0,111.0,70.0,23.0
425700.0,4987.282112360001,6163.0,17.0,10.0,4.0,111.0,70.0,23.0
425750.0,4987.9289808273315,6163.0,17.0,10.0,4.0,111.0,70.0,23.0
425800.0,4988.554798841476,6163.0,17.0,10.0,4.0,111.0,70.0,23.0
425850.0,4989.196130990982,6163.0,17.0,10.0,4.0,111.0,70.0,23.0
425900.0,4989.824552297592,6163.0,17.0,10.0,4.0,111.0,70.0,23.0
425950.0,4990.468443155289,6164.0,43.0,17.799999237060547,4.0,300.0,124.6,23.0
426000.0,4991.1009385585785,6164.0,43.0,17.799999237060547,4.0,300.0,124.6,23.0
426050.0,4991.7413902282715,6165.0,43.0,19.600000381469727,12.0,300.0,142.0,89.0
426100.0,4992.380942583084,6165.0,43.0,19.600000381469727,12.0,300.0,142.0,89.0
426150.0,4993.021054029465,6165.0,43.0,19.600000381469727,12.0,300.0,142.0,89.0
426200.0,4993.6669862270355,6165.0,43.0,19.600000381469727,12.0,300.0,142.0,89.0
426250.0,4994.314640522003,6165.0,43.0,19.600000381469727,12.0,300.0,142.0,89.0
426300.0,4994.949158906937,6165.0,43.0,19.600000381469727,12.0,300.0,142.0,89.0
426350.0,4995.595323085785,6165.0,43.0,19.600000381469727,12.0,300.0,142.0,89.0
426400.0,4996.244823455811,6165.0,43.0,19.600000381469727,12.0,300.0,142.0,89.0
426450.0,4996.883990526199,6166.0,57.0,27.600000381469727,12.0,390.0,197.8,89.0
426500.0,4997.516892671585,6166.0,57.0,27.600000381469727,12.0,390.0,197.8,89.0
426550.0,4998.156581401825,6166.0,57.0,27.600000381469727,12.0,390.0,197.8,89.0
426600.0,4998.780323505402,6167.0,57.0,30.0,13.0,390.0,212.2,100.0
426650.0,4999.423718929291,6167.0,57.0,30.0,13.0,390.0,212.2,100.0
426700.0,5000.061530351639,6167.0,57.0,30.0,13.0,390.0,212.2,100.0
426750.0,5000.693560123444,6167.0,57.0,30.0,13.0,390.0,212.2,100.0
426800.0,5001.333120107651,6168.0,57.0,33.599998474121094,13.0,390.0,232.2,110.0
426850.0,5001.968357086182,6168.0,57.0,33.599998474121094,13.0,390.0,232.2,110.0
426900.0,5002.604390144348,6168.0,57.0,33.599998474121094,13.0,390.0,232.2,110.0
426950.0,5003.249209880829,6169.0,57.0,29.200000762939453,13.0,390.0,204.0,110.0
427000.0,5003.885094404221,6169.0,57.0,29.200000762939453,13.0,390.0,204.0,110.0
427050.0,5004.523860216141,6169.0,57.0,29.200000762939453,13.0,390.0,204.0,110.0
427100.0,5005.152660608292,6169.0,57.0,29.200000762939453,13.0,390.0,204.0,110.0
427150.0,5005.787086963654,6169.0,57.0,29.200000762939453,13.0,390.0,204.0,110.0
427200.0,5006.429038286209,6169.0,57.0,29.200000762939453,13.0,390.0,204.0,110.0
427250.0,5007.061023712158,6169.0,57.0,29.200000762939453,13.0,390.0,204.0,110.0
427300.0,5007.70062661171,6169.0,57.0,29.200000762939453,13.0,390.0,204.0,110.0
427350.0,5008.3416912555695,6170.0,66.0,39.79999923706055,21.0,401.0,262.2,159.0
427400.0,5008.976356267929,6170.0,66.0,39.79999923706055,21.0,401.0,262.2,159.0
427450.0,5009.6101360321045,6170.0,66.0,39.79999923706055,21.0,401.0,262.2,159.0
427500.0,5010.249043703079,6170.0,66.0,39.79999923706055,21.0,401.0,262.2,159.0
427550.0,5010.881073236465,6171.0,66.0,33.599998474121094,21.0,401.0,222.0,159.0
427600.0,5011.5242919921875,6172.0,66.0,30.600000381469727,9.0,401.0,203.8,70.0
427650.0,5012.164612531662,6173.0,66.0,25.0,3.0,401.0,170.0,31.0
427700.0,5012.801132678986,6173.0,66.0,25.0,3.0,401.0,170.0,31.0
427750.0,5013.440335273743,6174.0,66.0,24.0,3.0,401.0,161.8,31.0
427800.0,5014.059190273285,6174.0,66.0,24.0,3.0,401.0,161.8,31.0
427850.0,5014.682326793671,6174.0,66.0,24.0,3.0,401.0,161.8,31.0
427900.0,5015.324825048447,6174.0,66.0,24.0,3.0,401.0,161.8,31.0
427950.0,5015.953812837601,6175.0,30.0,16.799999237060547,3.0,193.0,120.2,31.0
428000.0,5016.601066112518,6176.0,30.0,13.0,3.0,193.0,90.4,31.0
428050.0,5017.232339382172,6176.0,30.0,13.0,3.0,193.0,90.4,31.0
428100.0,5017.878064870834,6176.0,30.0,13.0,3.0,193.0,90.4,31.0
428150.0,5018.524520874023,6176.0,30.0,13.0,3.0,193.0,90.4,31.0
428200.0,5019.160732984543,6178.0,30.0,16.200000762939453,3.0,193.0,111.2,17.0
428250.0,5019.787729501724,6179.0,30.0,14.600000381469727,3.0,193.0,98.4,17.0
428300.0,5020.43635725975,6180.0,25.0,10.600000381469727,3.0,188.0,71.6,17.0
428350.0,5021.0763964653015,6181.0,25.0,10.0,3.0,188.0,71.6,17.0
428400.0,5021.718393564224,6181.0,25.0,10.0,3.0,188.0,71.6,17.0
428450.0,5022.3492958545685,6182.0,10.0,6.800000190734863,3.0,90.0,52.0,17.0
428500.0,5022.9810359478,6183.0,10.0,7.800000190734863,4.0,90.0,60.6,40.0
428550.0,5023.620439291,6183.0,10.0,7.800000190734863,4.0,90.0,60.6,40.0
428600.0,5024.256406784058,6183.0,10.0,7.800000190734863,4.0,90.0,60.6,40.0
428650.0,5024.890864610672,6183.0,10.0,7.800000190734863,4.0,90.0,60.6,40.0
428700.0,5025.535924434662,6183.0,10.0,7.800000190734863,4.0,90.0,60.6,40.0
428750.0,5026.173180818558,6183.0,10.0,7.800000190734863,4.0,90.0,60.6,40.0
428800.0,5026.815570354462,6183.0,10.0,7.800000190734863,4.0,90.0,60.6,40.0
428850.0,5027.449074745178,6185.0,57.0,16.200000762939453,3.0,340.0,109.4,17.0
428900.0,5028.076839208603,6185.0,57.0,16.200000762939453,3.0,340.0,109.4,17.0
428950.0,5028.708809375763,6185.0,57.0,16.200000762939453,3.0,340.0,109.4,17.0
429000.0,5029.33726143837,6185.0,57.0,16.200000762939453,3.0,340.0,109.4,17.0
429050.0,5029.976260185242,6185.0,57.0,16.200000762939453,3.0,340.0,109.4,17.0
429100.0,5030.618392467499,6185.0,57.0,16.200000762939453,3.0,340.0,109.4,17.0
429150.0,5031.26056265831,6185.0,57.0,16.200000762939453,3.0,340.0,109.4,17.0
429200.0,5031.892904996872,6185.0,57.0,16.200000762939453,3.0,340.0,109.4,17.0
429250.0,5032.535099029541,6185.0,57.0,16.200000762939453,3.0,340.0,109.4,17.0
429300.0,5033.16784620285,6186.0,74.0,30.200000762939453,3.0,435.0,188.4,17.0
429350.0,5033.804288387299,6186.0,74.0,30.200000762939453,3.0,435.0,188.4,17.0
429400.0,5034.43680357933,6186.0,74.0,30.200000762939453,3.0,435.0,188.4,17.0
429450.0,5035.0731546878815,6186.0,74.0,30.200000762939453,3.0,435.0,188.4,17.0
429500.0,5035.711949110031,6186.0,74.0,30.200000762939453,3.0,435.0,188.4,17.0
429550.0,5036.351172208786,6186.0,74.0,30.200000762939453,3.0,435.0,188.4,17.0
429600.0,5036.978181362152,6186.0,74.0,30.200000762939453,3.0,435.0,188.4,17.0
429650.0,5037.5900230407715,6187.0,74.0,40.0,3.0,435.0,238.0,17.0
429700.0,5038.179701566696,6187.0,74.0,40.0,3.0,435.0,238.0,17.0
429750.0,5038.774641036987,6187.0,74.0,40.0,3.0,435.0,238.0,17.0
429800.0,5039.358683109283,6188.0,74.0,44.79999923706055,3.0,435.0,261.8,17.0
429850.0,5039.9743456840515,6189.0,74.0,35.0,3.0,435.0,203.8,17.0
429900.0,5040.555626869202,6189.0,74.0,35.0,3.0,435.0,203.8,17.0
429950.0,5041.164774894714,6189.0,74.0,35.0,3.0,435.0,203.8,17.0
430000.0,5041.742107868195,6189.0,74.0,35.0,3.0,435.0,203.8,17.0
430050.0,5042.337399721146,6189.0,74.0,35.0,3.0,435.0,203.8,17.0
430100.0,5042.919353723526,6191.0,58.0,27.200000762939453,2.0,338.0,161.0,17.0
430150.0,5043.530776500702,6191.0,58.0,27.200000762939453,2.0,338.0,161.0,17.0
430200.0,5044.130738019943,6191.0,58.0,27.200000762939453,2.0,338.0,161.0,17.0
430250.0,5044.7332537174225,6191.0,58.0,27.200000762939453,2.0,338.0,161.0,17.0
430300.0,5045.315980911255,6191.0,58.0,27.200000762939453,2.0,338.0,161.0,17.0
430350.0,5045.916690826416,6191.0,58.0,27.200000762939453,2.0,338.0,161.0,17.0
430400.0,5046.499714136124,6192.0,48.0,25.200000762939453,2.0,295.0,152.4,17.0
430450.0,5047.096817493439,6192.0,48.0,25.200000762939453,2.0,295.0,152.4,17.0
430500.0,5047.663700580597,6193.0,48.0,21.600000381469727,2.0,295.0,134.2,17.0
430550.0,5048.244043588638,6193.0,48.0,21.600000381469727,2.0,295.0,134.2,17.0
430600.0,5048.828426122665,6194.0,48.0,24.399999618530273,2.0,295.0,150.2,17.0
430650.0,5049.433222055435,6194.0,48.0,24.399999618530273,2.0,295.0,150.2,17.0
430700.0,5050.049037694931,6194.0,48.0,24.399999618530273,2.0,295.0,150.2,17.0
430750.0,5050.639427900314,6194.0,48.0,24.399999618530273,2.0,295.0,150.2,17.0
430800.0,5051.2310400009155,6194.0,48.0,24.399999618530273,2.0,295.0,150.2,17.0
430850.0,5051.832439422607,6194.0,48.0,24.399999618530273,2.0,295.0,150.2,17.0
430900.0,5052.435470342636,6194.0,48.0,24.399999618530273,2.0,295.0,150.2,17.0
430950.0,5053.017264127731,6194.0,48.0,24.399999618530273,2.0,295.0,150.2,17.0
431000.0,5053.620694637299,6195.0,61.0,29.399999618530273,2.0,370.0,180.0,17.0
431050.0,5054.222064733505,6195.0,61.0,29.399999618530273,2.0,370.0,180.0,17.0
431100.0,5054.855579376221,6195.0,61.0,29.399999618530273,2.0,370.0,180.0,17.0
431150.0,5055.468544006348,6195.0,61.0,29.399999618530273,2.0,370.0,180.0,17.0
431200.0,5056.0696313381195,6195.0,61.0,29.399999618530273,2.0,370.0,180.0,17.0
431250.0,5056.691833496094,6195.0,61.0,29.399999618530273,2.0,370.0,180.0,17.0
431300.0,5057.3083345890045,6195.0,61.0,29.399999618530273,2.0,370.0,180.0,17.0
431350.0,5057.917521238327,6195.0,61.0,29.399999618530273,2.0,370.0,180.0,17.0
431400.0,5058.523886203766,6197.0,65.0,32.599998474121094,1.0,410.0,203.0,17.0
431450.0,5059.137051105499,6197.0,65.0,32.599998474121094,1.0,410.0,203.0,17.0
431500.0,5059.748677253723,6198.0,65.0,32.79999923706055,1.0,410.0,206.0,17.0
431550.0,5060.343074083328,6199.0,65.0,29.200000762939453,1.0,410.0,186.0,17.0
431600.0,5060.956271648407,6199.0,65.0,29.200000762939453,1.0,410.0,186.0,17.0
431650.0,5061.5818972587585,6199.0,65.0,29.200000762939453,1.0,410.0,186.0,17.0
431700.0,5062.189781427383,6201.0,19.0,8.600000381469727,1.0,140.0,63.4,17.0
431750.0,5062.792968034744,6201.0,19.0,8.600000381469727,1.0,140.0,63.4,17.0
431800.0,5063.424379825592,6201.0,19.0,8.600000381469727,1.0,140.0,63.4,17.0
431850.0,5064.044632673264,6201.0,19.0,8.600000381469727,1.0,140.0,63.4,17.0
431900.0,5064.6505444049835,6201.0,19.0,8.600000381469727,1.0,140.0,63.4,17.0
431950.0,5065.258449792862,6201.0,19.0,8.600000381469727,1.0,140.0,63.4,17.0
432000.0,5065.870643854141,6201.0,19.0,8.600000381469727,1.0,140.0,63.4,17.0
432050.0,5066.464248418808,6202.0,48.0,18.0,4.0,352.0,130.4,27.0
432100.0,5067.080374956131,6203.0,48.0,16.0,4.0,352.0,118.2,27.0
432150.0,5067.699945688248,6204.0,48.0,16.600000381469727,4.0,352.0,122.0,27.0
432200.0,5068.303256034851,6204.0,48.0,16.600000381469727,4.0,352.0,122.0,27.0
432250.0,5068.92601442337,6204.0,48.0,16.600000381469727,4.0,352.0,122.0,27.0
432300.0,5069.540716648102,6204.0,48.0,16.600000381469727,4.0,352.0,122.0,27.0
432350.0,5070.144930362701,6205.0,48.0,17.799999237060547,4.0,352.0,134.2,27.0
432400.0,5070.755501270294,6205.0,48.0,17.799999237060547,4.0,352.0,134.2,27.0
432450.0,5071.37052989006,6205.0,48.0,17.799999237060547,4.0,352.0,134.2,27.0
432500.0,5071.968949794769,6205.0,48.0,17.799999237060547,4.0,352.0,134.2,27.0
432550.0,5072.571987867355,6205.0,48.0,17.799999237060547,4.0,352.0,134.2,27.0
432600.0,5073.188733100891,6205.0,48.0,17.799999237060547,4.0,352.0,134.2,27.0
432650.0,5073.792805671692,6206.0,48.0,24.600000381469727,5.0,352.0,190.4,42.0
432700.0,5074.415292739868,6208.0,38.0,14.800000190734863,2.0,308.0,119.2,17.0
432750.0,5075.056561231613,6209.0,38.0,14.399999618530273,2.0,308.0,118.2,17.0
432800.0,5075.684616804123,6210.0,38.0,10.0,2.0,308.0,85.8,17.0
432850.0,5076.288038253784,6210.0,38.0,10.0,2.0,308.0,85.8,17.0
432900.0,5076.884262800217,6211.0,14.0,5.199999809265137,2.0,110.0,46.2,17.0
432950.0,5077.488938331604,6211.0,14.0,5.199999809265137,2.0,110.0,46.2,17.0
433000.0,5078.128272771835,6211.0,14.0,5.199999809265137,2.0,110.0,46.2,17.0
433050.0,5078.723386526108,6212.0,20.0,8.800000190734863,2.0,169.0,75.8,17.0
433100.0,5079.331770896912,6212.0,20.0,8.800000190734863,2.0,169.0,75.8,17.0
433150.0,5079.956659555435,6213.0,20.0,10.199999809265137,3.0,169.0,86.6,39.0
433200.0,5080.592930555344,6213.0,20.0,10.199999809265137,3.0,169.0,86.6,39.0
433250.0,5081.200160980225,6214.0,20.0,12.0,3.0,169.0,102.2,39.0
433300.0,5081.787885189056,6214.0,20.0,12.0,3.0,169.0,102.2,39.0
433350.0,5082.374621391296,6214.0,20.0,12.0,3.0,169.0,102.2,39.0
433400.0,5082.990287065506,6214.0,20.0,12.0,3.0,169.0,102.2,39.0
433450.0,5083.620243549347,6214.0,20.0,12.0,3.0,169.0,102.2,39.0
433500.0,5084.2368676662445,6214.0,20.0,12.0,3.0,169.0,102.2,39.0
433550.0,5084.858196258545,6215.0,35.0,18.399999618530273,9.0,288.0,152.0,71.0
433600.0,5085.474889755249,6215.0,35.0,18.399999618530273,9.0,288.0,152.0,71.0
433650.0,5086.098614931107,6216.0,35.0,18.0,9.0,288.0,148.0,71.0
433700.0,5086.6939396858215,6216.0,35.0,18.0,9.0,288.0,148.0,71.0
433750.0,5087.329134464264,6217.0,35.0,16.200000762939453,9.0,288.0,134.2,71.0
433800.0,5087.936725139618,6217.0,35.0,16.200000762939453,9.0,288.0,134.2,71.0
433850.0,5088.552277803421,6217.0,35.0,16.200000762939453,9.0,288.0,134.2,71.0
433900.0,5089.168558597565,6217.0,35.0,16.200000762939453,9.0,288.0,134.2,71.0
433950.0,5089.785205364227,6219.0,35.0,16.200000762939453,1.0,288.0,139.4,18.0
434000.0,5090.415848493576,6220.0,22.0,9.600000381469727,1.0,201.0,90.0,18.0
434050.0,5091.0367839336395,6220.0,22.0,9.600000381469727,1.0,201.0,90.0,18.0
434100.0,5091.676033973694,6220.0,22.0,9.600000381469727,1.0,201.0,90.0,18.0
434150.0,5092.309023857117,6221.0,22.0,9.600000381469727,1.0,201.0,102.2,18.0
434200.0,5092.939297676086,6222.0,22.0,8.0,1.0,201.0,90.0,18.0
434250.0,5093.570200681686,6223.0,12.0,5.199999809265137,1.0,151.0,65.8,18.0
434300.0,5094.196479797363,6223.0,12.0,5.199999809265137,1.0,151.0,65.8,18.0
434350.0,5094.840945482254,6223.0,12.0,5.199999809265137,1.0,151.0,65.8,18.0
434400.0,5095.473599910736,6224.0,13.0,7.599999904632568,2.0,151.0,90.2,39.0
434450.0,5096.101814746857,6224.0,13.0,7.599999904632568,2.0,151.0,90.2,39.0
434500.0,5096.732409238815,6224.0,13.0,7.599999904632568,2.0,151.0,90.2,39.0
434550.0,5097.371481180191,6224.0,13.0,7.599999904632568,2.0,151.0,90.2,39.0
434600.0,5098.008667707443,6224.0,13.0,7.599999904632568,2.0,151.0,90.2,39.0
434650.0,5098.653183221817,6224.0,13.0,7.599999904632568,2.0,151.0,90.2,39.0
434700.0,5099.279480934143,6225.0,35.0,14.199999809265137,3.0,301.0,142.2,39.0
434750.0,5099.924487352371,6225.0,35.0,14.199999809265137,3.0,301.0,142.2,39.0
434800.0,5100.559195518494,6225.0,35.0,14.199999809265137,3.0,301.0,142.2,39.0
434850.0,5101.196798086166,6225.0,35.0,14.199999809265137,3.0,301.0,142.2,39.0
434900.0,5101.841007232666,6226.0,35.0,16.200000762939453,3.0,301.0,151.8,39.0
434950.0,5102.47248673439,6227.0,35.0,16.600000381469727,5.0,301.0,154.0,50.0
435000.0,5103.100949048996,6228.0,35.0,16.0,5.0,301.0,146.2,41.0
435050.0,5103.731713056564,6228.0,35.0,16.0,5.0,301.0,146.2,41.0
435100.0,5104.340227127075,6229.0,35.0,15.800000190734863,5.0,301.0,138.0,41.0
435150.0,5104.975350141525,6229.0,35.0,15.800000190734863,5.0,301.0,138.0,41.0
435200.0,5105.56630730629,6230.0,22.0,11.199999809265137,5.0,199.0,95.8,41.0
435250.0,5106.182952880859,6230.0,22.0,11.199999809265137,5.0,199.0,95.8,41.0
435300.0,5106.77948641777,6232.0,14.0,9.0,2.0,100.0,69.4,17.0
435350.0,5107.3997304439545,6232.0,14.0,9.0,2.0,100.0,69.4,17.0
435400.0,5108.004622936249,6232.0,14.0,9.0,2.0,100.0,69.4,17.0
435450.0,5108.635272979736,6232.0,14.0,9.0,2.0,100.0,69.4,17.0
435500.0,5109.2321145534515,6232.0,14.0,9.0,2.0,100.0,69.4,17.0
435550.0,5109.8409106731415,6232.0,14.0,9.0,2.0,100.0,69.4,17.0
435600.0,5110.461797475815,6232.0,14.0,9.0,2.0,100.0,69.4,17.0
435650.0,5111.051741361618,6232.0,14.0,9.0,2.0,100.0,69.4,17.0
435700.0,5111.644508838654,6232.0,14.0,9.0,2.0,100.0,69.4,17.0
435750.0,5112.2561647892,6233.0,72.0,22.399999618530273,2.0,463.0,153.8,17.0
435800.0,5112.8768672943115,6234.0,72.0,21.600000381469727,2.0,463.0,144.2,17.0
435850.0,5113.490719795227,6234.0,72.0,21.600000381469727,2.0,463.0,144.2,17.0
435900.0,5114.09489607811,6234.0,72.0,21.600000381469727,2.0,463.0,144.2,17.0
435950.0,5114.6969265937805,6234.0,72.0,21.600000381469727,2.0,463.0,144.2,17.0
436000.0,5115.312652587891,6234.0,72.0,21.600000381469727,2.0,463.0,144.2,17.0
436050.0,5115.917527914047,6235.0,72.0,27.200000762939453,2.0,463.0,174.4,17.0
436100.0,5116.491204023361,6235.0,72.0,27.200000762939453,2.0,463.0,174.4,17.0
436150.0,5117.079658031464,6236.0,72.0,27.600000381469727,2.0,463.0,176.2,17.0
436200.0,5117.678862571716,6236.0,72.0,27.600000381469727,2.0,463.0,176.2,17.0
436250.0,5118.272419452667,6236.0,72.0,27.600000381469727,2.0,463.0,176.2,17.0
436300.0,5118.845982789993,6237.0,72.0,31.200000762939453,8.0,463.0,198.6,51.0
436350.0,5119.427645921707,6238.0,40.0,19.0,8.0,241.0,120.0,51.0
436400.0,5120.026019573212,6239.0,40.0,19.0,8.0,241.0,119.8,50.0
436450.0,5120.6409068107605,6239.0,40.0,19.0,8.0,241.0,119.8,50.0
436500.0,5121.250083208084,6239.0,40.0,19.0,8.0,241.0,119.8,50.0
436550.0,5121.864651918411,6240.0,24.0,15.800000190734863,8.0,141.0,99.8,50.0
436600.0,5122.500006914139,6240.0,24.0,15.800000190734863,8.0,141.0,99.8,50.0
436650.0,5123.140837430954,6241.0,24.0,15.199999809265137,8.0,141.0,95.8,50.0
436700.0,5123.768843889236,6242.0,24.0,13.399999618530273,8.0,141.0,82.6,50.0
436750.0,5124.367308616638,6242.0,24.0,13.399999618530273,8.0,141.0,82.6,50.0
436800.0,5124.943752527237,6242.0,24.0,13.399999618530273,8.0,141.0,82.6,50.0
436850.0,5125.530816078186,6242.0,24.0,13.399999618530273,8.0,141.0,82.6,50.0
436900.0,5126.136435031891,6242.0,24.0,13.399999618530273,8.0,141.0,82.6,50.0
436950.0,5126.758811235428,6242.0,24.0,13.399999618530273,8.0,141.0,82.6,50.0
437000.0,5127.392996788025,6242.0,24.0,13.399999618530273,8.0,141.0,82.6,50.0
437050.0,5128.016327857971,6242.0,24.0,13.399999618530273,8.0,141.0,82.6,50.0
437100.0,5128.644743204117,6243.0,65.0,24.200000762939453,8.0,397.0,148.0,50.0
437150.0,5129.284699440002,6243.0,65.0,24.200000762939453,8.0,397.0,148.0,50.0
437200.0,5129.923214912415,6243.0,65.0,24.200000762939453,8.0,397.0,148.0,50.0
437250.0,5130.552969932556,6243.0,65.0,24.200000762939453,8.0,397.0,148.0,50.0
437300.0,5131.178186893463,6244.0,65.0,29.799999237060547,11.0,397.0,180.0,63.0
437350.0,5131.795427083969,6245.0,65.0,25.399999618530273,2.0,397.0,155.8,20.0
437400.0,5132.418602705002,6245.0,65.0,25.399999618530273,2.0,397.0,155.8,20.0
437450.0,5133.061159849167,6245.0,65.0,25.399999618530273,2.0,397.0,155.8,20.0
437500.0,5133.696874856949,6246.0,65.0,28.0,2.0,397.0,172.0,20.0
437550.0,5134.317385196686,6246.0,65.0,28.0,2.0,397.0,172.0,20.0
437600.0,5134.932332515717,6246.0,65.0,28.0,2.0,397.0,172.0,20.0
437650.0,5135.541768550873,6247.0,65.0,30.200000762939453,2.0,397.0,189.4,20.0
437700.0,5136.176770448685,6248.0,36.0,18.0,2.0,210.0,116.0,20.0
437750.0,5136.812817573547,6249.0,26.0,13.0,2.0,170.0,88.0,20.0
437800.0,5137.438271045685,6249.0,26.0,13.0,2.0,170.0,88.0,20.0
437850.0,5138.06433057785,6249.0,26.0,13.0,2.0,170.0,88.0,20.0
437900.0,5138.689346075058,6250.0,26.0,17.399999618530273,4.0,170.0,114.0,30.0
437950.0,5139.318683624268,6250.0,26.0,17.399999618530273,4.0,170.0,114.0,30.0
438000.0,5139.9620859622955,6250.0,26.0,17.399999618530273,4.0,170.0,114.0,30.0
438050.0,5140.592267274857,6250.0,26.0,17.399999618530273,4.0,170.0,114.0,30.0
438100.0,5141.209216594696,6250.0,26.0,17.399999618530273,4.0,170.0,114.0,30.0
438150.0,5141.823946475983,6250.0,26.0,17.399999618530273,4.0,170.0,114.0,30.0
438200.0,5142.440593242645,6250.0,26.0,17.399999618530273,4.0,170.0,114.0,30.0
438250.0,5143.061810731888,6251.0,47.0,21.600000381469727,4.0,330.0,146.0,30.0
438300.0,5143.652334451675,6251.0,47.0,21.600000381469727,4.0,330.0,146.0,30.0
438350.0,5144.243548154831,6251.0,47.0,21.600000381469727,4.0,330.0,146.0,30.0
438400.0,5144.824872016907,6251.0,47.0,21.600000381469727,4.0,330.0,146.0,30.0
438450.0,5145.4403965473175,6252.0,47.0,22.799999237060547,4.0,330.0,158.2,30.0
438500.0,5146.042082071304,6252.0,47.0,22.799999237060547,4.0,330.0,158.2,30.0
438550.0,5146.628372907639,6252.0,47.0,22.799999237060547,4.0,330.0,158.2,30.0
438600.0,5147.215368509293,6254.0,47.0,23.200000762939453,1.0,330.0,171.6,17.0
438650.0,5147.809329509735,6255.0,47.0,19.0,1.0,330.0,148.0,17.0
438700.0,5148.4275987148285,6256.0,28.0,11.0,1.0,211.0,94.2,17.0
438750.0,5149.022034168243,6256.0,28.0,11.0,1.0,211.0,94.2,17.0
438800.0,5149.622163295746,6256.0,28.0,11.0,1.0,211.0,94.2,17.0
438850.0,5150.215147018433,6256.0,28.0,11.0,1.0,211.0,94.2,17.0
438900.0,5150.823069095612,6256.0,28.0,11.0,1.0,211.0,94.2,17.0
438950.0,5151.428607225418,6256.0,28.0,11.0,1.0,211.0,94.2,17.0
439000.0,5152.020613670349,6256.0,28.0,11.0,1.0,211.0,94.2,17.0
439050.0,5152.618572711945,6256.0,28.0,11.0,1.0,211.0,94.2,17.0
439100.0,5153.2290716171265,6256.0,28.0,11.0,1.0,211.0,94.2,17.0
439150.0,5153.847347974777,6256.0,28.0,11.0,1.0,211.0,94.2,17.0
439200.0,5154.4356644153595,6256.0,28.0,11.0,1.0,211.0,94.2,17.0
439250.0,5155.034954071045,6256.0,28.0,11.0,1.0,211.0,94.2,17.0
439300.0,5155.63201212883,6256.0,28.0,11.0,1.0,211.0,94.2,17.0
439350.0,5156.236654520035,6256.0,28.0,11.0,1.0,211.0,94.2,17.0
439400.0,5156.842849493027,6258.0,101.0,23.0,1.0,689.0,163.2,17.0
439450.0,5157.438105583191,6259.0,101.0,24.200000762939453,3.0,689.0,168.4,17.0
439500.0,5158.0397436618805,6259.0,101.0,24.200000762939453,3.0,689.0,168.4,17.0
439550.0,5158.635327339172,6259.0,101.0,24.200000762939453,3.0,689.0,168.4,17.0
439600.0,5159.256086111069,6260.0,101.0,27.600000381469727,3.0,689.0,190.0,17.0
439650.0,5159.858594894409,6261.0,101.0,28.0,3.0,689.0,190.0,17.0
439700.0,5160.453808307648,6261.0,101.0,28.0,3.0,689.0,190.0,17.0
439750.0,5161.047098875046,6261.0,101.0,28.0,3.0,689.0,190.0,17.0
439800.0,5161.648974657059,6261.0,101.0,28.0,3.0,689.0,190.0,17.0
439850.0,5162.274624109268,6261.0,101.0,28.0,3.0,689.0,190.0,17.0
439900.0,5162.85972070694,6261.0,101.0,28.0,3.0,689.0,190.0,17.0
439950.0,5163.442862987518,6261.0,101.0,28.0,3.0,689.0,190.0,17.0
440000.0,5164.013670682907,6261.0,101.0,28.0,3.0,689.0,190.0,17.0
440050.0,5164.608666181564,6261.0,101.0,28.0,3.0,689.0,190.0,17.0
440100.0,5165.228004932404,6261.0,101.0,28.0,3.0,689.0,190.0,17.0
440150.0,5165.828490018845,6261.0,101.0,28.0,3.0,689.0,190.0,17.0
440200.0,5166.423882007599,6261.0,101.0,28.0,3.0,689.0,190.0,17.0
440250.0,5167.017176389694,6261.0,101.0,28.0,3.0,689.0,190.0,17.0
440300.0,5167.619072675705,6261.0,101.0,28.0,3.0,689.0,190.0,17.0
440350.0,5168.228379487991,6262.0,109.0,29.600000381469727,3.0,700.0,192.2,17.0
440400.0,5168.820436000824,6262.0,109.0,29.600000381469727,3.0,700.0,192.2,17.0
440450.0,5169.421054601669,6263.0,109.0,32.20000076293945,7.0,700.0,210.4,43.0
440500.0,5170.000920534134,6263.0,109.0,32.20000076293945,7.0,700.0,210.4,43.0
440550.0,5170.59810256958,6263.0,109.0,32.20000076293945,7.0,700.0,210.4,43.0
440600.0,5171.210512161255,6263.0,109.0,32.20000076293945,7.0,700.0,210.4,43.0
440650.0,5171.803115844727,6263.0,109.0,32.20000076293945,7.0,700.0,210.4,43.0
440700.0,5172.379689455032,6263.0,109.0,32.20000076293945,7.0,700.0,210.4,43.0
440750.0,5172.957874774933,6264.0,109.0,40.79999923706055,9.0,700.0,261.8,61.0
440800.0,5173.523640394211,6264.0,109.0,40.79999923706055,9.0,700.0,261.8,61.0
440850.0,5174.097575902939,6264.0,109.0,40.79999923706055,9.0,700.0,261.8,61.0
440900.0,5174.668834686279,6264.0,109.0,40.79999923706055,9.0,700.0,261.8,61.0
440950.0,5175.234469652176,6265.0,109.0,42.79999923706055,9.0,700.0,274.0,61.0
441000.0,5175.79699587822,6266.0,109.0,41.79999923706055,4.0,700.0,267.8,30.0
441050.0,5176.370595693588,6267.0,50.0,22.0,4.0,300.0,141.6,30.0
441100.0,5176.9467895030975,6267.0,50.0,22.0,4.0,300.0,141.6,30.0
441150.0,5177.528470516205,6267.0,50.0,22.0,4.0,300.0,141.6,30.0
441200.0,5178.107583761215,6267.0,50.0,22.0,4.0,300.0,141.6,30.0
441250.0,5178.683811664581,6267.0,50.0,22.0,4.0,300.0,141.6,30.0
441300.0,5179.262019634247,6267.0,50.0,22.0,4.0,300.0,141.6,30.0
441350.0,5179.836155176163,6267.0,50.0,22.0,4.0,300.0,141.6,30.0
441400.0,5180.411588668823,6267.0,50.0,22.0,4.0,300.0,141.6,30.0
441450.0,5180.983284473419,6267.0,50.0,22.0,4.0,300.0,141.6,30.0
441500.0,5181.555905342102,6267.0,50.0,22.0,4.0,300.0,141.6,30.0
441550.0,5182.131544351578,6267.0,50.0,22.0,4.0,300.0,141.6,30.0
441600.0,5182.705394744873,6267.0,50.0,22.0,4.0,300.0,141.6,30.0
441650.0,5183.281367063522,6267.0,50.0,22.0,4.0,300.0,141.6,30.0
441700.0,5183.86181306839,6268.0,103.0,39.400001525878906,4.0,643.0,248.6,30.0
441750.0,5184.437732934952,6268.0,103.0,39.400001525878906,4.0,643.0,248.6,30.0
441800.0,5185.011793136597,6268.0,103.0,39.400001525878906,4.0,643.0,248.6,30.0
441850.0,5185.587157487869,6268.0,103.0,39.400001525878906,4.0,643.0,248.6,30.0
441900.0,5186.159928321838,6268.0,103.0,39.400001525878906,4.0,643.0,248.6,30.0
441950.0,5186.743131160736,6268.0,103.0,39.400001525878906,4.0,643.0,248.6,30.0
442000.0,5187.312208890915,6268.0,103.0,39.400001525878906,4.0,643.0,248.6,30.0
442050.0,5187.879568338394,6268.0,103.0,39.400001525878906,4.0,643.0,248.6,30.0
442100.0,5188.446813106537,6268.0,103.0,39.400001525878906,4.0,643.0,248.6,30.0
442150.0,5189.017970323563,6268.0,103.0,39.400001525878906,4.0,643.0,248.6,30.0
442200.0,5189.586649179459,6268.0,103.0,39.400001525878906,4.0,643.0,248.6,30.0
442250.0,5190.160011768341,6268.0,103.0,39.400001525878906,4.0,643.0,248.6,30.0
442300.0,5190.736603498459,6269.0,103.0,47.20000076293945,4.0,643.0,310.0,30.0
442350.0,5191.312123775482,6269.0,103.0,47.20000076293945,4.0,643.0,310.0,30.0
442400.0,5191.883404254913,6269.0,103.0,47.20000076293945,4.0,643.0,310.0,30.0
442450.0,5192.4641127586365,6269.0,103.0,47.20000076293945,4.0,643.0,310.0,30.0
442500.0,5193.046042919159,6269.0,103.0,47.20000076293945,4.0,643.0,310.0,30.0
442550.0,5193.6323318481445,6270.0,103.0,48.20000076293945,4.0,643.0,314.0,30.0
442600.0,5194.2186233997345,6270.0,103.0,48.20000076293945,4.0,643.0,314.0,30.0
442650.0,5194.796273469925,6270.0,103.0,48.20000076293945,4.0,643.0,314.0,30.0
442700.0,5195.3777549266815,6270.0,103.0,48.20000076293945,4.0,643.0,314.0,30.0
442750.0,5195.943573474884,6271.0,103.0,53.0,10.0,643.0,350.0,69.0
442800.0,5196.502614498138,6271.0,103.0,53.0,10.0,643.0,350.0,69.0
442850.0,5197.072117567062,6271.0,103.0,53.0,10.0,643.0,350.0,69.0
442900.0,5197.652067422867,6271.0,103.0,53.0,10.0,643.0,350.0,69.0
442950.0,5198.235025405884,6271.0,103.0,53.0,10.0,643.0,350.0,69.0
443000.0,5198.812809944153,6272.0,103.0,57.20000076293945,28.0,643.0,386.2,210.0
443050.0,5199.390977144241,6272.0,103.0,57.20000076293945,28.0,643.0,386.2,210.0
443100.0,5199.9520127773285,6272.0,103.0,57.20000076293945,28.0,643.0,386.2,210.0
443150.0,5200.518401861191,6272.0,103.0,57.20000076293945,28.0,643.0,386.2,210.0
443200.0,5201.085873126984,6272.0,103.0,57.20000076293945,28.0,643.0,386.2,210.0
443250.0,5201.650368928909,6272.0,103.0,57.20000076293945,28.0,643.0,386.2,210.0
443300.0,5202.22448348999,6272.0,103.0,57.20000076293945,28.0,643.0,386.2,210.0
443350.0,5202.802753448486,6272.0,103.0,57.20000076293945,28.0,643.0,386.2,210.0
443400.0,5203.371675252914,6272.0,103.0,57.20000076293945,28.0,643.0,386.2,210.0
443450.0,5203.935851573944,6272.0,103.0,57.20000076293945,28.0,643.0,386.2,210.0
443500.0,5204.513633012772,6272.0,103.0,57.20000076293945,28.0,643.0,386.2,210.0
443550.0,5205.086106061935,6273.0,97.0,56.0,28.0,607.0,369.8,210.0
443600.0,5205.664936065674,6273.0,97.0,56.0,28.0,607.0,369.8,210.0
443650.0,5206.2276747226715,6273.0,97.0,56.0,28.0,607.0,369.8,210.0
443700.0,5206.799948215485,6274.0,97.0,42.599998474121094,22.0,561.0,276.4,140.0
443750.0,5207.376173496246,6274.0,97.0,42.599998474121094,22.0,561.0,276.4,140.0
443800.0,5207.952320814133,6275.0,97.0,38.400001525878906,14.0,561.0,252.0,99.0
443850.0,5208.524280309677,6276.0,97.0,34.599998474121094,9.0,561.0,220.2,51.0
443900.0,5209.09733247757,6276.0,97.0,34.599998474121094,9.0,561.0,220.2,51.0
443950.0,5209.681468963623,6276.0,97.0,34.599998474121094,9.0,561.0,220.2,51.0
444000.0,5210.254757404327,6277.0,97.0,33.599998474121094,9.0,561.0,202.0,51.0
444050.0,5210.829662322998,6278.0,26.0,15.199999809265137,5.0,159.0,97.8,40.0
444100.0,5211.402963876724,6278.0,26.0,15.199999809265137,5.0,159.0,97.8,40.0
444150.0,5211.972233533859,6278.0,26.0,15.199999809265137,5.0,159.0,97.8,40.0
444200.0,5212.533782482147,6278.0,26.0,15.199999809265137,5.0,159.0,97.8,40.0
444250.0,5213.113070487976,6278.0,26.0,15.199999809265137,5.0,159.0,97.8,40.0
444300.0,5213.697281837463,6278.0,26.0,15.199999809265137,5.0,159.0,97.8,40.0
444350.0,5214.273377656937,6278.0,26.0,15.199999809265137,5.0,159.0,97.8,40.0
444400.0,5214.851572275162,6278.0,26.0,15.199999809265137,5.0,159.0,97.8,40.0
444450.0,5215.42794919014,6279.0,62.0,23.200000762939453,5.0,411.0,152.0,40.0
444500.0,5216.008350610733,6279.0,62.0,23.200000762939453,5.0,411.0,152.0,40.0
444550.0,5216.588357925415,6279.0,62.0,23.200000762939453,5.0,411.0,152.0,40.0
444600.0,5217.164248228073,6279.0,62.0,23.200000762939453,5.0,411.0,152.0,40.0
444650.0,5217.744033098221,6280.0,62.0,25.600000381469727,5.0,411.0,170.0,40.0
444700.0,5218.319949388504,6280.0,62.0,25.600000381469727,5.0,411.0,170.0,40.0
444750.0,5218.896571397781,6281.0,62.0,26.0,5.0,411.0,179.8,40.0
444800.0,5219.47292637825,6282.0,62.0,21.600000381469727,4.0,411.0,158.0,40.0
444850.0,5220.051263093948,6283.0,62.0,22.0,4.0,411.0,164.0,50.0
444900.0,5220.624848365784,6283.0,62.0,22.0,4.0,411.0,164.0,50.0
444950.0,5221.202501773834,6283.0,62.0,22.0,4.0,411.0,164.0,50.0
445000.0,5221.780907154083,6284.0,26.0,13.800000190734863,4.0,189.0,108.0,50.0
445050.0,5222.3616938591,6284.0,26.0,13.800000190734863,4.0,189.0,108.0,50.0
445100.0,5222.9446086883545,6285.0,21.0,10.600000381469727,4.0,131.0,88.0,50.0
445150.0,5223.527522325516,6286.0,21.0,10.600000381469727,4.0,131.0,84.4,50.0
445200.0,5224.103448152542,6286.0,21.0,10.600000381469727,4.0,131.0,84.4,50.0
445250.0,5224.670829296112,6286.0,21.0,10.600000381469727,4.0,131.0,84.4,50.0
445300.0,5225.251732826233,6286.0,21.0,10.600000381469727,4.0,131.0,84.4,50.0
445350.0,5225.831656455994,6287.0,28.0,15.399999618530273,7.0,189.0,112.2,70.0
445400.0,5226.406416416168,6287.0,28.0,15.399999618530273,7.0,189.0,112.2,70.0
445450.0,5226.980906248093,6287.0,28.0,15.399999618530273,7.0,189.0,112.2,70.0
445500.0,5227.559948205948,6287.0,28.0,15.399999618530273,7.0,189.0,112.2,70.0
445550.0,5228.13830947876,6288.0,31.0,20.200000762939453,10.0,200.0,138.2,82.0
445600.0,5228.711960554123,6288.0,31.0,20.200000762939453,10.0,200.0,138.2,82.0
445650.0,5229.288264274597,6288.0,31.0,20.200000762939453,10.0,200.0,138.2,82.0
445700.0,5229.864548206329,6288.0,31.0,20.200000762939453,10.0,200.0,138.2,82.0
445750.0,5230.444185495377,6288.0,31.0,20.200000762939453,10.0,200.0,138.2,82.0
445800.0,5231.019897699356,6288.0,31.0,20.200000762939453,10.0,200.0,138.2,82.0
445850.0,5231.595498323441,6288.0,31.0,20.200000762939453,10.0,200.0,138.2,82.0
445900.0,5232.165919303894,6288.0,31.0,20.200000762939453,10.0,200.0,138.2,82.0
445950.0,5232.742879867554,6288.0,31.0,20.200000762939453,10.0,200.0,138.2,82.0
446000.0,5233.3199162483215,6289.0,57.0,27.399999618530273,10.0,429.0,197.8,82.0
446050.0,5233.901371955872,6289.0,57.0,27.399999618530273,10.0,429.0,197.8,82.0
446100.0,5234.472288370132,6289.0,57.0,27.399999618530273,10.0,429.0,197.8,82.0
446150.0,5235.053922176361,6289.0,57.0,27.399999618530273,10.0,429.0,197.8,82.0
446200.0,5235.626730918884,6290.0,57.0,30.0,11.0,429.0,224.2,82.0
446250.0,5236.204196691513,6291.0,57.0,28.0,1.0,429.0,213.6,29.0
446300.0,5236.788392305374,6291.0,57.0,28.0,1.0,429.0,213.6,29.0
446350.0,5237.37904214859,6292.0,57.0,24.200000762939453,1.0,429.0,195.8,29.0
446400.0,5237.962597846985,6292.0,57.0,24.200000762939453,1.0,429.0,195.8,29.0
446450.0,5238.538428783417,6294.0,23.0,8.600000381469727,1.0,221.0,93.4,17.0
446500.0,5239.112973213196,6295.0,9.0,5.0,1.0,100.0,61.8,17.0
446550.0,5239.699099302292,6295.0,9.0,5.0,1.0,100.0,61.8,17.0
446600.0,5240.279473543167,6295.0,9.0,5.0,1.0,100.0,61.8,17.0
446650.0,5240.85592007637,6296.0,16.0,8.0,1.0,141.0,84.2,17.0
446700.0,5241.436166524887,6297.0,16.0,7.400000095367432,1.0,141.0,75.8,17.0
446750.0,5242.012052774429,6297.0,16.0,7.400000095367432,1.0,141.0,75.8,17.0
446800.0,5242.592287778854,6297.0,16.0,7.400000095367432,1.0,141.0,75.8,17.0
446850.0,5243.174141168594,6298.0,18.0,9.199999809265137,1.0,150.0,85.8,17.0
446900.0,5243.757148265839,6298.0,18.0,9.199999809265137,1.0,150.0,85.8,17.0
446950.0,5244.339388847351,6298.0,18.0,9.199999809265137,1.0,150.0,85.8,17.0
447000.0,5244.919189214706,6298.0,18.0,9.199999809265137,1.0,150.0,85.8,17.0
447050.0,5245.501500844955,6298.0,18.0,9.199999809265137,1.0,150.0,85.8,17.0
447100.0,5246.08660364151,6298.0,18.0,9.199999809265137,1.0,150.0,85.8,17.0
447150.0,5246.672142982483,6299.0,33.0,15.600000381469727,5.0,292.0,140.8,58.0
447200.0,5247.2541353702545,6300.0,33.0,15.800000190734863,6.0,292.0,140.4,58.0
447250.0,5247.83397269249,6300.0,33.0,15.800000190734863,6.0,292.0,140.4,58.0
447300.0,5248.4164707660675,6300.0,33.0,15.800000190734863,6.0,292.0,140.4,58.0
447350.0,5248.999230384827,6300.0,33.0,15.800000190734863,6.0,292.0,140.4,58.0
447400.0,5249.581115245819,6300.0,33.0,15.800000190734863,6.0,292.0,140.4,58.0
447450.0,5250.157909393311,6300.0,33.0,15.800000190734863,6.0,292.0,140.4,58.0
447500.0,5250.735911607742,6300.0,33.0,15.800000190734863,6.0,292.0,140.4,58.0
447550.0,5251.31454873085,6300.0,33.0,15.800000190734863,6.0,292.0,140.4,58.0
447600.0,5251.895514965057,6300.0,33.0,15.800000190734863,6.0,292.0,140.4,58.0
447650.0,5252.479512929916,6300.0,33.0,15.800000190734863,6.0,292.0,140.4,58.0
447700.0,5253.04657793045,6301.0,64.0,25.399999618530273,6.0,497.0,211.6,58.0
447750.0,5253.622047185898,6301.0,64.0,25.399999618530273,6.0,497.0,211.6,58.0
447800.0,5254.204877614975,6301.0,64.0,25.399999618530273,6.0,497.0,211.6,58.0
447850.0,5254.787365436554,6301.0,64.0,25.399999618530273,6.0,497.0,211.6,58.0
447900.0,5255.379796266556,6303.0,64.0,24.600000381469727,1.0,497.0,207.6,17.0
447950.0,5255.966111660004,6303.0,64.0,24.600000381469727,1.0,497.0,207.6,17.0
448000.0,5256.555554866791,6303.0,64.0,24.600000381469727,1.0,497.0,207.6,17.0
448050.0,5257.140011072159,6303.0,64.0,24.600000381469727,1.0,497.0,207.6,17.0
448100.0,5257.724998474121,6303.0,64.0,24.600000381469727,1.0,497.0,207.6,17.0
448150.0,5258.31178855896,6303.0,64.0,24.600000381469727,1.0,497.0,207.6,17.0
448200.0,5258.896291971207,6303.0,64.0,24.600000381469727,1.0,497.0,207.6,17.0
448250.0,5259.472283601761,6303.0,64.0,24.600000381469727,1.0,497.0,207.6,17.0
448300.0,5260.05389881134,6304.0,64.0,30.200000762939453,1.0,497.0,230.2,17.0
448350.0,5260.628622293472,6304.0,64.0,30.200000762939453,1.0,497.0,230.2,17.0
448400.0,5261.208917379379,6304.0,64.0,30.200000762939453,1.0,497.0,230.2,17.0
448450.0,5261.790132284164,6304.0,64.0,30.200000762939453,1.0,497.0,230.2,17.0
448500.0,5262.367487668991,6304.0,64.0,30.200000762939453,1.0,497.0,230.2,17.0
448550.0,5262.946666240692,6304.0,64.0,30.200000762939453,1.0,497.0,230.2,17.0
448600.0,5263.528490781784,6305.0,64.0,37.20000076293945,1.0,497.0,277.8,17.0
448650.0,5264.109375953674,6305.0,64.0,37.20000076293945,1.0,497.0,277.8,17.0
448700.0,5264.688739538193,6305.0,64.0,37.20000076293945,1.0,497.0,277.8,17.0
448750.0,5265.272045135498,6306.0,61.0,27.799999237060547,1.0,405.0,208.2,17.0
448800.0,5265.862072229385,6306.0,61.0,27.799999237060547,1.0,405.0,208.2,17.0
448850.0,5266.449093341827,6306.0,61.0,27.799999237060547,1.0,405.0,208.2,17.0
448900.0,5267.025164365768,6306.0,61.0,27.799999237060547,1.0,405.0,208.2,17.0
448950.0,5267.604154586792,6306.0,61.0,27.799999237060547,1.0,405.0,208.2,17.0
449000.0,5268.1817326545715,6306.0,61.0,27.799999237060547,1.0,405.0,208.2,17.0
449050.0,5268.7631850242615,6306.0,61.0,27.799999237060547,1.0,405.0,208.2,17.0
449100.0,5269.34456038475,6306.0,61.0,27.799999237060547,1.0,405.0,208.2,17.0
449150.0,5269.926298856735,6306.0,61.0,27.799999237060547,1.0,405.0,208.2,17.0
449200.0,5270.506375312805,6306.0,61.0,27.799999237060547,1.0,405.0,208.2,17.0
449250.0,5271.086950302124,6306.0,61.0,27.799999237060547,1.0,405.0,208.2,17.0
449300.0,5271.665944099426,6306.0,61.0,27.799999237060547,1.0,405.0,208.2,17.0
449350.0,5272.248187303543,6306.0,61.0,27.799999237060547,1.0,405.0,208.2,17.0
449400.0,5272.832727909088,6307.0,79.0,39.79999923706055,1.0,650.0,304.0,17.0
449450.0,5273.44145321846,6308.0,79.0,40.79999923706055,6.0,650.0,312.6,60.0
449500.0,5274.034047365189,6308.0,79.0,40.79999923706055,6.0,650.0,312.6,60.0
449550.0,5274.61194729805,6308.0,79.0,40.79999923706055,6.0,650.0,312.6,60.0
449600.0,5275.2263877391815,6308.0,79.0,40.79999923706055,6.0,650.0,312.6,60.0
449650.0,5275.823728084564,6308.0,79.0,40.79999923706055,6.0,650.0,312.6,60.0
449700.0,5276.403455734253,6308.0,79.0,40.79999923706055,6.0,650.0,312.6,60.0
449750.0,5277.00043964386,6308.0,79.0,40.79999923706055,6.0,650.0,312.6,60.0
449800.0,5277.595837593079,6308.0,79.0,40.79999923706055,6.0,650.0,312.6,60.0
449850.0,5278.18782043457,6309.0,79.0,38.400001525878906,6.0,650.0,305.6,60.0
449900.0,5278.785227060318,6309.0,79.0,38.400001525878906,6.0,650.0,305.6,60.0
449950.0,5279.376244068146,6310.0,79.0,33.400001525878906,6.0,650.0,269.8,60.0
450000.0,5280.000193119049,6310.0,79.0,33.400001525878906,6.0,650.0,269.8,60.0
450050.0,5280.586887836456,6315.0,9.0,2.0,0.0,69.0,20.6,6.0
450100.0,5281.156354427338,6318.0,1.0,0.6000000238418579,0.0,26.0,14.0,6.0
450150.0,5281.735987186432,6321.0,1.0,0.6000000238418579,0.0,16.0,12.4,6.0
450200.0,5282.333825588226,6324.0,3.0,1.0,0.0,38.0,16.4,6.0
450250.0,5282.93692445755,6327.0,2.0,1.0,0.0,28.0,16.4,6.0
450300.0,5283.534361362457,6330.0,3.0,1.0,0.0,40.0,16.8,6.0
450350.0,5284.116769075394,6331.0,3.0,1.2000000476837158,0.0,40.0,19.2,6.0
450400.0,5284.733705997467,6333.0,3.0,1.399999976158142,0.0,38.0,21.2,6.0
450450.0,5285.351879119873,6336.0,2.0,1.2000000476837158,0.0,28.0,20.0,12.0
450500.0,5285.960490465164,6337.0,2.0,1.2000000476837158,0.0,28.0,20.0,12.0
450550.0,5286.5536143779755,6338.0,3.0,1.399999976158142,0.0,40.0,22.4,12.0
450600.0,5287.128546476364,6341.0,4.0,2.200000047683716,1.0,50.0,30.0,16.0
450650.0,5287.7051503658295,6343.0,4.0,2.0,1.0,50.0,27.6,16.0
450700.0,5288.331697463989,6345.0,2.0,1.600000023841858,1.0,32.0,24.0,16.0
450750.0,5288.917503833771,6346.0,2.0,1.600000023841858,1.0,32.0,25.6,16.0
450800.0,5289.496767997742,6348.0,4.0,2.0,1.0,50.0,29.6,16.0
450850.0,5290.084831953049,6350.0,4.0,1.600000023841858,0.0,50.0,26.0,14.0
450900.0,5290.681406021118,6351.0,5.0,2.4000000953674316,0.0,66.0,34.4,14.0
450950.0,5291.2677001953125,6352.0,5.0,2.4000000953674316,0.0,66.0,34.4,14.0
451000.0,5291.842958211899,6353.0,5.0,2.5999999046325684,0.0,66.0,37.2,14.0
451050.0,5292.4231815338135,6354.0,6.0,3.799999952316284,1.0,72.0,48.8,16.0
451100.0,5293.003613233566,6356.0,6.0,3.200000047683716,1.0,72.0,41.2,16.0
451150.0,5293.6170217990875,6357.0,6.0,3.0,1.0,72.0,40.0,16.0
451200.0,5294.236862421036,6358.0,6.0,2.5999999046325684,1.0,72.0,35.6,16.0
451250.0,5294.817719697952,6360.0,5.0,2.5999999046325684,1.0,60.0,35.2,18.0
451300.0,5295.412271976471,6361.0,5.0,3.0,1.0,60.0,41.2,18.0
451350.0,5295.992809534073,6362.0,5.0,3.200000047683716,1.0,60.0,42.0,18.0
451400.0,5296.613970041275,6363.0,5.0,3.799999952316284,2.0,60.0,48.4,26.0
451450.0,5297.219728469849,6364.0,4.0,3.200000047683716,2.0,58.0,42.0,26.0
451500.0,5297.798640489578,6365.0,5.0,3.799999952316284,2.0,62.0,49.2,28.0
451550.0,5298.388172149658,6367.0,5.0,3.0,1.0,62.0,39.2,18.0
451600.0,5298.976112604141,6368.0,5.0,3.0,1.0,62.0,40.0,18.0
451650.0,5299.582753896713,6369.0,5.0,2.799999952316284,1.0,62.0,38.0,18.0
451700.0,5300.172075748444,6370.0,7.0,3.200000047683716,1.0,82.0,42.0,18.0
451750.0,5300.757038831711,6370.0,7.0,3.200000047683716,1.0,82.0,42.0,18.0
451800.0,5301.340564250946,6370.0,7.0,3.200000047683716,1.0,82.0,42.0,18.0
451850.0,5301.950982570648,6371.0,12.0,5.400000095367432,1.0,152.0,68.8,18.0
451900.0,5302.548053264618,6372.0,12.0,5.400000095367432,1.0,152.0,68.8,18.0
451950.0,5303.13455414772,6372.0,12.0,5.400000095367432,1.0,152.0,68.8,18.0
452000.0,5303.728466510773,6372.0,12.0,5.400000095367432,1.0,152.0,68.8,18.0
452050.0,5304.319123268127,6372.0,12.0,5.400000095367432,1.0,152.0,68.8,18.0
452100.0,5304.96083521843,6373.0,16.0,7.800000190734863,1.0,200.0,98.0,18.0
452150.0,5305.558995962143,6374.0,16.0,8.399999618530273,3.0,200.0,104.4,38.0
452200.0,5306.13742685318,6375.0,16.0,7.800000190734863,3.0,200.0,98.0,38.0
452250.0,5306.72938990593,6376.0,16.0,6.0,3.0,200.0,75.2,38.0
452300.0,5307.325560569763,6377.0,16.0,5.800000190734863,2.0,200.0,73.6,30.0
452350.0,5307.918228149414,6377.0,16.0,5.800000190734863,2.0,200.0,73.6,30.0
452400.0,5308.507029533386,6378.0,11.0,4.800000190734863,2.0,132.0,60.0,30.0
452450.0,5309.097243785858,6379.0,11.0,4.800000190734863,2.0,132.0,60.0,30.0
452500.0,5309.680122375488,6380.0,11.0,5.0,2.0,132.0,62.0,30.0
452550.0,5310.300682783127,6380.0,11.0,5.0,2.0,132.0,62.0,30.0
452600.0,5310.911143064499,6381.0,11.0,6.0,2.0,132.0,74.4,30.0
452650.0,5311.497442483902,6382.0,11.0,6.199999809265137,3.0,132.0,76.4,40.0
452700.0,5312.100638866425,6383.0,8.0,4.400000095367432,2.0,100.0,55.6,28.0
452750.0,5312.720239162445,6385.0,8.0,3.5999999046325684,1.0,100.0,46.8,16.0
452800.0,5313.345010995865,6385.0,8.0,3.5999999046325684,1.0,100.0,46.8,16.0
452850.0,5313.948790311813,6386.0,6.0,3.200000047683716,1.0,84.0,43.6,16.0
452900.0,5314.5355842113495,6387.0,6.0,3.799999952316284,1.0,84.0,50.0,16.0
452950.0,5315.129544019699,6388.0,6.0,3.799999952316284,1.0,84.0,50.0,16.0
453000.0,5315.7321989536285,6389.0,6.0,4.199999809265137,1.0,84.0,54.4,16.0
453050.0,5316.360557079315,6392.0,6.0,2.4000000953674316,1.0,72.0,32.0,16.0
453100.0,5316.961119651794,6394.0,2.0,1.399999976158142,1.0,28.0,20.8,16.0
453150.0,5317.554009914398,6395.0,2.0,1.399999976158142,1.0,34.0,22.0,16.0
453200.0,5318.172418355942,6397.0,4.0,2.0,1.0,52.0,29.2,16.0
453250.0,5318.788647174835,6399.0,4.0,2.0,1.0,52.0,30.0,16.0
453300.0,5319.416136264801,6400.0,4.0,2.200000047683716,1.0,52.0,32.4,16.0
453350.0,5320.030276060104,6401.0,3.0,1.7999999523162842,1.0,46.0,27.6,16.0
453400.0,5320.640449523926,6402.0,4.0,2.4000000953674316,1.0,50.0,34.4,22.0
453450.0,5321.252227306366,6403.0,4.0,3.0,2.0,50.0,40.0,26.0
453500.0,5321.834661483765,6404.0,6.0,3.799999952316284,2.0,72.0,49.2,28.0
453550.0,5322.403936386108,6404.0,6.0,3.799999952316284,2.0,72.0,49.2,28.0
453600.0,5322.981409549713,6407.0,6.0,3.5999999046325684,1.0,72.0,46.8,16.0
453650.0,5323.561675786972,6408.0,6.0,3.4000000953674316,1.0,72.0,44.4,16.0
453700.0,5324.1370368003845,6410.0,3.0,2.0,1.0,38.0,27.2,16.0
453750.0,5324.708765029907,6411.0,3.0,2.200000047683716,2.0,38.0,31.2,26.0
453800.0,5325.294335126877,6412.0,5.0,2.799999952316284,2.0,60.0,37.6,26.0
453850.0,5325.863281965256,6412.0,5.0,2.799999952316284,2.0,60.0,37.6,26.0
453900.0,5326.425845146179,6413.0,7.0,3.5999999046325684,2.0,88.0,47.6,26.0
453950.0,5327.004048109055,6414.0,7.0,4.199999809265137,2.0,88.0,54.4,26.0
454000.0,5327.583842515945,6415.0,7.0,4.599999904632568,2.0,88.0,59.2,36.0
454050.0,5328.159772634506,6416.0,7.0,4.599999904632568,2.0,88.0,57.6,28.0
454100.0,5328.738681077957,6417.0,7.0,4.800000190734863,2.0,88.0,60.0,28.0
454150.0,5329.316623210907,6417.0,7.0,4.800000190734863,2.0,88.0,60.0,28.0
454200.0,5329.899178743362,6417.0,7.0,4.800000190734863,2.0,88.0,60.0,28.0
454250.0,5330.484278678894,6418.0,11.0,5.599999904632568,2.0,138.0,70.0,28.0
454300.0,5331.068752288818,6419.0,11.0,5.400000095367432,2.0,138.0,68.0,28.0
454350.0,5331.6521055698395,6420.0,11.0,5.599999904632568,2.0,138.0,70.0,28.0
454400.0,5332.242012262344,6421.0,11.0,6.0,4.0,138.0,74.4,50.0
454450.0,5332.896485328674,6422.0,11.0,5.400000095367432,3.0,138.0,68.0,40.0
454500.0,5333.4962246418,6422.0,11.0,5.400000095367432,3.0,138.0,68.0,40.0
454550.0,5334.082830190659,6423.0,10.0,5.199999809265137,3.0,122.0,64.8,40.0
454600.0,5334.660981416702,6424.0,10.0,5.0,3.0,122.0,62.0,38.0
454650.0,5335.246950149536,6424.0,10.0,5.0,3.0,122.0,62.0,38.0
454700.0,5335.828512430191,6428.0,5.0,2.0,0.0,68.0,28.8,6.0
454750.0,5336.406611919403,6430.0,2.0,1.0,0.0,28.0,17.6,6.0
454800.0,5336.989456415176,6433.0,2.0,1.2000000476837158,0.0,32.0,20.8,6.0
454850.0,5337.571256399155,6434.0,3.0,1.600000023841858,0.0,40.0,24.4,6.0
454900.0,5338.216830730438,6435.0,4.0,2.0,0.0,50.0,28.8,6.0
454950.0,5338.850931882858,6435.0,4.0,2.0,0.0,50.0,28.8,6.0
455000.0,5339.426988840103,6437.0,6.0,2.799999952316284,0.0,78.0,38.0,6.0
455050.0,5340.011534452438,6438.0,6.0,3.4000000953674316,1.0,78.0,46.0,16.0
455100.0,5340.5965275764465,6439.0,6.0,3.5999999046325684,1.0,78.0,47.6,16.0
455150.0,5341.183509349823,6440.0,6.0,3.4000000953674316,1.0,78.0,45.6,16.0
455200.0,5341.785211801529,6440.0,6.0,3.4000000953674316,1.0,78.0,45.6,16.0
455250.0,5342.378364086151,6441.0,11.0,4.400000095367432,1.0,132.0,56.4,16.0
455300.0,5342.958545684814,6441.0,11.0,4.400000095367432,1.0,132.0,56.4,16.0
455350.0,5343.560738801956,6442.0,11.0,5.800000190734863,3.0,132.0,73.2,40.0
455400.0,5344.156741142273,6443.0,11.0,5.400000095367432,1.0,132.0,67.6,18.0
455450.0,5344.752589941025,6443.0,11.0,5.400000095367432,1.0,132.0,67.6,18.0
455500.0,5345.331859111786,6444.0,11.0,6.800000190734863,1.0,132.0,84.4,18.0
455550.0,5345.910464763641,6445.0,11.0,6.800000190734863,1.0,132.0,84.4,18.0
455600.0,5346.489272356033,6446.0,11.0,5.199999809265137,1.0,132.0,66.0,18.0
455650.0,5347.070092201233,6447.0,11.0,4.400000095367432,1.0,132.0,56.0,18.0
455700.0,5347.659257173538,6448.0,11.0,5.199999809265137,3.0,132.0,64.4,40.0
455750.0,5348.244330406189,6449.0,5.0,3.799999952316284,3.0,60.0,48.0,40.0
455800.0,5348.820267438889,6450.0,5.0,4.0,3.0,60.0,50.0,40.0
455850.0,5349.40024805069,6451.0,5.0,4.199999809265137,4.0,60.0,52.0,50.0
455900.0,5349.980288982391,6452.0,5.0,4.0,3.0,60.0,49.6,38.0
455950.0,5350.560777425766,6452.0,5.0,4.0,3.0,60.0,49.6,38.0
456000.0,5351.144769191742,6453.0,9.0,4.800000190734863,3.0,112.0,60.0,38.0
456050.0,5351.727810621262,6454.0,9.0,4.400000095367432,2.0,112.0,55.6,28.0
456100.0,5352.307416439056,6455.0,9.0,4.400000095367432,2.0,112.0,55.6,28.0
456150.0,5352.883652925491,6456.0,9.0,5.0,2.0,112.0,62.0,28.0
456200.0,5353.466974973679,6456.0,9.0,5.0,2.0,112.0,62.0,28.0
456250.0,5354.045424938202,6457.0,9.0,6.0,2.0,112.0,74.4,28.0
456300.0,5354.626673936844,6458.0,8.0,5.0,2.0,100.0,62.4,28.0
456350.0,5355.19469499588,6459.0,8.0,4.800000190734863,1.0,100.0,60.0,16.0
456400.0,5355.769460916519,6460.0,8.0,5.199999809265137,1.0,100.0,64.4,16.0
456450.0,5356.349784851074,6460.0,8.0,5.199999809265137,1.0,100.0,64.4,16.0
456500.0,5356.928192138672,6461.0,8.0,5.199999809265137,1.0,100.0,66.0,16.0
456550.0,5357.515594959259,6462.0,7.0,4.400000095367432,1.0,90.0,56.0,16.0
456600.0,5358.1043202877045,6463.0,7.0,4.599999904632568,1.0,90.0,57.6,16.0
456650.0,5358.705086231232,6464.0,7.0,5.199999809265137,4.0,90.0,64.4,50.0
456700.0,5359.28337597847,6465.0,7.0,4.599999904632568,3.0,90.0,58.0,40.0
456750.0,5359.861570596695,6466.0,6.0,4.400000095367432,3.0,72.0,54.4,40.0
456800.0,5360.440614700317,6467.0,6.0,4.400000095367432,3.0,72.0,54.0,40.0
456850.0,5361.02072095871,6468.0,6.0,4.199999809265137,3.0,72.0,52.0,40.0
456900.0,5361.600442171097,6470.0,6.0,3.200000047683716,1.0,72.0,40.8,16.0
456950.0,5362.180285692215,6471.0,4.0,2.4000000953674316,1.0,50.0,33.2,16.0
457000.0,5362.762300729752,6472.0,7.0,3.0,1.0,84.0,40.4,16.0
457050.0,5363.348225355148,6473.0,7.0,3.0,1.0,84.0,40.0,16.0
457100.0,5363.930121898651,6474.0,7.0,2.799999952316284,0.0,84.0,38.0,8.0
457150.0,5364.511174917221,6475.0,7.0,4.0,0.0,84.0,51.2,8.0
457200.0,5365.091609954834,6476.0,7.0,4.599999904632568,0.0,84.0,56.8,8.0
457250.0,5365.669836759567,6477.0,7.0,4.0,0.0,82.0,50.0,8.0
457300.0,5366.246706724167,6477.0,7.0,4.0,0.0,82.0,50.0,8.0
457350.0,5366.8317131996155,6478.0,7.0,4.199999809265137,0.0,82.0,53.6,8.0
457400.0,5367.420287132263,6479.0,7.0,5.400000095367432,4.0,82.0,66.4,50.0
457450.0,5368.000916481018,6479.0,7.0,5.400000095367432,4.0,82.0,66.4,50.0
457500.0,5368.590492963791,6481.0,6.0,4.599999904632568,3.0,72.0,58.8,38.0
457550.0,5369.172692060471,6482.0,6.0,4.599999904632568,3.0,72.0,59.6,38.0
457600.0,5369.748852491379,6483.0,6.0,4.0,2.0,72.0,52.0,28.0
457650.0,5370.327409744263,6483.0,6.0,4.0,2.0,72.0,52.0,28.0
457700.0,5370.892572879791,6484.0,9.0,4.599999904632568,2.0,112.0,60.0,28.0
457750.0,5371.460325956345,6485.0,9.0,4.400000095367432,2.0,112.0,56.4,28.0
457800.0,5372.041280269623,6486.0,9.0,4.199999809265137,2.0,112.0,54.4,28.0
457850.0,5372.622543096542,6487.0,9.0,4.599999904632568,2.0,112.0,58.0,28.0
457900.0,5373.208406925201,6487.0,9.0,4.599999904632568,2.0,112.0,58.0,28.0
457950.0,5373.7938911914825,6488.0,9.0,6.0,2.0,112.0,74.4,28.0
458000.0,5374.372358560562,6490.0,9.0,3.5999999046325684,0.0,110.0,46.8,6.0
458050.0,5374.953714847565,6490.0,9.0,3.5999999046325684,0.0,110.0,46.8,6.0
458100.0,5375.535200834274,6490.0,9.0,3.5999999046325684,0.0,110.0,46.8,6.0
458150.0,5376.119449138641,6491.0,13.0,5.800000190734863,0.0,166.0,74.4,6.0
458200.0,5376.695871829987,6492.0,13.0,5.599999904632568,0.0,166.0,72.4,6.0
458250.0,5377.275182723999,6492.0,13.0,5.599999904632568,0.0,166.0,72.4,6.0
458300.0,5377.859541893005,6492.0,13.0,5.599999904632568,0.0,166.0,72.4,6.0
458350.0,5378.452695846558,6493.0,13.0,6.0,0.0,166.0,78.0,6.0
458400.0,5379.044641971588,6494.0,13.0,6.599999904632568,0.0,166.0,84.4,6.0
458450.0,5379.637789964676,6495.0,13.0,7.599999904632568,4.0,166.0,95.2,50.0
458500.0,5380.224189281464,6495.0,13.0,7.599999904632568,4.0,166.0,95.2,50.0
458550.0,5380.810792684555,6496.0,11.0,6.400000095367432,4.0,138.0,80.0,50.0
458600.0,5381.391635417938,6497.0,11.0,6.199999809265137,4.0,138.0,77.6,50.0
458650.0,5381.9759867191315,6498.0,7.0,4.800000190734863,4.0,90.0,60.0,50.0
458700.0,5382.559876203537,6498.0,7.0,4.800000190734863,4.0,90.0,60.0,50.0
458750.0,5383.1354331970215,6499.0,9.0,5.800000190734863,4.0,112.0,72.4,50.0
458800.0,5383.707591533661,6500.0,9.0,5.400000095367432,3.0,112.0,68.0,38.0
458850.0,5384.295780420303,6501.0,9.0,5.0,3.0,112.0,62.4,38.0
458900.0,5384.879779815674,6501.0,9.0,5.0,3.0,112.0,62.4,38.0
458950.0,5385.463252782822,6501.0,9.0,5.0,3.0,112.0,62.4,38.0
459000.0,5386.04186296463,6502.0,11.0,6.400000095367432,3.0,138.0,80.0,38.0
459050.0,5386.621950387955,6502.0,11.0,6.400000095367432,3.0,138.0,80.0,38.0
459100.0,5387.21018743515,6502.0,11.0,6.400000095367432,3.0,138.0,80.0,38.0
459150.0,5387.794382095337,6504.0,11.0,6.199999809265137,1.0,140.0,78.8,16.0
459200.0,5388.36866402626,6504.0,11.0,6.199999809265137,1.0,140.0,78.8,16.0
459250.0,5388.964251279831,6507.0,11.0,3.799999952316284,1.0,140.0,52.0,16.0
459300.0,5389.55725646019,6507.0,11.0,3.799999952316284,1.0,140.0,52.0,16.0
459350.0,5390.152153491974,6507.0,11.0,3.799999952316284,1.0,140.0,52.0,16.0
459400.0,5390.726574420929,6508.0,11.0,3.799999952316284,1.0,140.0,52.0,16.0
459450.0,5391.3326959609985,6509.0,11.0,4.599999904632568,1.0,140.0,60.8,16.0
459500.0,5391.919039011002,6510.0,11.0,4.400000095367432,1.0,140.0,56.4,16.0
459550.0,5392.532930850983,6510.0,11.0,4.400000095367432,1.0,140.0,56.4,16.0
459600.0,5393.1352870464325,6511.0,11.0,5.800000190734863,1.0,140.0,73.2,16.0
459650.0,5393.7282292842865,6512.0,11.0,6.199999809265137,3.0,140.0,78.0,40.0
459700.0,5394.315325021744,6513.0,8.0,5.0,3.0,100.0,62.0,40.0
459750.0,5394.927043199539,6514.0,8.0,4.400000095367432,2.0,100.0,56.0,30.0
459800.0,5395.507680892944,6515.0,8.0,4.199999809265137,2.0,100.0,53.6,30.0
459850.0,5396.11572265625,6515.0,8.0,4.199999809265137,2.0,100.0,53.6,30.0
459900.0,5396.723883628845,6516.0,10.0,4.599999904632568,2.0,122.0,58.0,30.0
459950.0,5397.302098274231,6517.0,10.0,4.599999904632568,2.0,122.0,57.6,30.0
460000.0,5397.87174654007,6518.0,10.0,4.800000190734863,2.0,122.0,60.4,30.0
460050.0,5398.446963071823,6519.0,10.0,5.0,3.0,122.0,62.0,38.0
460100.0,5399.032105445862,6520.0,10.0,5.400000095367432,3.0,122.0,66.8,38.0
460150.0,5399.602775335312,6521.0,6.0,4.0,3.0,74.0,50.0,38.0
460200.0,5400.179845094681,6522.0,6.0,4.400000095367432,3.0,74.0,54.4,38.0
460250.0,5400.767428159714,6523.0,5.0,3.799999952316284,3.0,62.0,47.6,38.0
460300.0,5401.34969997406,6524.0,5.0,4.0,3.0,62.0,50.0,38.0
460350.0,5401.940724611282,6524.0,5.0,4.0,3.0,62.0,50.0,38.0
460400.0,5402.5359036922455,6525.0,8.0,4.599999904632568,3.0,100.0,57.6,38.0
460450.0,5403.1128470897675,6526.0,8.0,5.0,3.0,100.0,62.0,40.0
460500.0,5403.692602396011,6527.0,8.0,4.199999809265137,1.0,100.0,53.6,18.0
460550.0,5404.274264335632,6528.0,8.0,5.0,1.0,100.0,62.0,18.0
460600.0,5404.854895591736,6529.0,8.0,4.800000190734863,1.0,100.0,60.0,18.0
460650.0,5405.4355211257935,6530.0,7.0,4.199999809265137,1.0,82.0,52.4,18.0
460700.0,5406.014684200287,6531.0,7.0,4.0,1.0,82.0,50.0,18.0
460750.0,5406.592361211777,6532.0,7.0,4.400000095367432,3.0,82.0,54.4,40.0
460800.0,5407.173822879791,6533.0,5.0,4.0,3.0,62.0,50.0,40.0
460850.0,5407.755964279175,6535.0,5.0,3.0,0.0,60.0,38.8,6.0
460900.0,5408.344073057175,6536.0,5.0,3.0,0.0,60.0,40.0,6.0
460950.0,5408.923011064529,6541.0,1.0,0.4000000059604645,0.0,18.0,10.4,6.0
461000.0,5409.51315331459,6544.0,3.0,0.800000011920929,0.0,38.0,14.4,6.0
461050.0,5410.10650062561,6545.0,4.0,1.600000023841858,0.0,48.0,22.8,6.0
461100.0,5410.68924164772,6546.0,4.0,2.200000047683716,0.0,50.0,29.6,6.0
461150.0,5411.278998374939,6547.0,4.0,2.200000047683716,0.0,50.0,30.0,6.0
461200.0,5411.860484600067,6548.0,4.0,3.0,0.0,50.0,38.8,6.0
461250.0,5412.444810152054,6549.0,4.0,3.799999952316284,3.0,50.0,47.6,40.0
461300.0,5413.039652347565,6550.0,4.0,3.799999952316284,3.0,50.0,48.0,40.0
461350.0,5413.627961158752,6551.0,4.0,3.4000000953674316,2.0,50.0,43.6,28.0
461400.0,5414.202887296677,6551.0,4.0,3.4000000953674316,2.0,50.0,43.6,28.0
461450.0,5414.771610021591,6556.0,8.0,1.7999999523162842,0.0,100.0,26.8,6.0
461500.0,5415.348713636398,6562.0,1.0,0.20000000298023224,0.0,16.0,8.0,6.0
461550.0,5415.922437429428,6563.0,4.0,0.800000011920929,0.0,52.0,15.2,6.0
461600.0,5416.500777006149,6564.0,4.0,1.0,0.0,52.0,17.6,6.0
461650.0,5417.0843822956085,6565.0,4.0,1.7999999523162842,0.0,52.0,26.4,6.0
461700.0,5417.661859750748,6566.0,5.0,2.799999952316284,0.0,62.0,37.6,6.0
461750.0,5418.236336231232,6567.0,5.0,3.799999952316284,1.0,62.0,48.4,18.0
461800.0,5418.795538187027,6569.0,5.0,3.5999999046325684,0.0,62.0,45.6,6.0
461850.0,5419.370766878128,6571.0,5.0,2.4000000953674316,0.0,60.0,33.2,6.0
461900.0,5419.946767091751,6572.0,4.0,2.200000047683716,0.0,54.0,32.0,6.0
461950.0,5420.5243463516235,6573.0,4.0,1.600000023841858,0.0,54.0,25.6,6.0
462000.0,5421.102113246918,6574.0,4.0,2.200000047683716,1.0,54.0,32.4,16.0
462050.0,5421.67569732666,6575.0,7.0,3.200000047683716,1.0,82.0,42.0,16.0
462100.0,5422.245747327805,6576.0,7.0,3.799999952316284,1.0,82.0,48.8,18.0
462150.0,5422.824164390564,6577.0,7.0,3.4000000953674316,1.0,82.0,43.6,18.0
462200.0,5423.4031846523285,6578.0,7.0,4.400000095367432,2.0,82.0,54.4,28.0
462250.0,5423.987782239914,6579.0,7.0,4.599999904632568,2.0,82.0,56.4,28.0
462300.0,5424.566905260086,6580.0,6.0,4.199999809265137,2.0,72.0,52.0,28.0
462350.0,5425.130520582199,6581.0,6.0,4.199999809265137,2.0,72.0,52.0,28.0
462400.0,5425.7017278671265,6582.0,6.0,4.400000095367432,3.0,72.0,54.4,40.0
462450.0,5426.285420894623,6583.0,5.0,3.5999999046325684,2.0,60.0,45.6,28.0
462500.0,5426.857799530029,6583.0,5.0,3.5999999046325684,2.0,60.0,45.6,28.0
462550.0,5427.431385755539,6583.0,5.0,3.5999999046325684,2.0,60.0,45.6,28.0
462600.0,5428.007709026337,6584.0,15.0,5.800000190734863,2.0,184.0,72.4,28.0
462650.0,5428.590984582901,6584.0,15.0,5.800000190734863,2.0,184.0,72.4,28.0
462700.0,5429.164639949799,6585.0,15.0,6.199999809265137,2.0,184.0,78.0,28.0
462750.0,5429.741089582443,6586.0,15.0,6.199999809265137,2.0,184.0,78.0,28.0
462800.0,5430.321528673172,6587.0,15.0,6.599999904632568,2.0,184.0,82.0,28.0
462850.0,5430.900040149689,6588.0,15.0,7.0,4.0,184.0,86.4,50.0
462900.0,5431.475011348724,6589.0,7.0,4.800000190734863,4.0,88.0,59.6,50.0
462950.0,5432.056404352188,6590.0,5.0,4.0,3.0,60.0,50.0,40.0
463000.0,5432.639242649078,6591.0,5.0,3.5999999046325684,2.0,60.0,45.6,28.0
463050.0,5433.218969345093,6592.0,4.0,3.4000000953674316,2.0,50.0,43.6,28.0
463100.0,5433.800141096115,6593.0,5.0,3.5999999046325684,2.0,60.0,45.6,28.0
463150.0,5434.37898683548,6594.0,6.0,4.0,2.0,72.0,50.0,28.0
463200.0,5434.95819234848,6595.0,6.0,4.199999809265137,2.0,72.0,52.0,28.0
463250.0,5435.53457570076,6596.0,6.0,4.0,1.0,72.0,50.0,18.0
463300.0,5436.109634399414,6596.0,6.0,4.0,1.0,72.0,50.0,18.0
463350.0,5436.683995485306,6596.0,6.0,4.0,1.0,72.0,50.0,18.0
463400.0,5437.263063430786,6597.0,15.0,6.199999809265137,1.0,182.0,76.4,18.0
463450.0,5437.8485786914825,6598.0,15.0,6.0,1.0,182.0,74.8,18.0
463500.0,5438.425997972488,6599.0,15.0,5.599999904632568,1.0,182.0,70.0,18.0
463550.0,5439.001014709473,6599.0,15.0,5.599999904632568,1.0,182.0,70.0,18.0
463600.0,5439.580703735352,6599.0,15.0,5.599999904632568,1.0,182.0,70.0,18.0
463650.0,5440.172474384308,6599.0,15.0,5.599999904632568,1.0,182.0,70.0,18.0
463700.0,5440.751368999481,6599.0,15.0,5.599999904632568,1.0,182.0,70.0,18.0
463750.0,5441.34463262558,6599.0,15.0,5.599999904632568,1.0,182.0,70.0,18.0
463800.0,5441.92506146431,6600.0,23.0,9.399999618530273,1.0,290.0,118.0,18.0
463850.0,5442.501700639725,6601.0,23.0,9.800000190734863,3.0,290.0,122.0,38.0
463900.0,5443.082176685333,6602.0,23.0,8.0,3.0,290.0,100.0,38.0
463950.0,5443.668189048767,6603.0,23.0,7.800000190734863,3.0,290.0,97.6,38.0
464000.0,5444.250909328461,6604.0,23.0,7.800000190734863,3.0,290.0,98.0,38.0
464050.0,5444.831218719482,6605.0,6.0,4.199999809265137,3.0,72.0,52.0,38.0
464100.0,5445.41307926178,6606.0,6.0,4.400000095367432,3.0,72.0,54.4,40.0
464150.0,5445.993213653564,6607.0,5.0,3.799999952316284,3.0,60.0,48.0,40.0
464200.0,5446.569341659546,6607.0,5.0,3.799999952316284,3.0,60.0,48.0,40.0
464250.0,5447.147819519043,6608.0,9.0,5.0,3.0,110.0,62.0,40.0
464300.0,5447.719427108765,6608.0,9.0,5.0,3.0,110.0,62.0,40.0
464350.0,5448.295653104782,6609.0,9.0,5.800000190734863,3.0,110.0,72.4,40.0
464400.0,5448.876214027405,6610.0,9.0,5.400000095367432,3.0,110.0,68.0,38.0
464450.0,5449.452150821686,6611.0,9.0,5.400000095367432,3.0,110.0,68.0,38.0
464500.0,5450.041724920273,6612.0,9.0,5.800000190734863,3.0,110.0,72.0,38.0
464550.0,5450.623706579208,6614.0,5.0,3.0,1.0,60.0,38.4,18.0
464600.0,5451.204540014267,6615.0,5.0,3.0,1.0,60.0,40.0,18.0
464650.0,5451.784074544907,6615.0,5.0,3.0,1.0,60.0,40.0,18.0
464700.0,5452.364196062088,6615.0,5.0,3.0,1.0,60.0,40.0,18.0
464750.0,5452.952615022659,6616.0,13.0,4.800000190734863,1.0,160.0,62.0,18.0
464800.0,5453.541013240814,6617.0,13.0,4.400000095367432,1.0,160.0,58.0,18.0
464850.0,5454.117653369904,6618.0,13.0,5.199999809265137,2.0,160.0,66.4,26.0
464900.0,5454.698531389236,6619.0,13.0,5.599999904632568,3.0,160.0,71.2,40.0
464950.0,5455.279960632324,6620.0,13.0,5.599999904632568,3.0,160.0,70.0,40.0
465000.0,5455.857483863831,6621.0,5.0,3.5999999046325684,3.0,60.0,45.6,38.0
465050.0,5456.435835599899,6622.0,5.0,4.0,3.0,62.0,50.0,38.0
465100.0,5457.018107175827,6623.0,5.0,3.799999952316284,3.0,62.0,48.0,38.0
465150.0,5457.598803758621,6624.0,5.0,3.5999999046325684,3.0,62.0,46.0,38.0
465200.0,5458.178276062012,6626.0,5.0,3.4000000953674316,1.0,62.0,43.2,16.0
465250.0,5458.75603222847,6627.0,4.0,2.5999999046325684,1.0,50.0,35.6,16.0
465300.0,5459.333487987518,6628.0,6.0,3.0,1.0,72.0,40.0,16.0
465350.0,5459.911482334137,6629.0,6.0,3.4000000953674316,1.0,72.0,44.0,16.0
465400.0,5460.500455856323,6629.0,6.0,3.4000000953674316,1.0,72.0,44.0,16.0
465450.0,5461.086854696274,6630.0,7.0,4.0,1.0,90.0,52.4,16.0
465500.0,5461.6639795303345,6631.0,7.0,4.800000190734863,1.0,90.0,61.6,24.0
465550.0,5462.2456266880035,6632.0,7.0,5.400000095367432,4.0,90.0,66.4,48.0
465600.0,5462.828047275543,6633.0,7.0,4.800000190734863,3.0,90.0,60.0,40.0
465650.0,5463.408749818802,6635.0,5.0,3.200000047683716,1.0,62.0,41.2,18.0
465700.0,5463.987899541855,6637.0,3.0,2.0,0.0,40.0,29.2,12.0
465750.0,5464.573265075684,6638.0,3.0,1.600000023841858,0.0,38.0,25.6,12.0
465800.0,5465.153259754181,6638.0,3.0,1.600000023841858,0.0,38.0,25.6,12.0
465850.0,5465.733364582062,6639.0,7.0,2.799999952316284,0.0,90.0,40.0,12.0
465900.0,5466.314915180206,6639.0,7.0,2.799999952316284,0.0,90.0,40.0,12.0
465950.0,5466.891437530518,6639.0,7.0,2.799999952316284,0.0,90.0,40.0,12.0
466000.0,5467.47626543045,6639.0,7.0,2.799999952316284,0.0,90.0,40.0,12.0
466050.0,5468.063179016113,6639.0,7.0,2.799999952316284,0.0,90.0,40.0,12.0
466100.0,5468.6459975242615,6640.0,23.0,6.800000190734863,0.0,282.0,88.8,12.0
466150.0,5469.228173017502,6641.0,23.0,7.599999904632568,1.0,282.0,96.4,22.0
466200.0,5469.8078808784485,6641.0,23.0,7.599999904632568,1.0,282.0,96.4,22.0
466250.0,5470.390830039978,6641.0,23.0,7.599999904632568,1.0,282.0,96.4,22.0
466300.0,5470.981384038925,6641.0,23.0,7.599999904632568,1.0,282.0,96.4,22.0
466350.0,5471.56834769249,6642.0,23.0,10.199999809265137,1.0,282.0,128.8,22.0
466400.0,5472.154057264328,6642.0,23.0,10.199999809265137,1.0,282.0,128.8,22.0
466450.0,5472.740354299545,6643.0,23.0,11.600000381469727,4.0,282.0,144.4,50.0
466500.0,5473.321894407272,6643.0,23.0,11.600000381469727,4.0,282.0,144.4,50.0
466550.0,5473.9146819114685,6645.0,16.0,7.0,1.0,200.0,88.8,16.0
466600.0,5474.498970270157,6645.0,16.0,7.0,1.0,200.0,88.8,16.0
466650.0,5475.077181100845,6646.0,16.0,7.800000190734863,1.0,200.0,100.0,16.0
466700.0,5475.658135890961,6647.0,8.0,5.400000095367432,1.0,106.0,70.0,16.0
466750.0,5476.237221956253,6649.0,8.0,3.200000047683716,1.0,106.0,43.2,16.0
466800.0,5476.81983423233,6649.0,8.0,3.200000047683716,1.0,106.0,43.2,16.0
466850.0,5477.409436702728,6649.0,8.0,3.200000047683716,1.0,106.0,43.2,16.0
466900.0,5477.99361538887,6650.0,12.0,5.400000095367432,1.0,156.0,71.2,16.0
466950.0,5478.574122667313,6651.0,12.0,4.599999904632568,1.0,156.0,60.0,16.0
467000.0,5479.154571533203,6652.0,12.0,4.599999904632568,1.0,156.0,60.0,16.0
467050.0,5479.737920761108,6653.0,12.0,5.199999809265137,1.0,156.0,66.8,16.0
467100.0,5480.316860675812,6654.0,12.0,5.599999904632568,3.0,156.0,71.2,38.0
467150.0,5480.904749155045,6655.0,5.0,4.0,3.0,62.0,50.0,38.0
467200.0,5481.491657733917,6656.0,5.0,4.0,3.0,62.0,50.0,38.0
467250.0,5482.072228908539,6657.0,5.0,4.0,3.0,62.0,50.0,38.0
467300.0,5482.654233217239,6658.0,4.0,3.4000000953674316,2.0,50.0,43.2,28.0
467350.0,5483.2433824539185,6659.0,6.0,4.0,2.0,72.0,50.0,28.0
467400.0,5483.823954343796,6660.0,6.0,4.0,2.0,72.0,50.0,28.0
467450.0,5484.407922029495,6661.0,6.0,4.0,2.0,72.0,50.0,28.0
467500.0,5484.98690867424,6662.0,6.0,3.4000000953674316,1.0,72.0,43.6,18.0
467550.0,5485.565424203873,6662.0,6.0,3.4000000953674316,1.0,72.0,43.6,18.0
467600.0,5486.143009901047,6663.0,11.0,5.199999809265137,1.0,132.0,64.4,18.0
467650.0,5486.719762563705,6663.0,11.0,5.199999809265137,1.0,132.0,64.4,18.0
467700.0,5487.298341989517,6664.0,11.0,5.599999904632568,1.0,132.0,70.0,18.0
467750.0,5487.875114917755,6666.0,11.0,4.599999904632568,1.0,132.0,58.8,16.0
467800.0,5488.452696800232,6667.0,11.0,4.800000190734863,1.0,132.0,62.0,16.0
467850.0,5489.034276008606,6667.0,11.0,4.800000190734863,1.0,132.0,62.0,16.0
467900.0,5489.612198829651,6668.0,10.0,4.599999904632568,1.0,122.0,60.0,16.0
467950.0,5490.186704874039,6668.0,10.0,4.599999904632568,1.0,122.0,60.0,16.0
468000.0,5490.768481492996,6669.0,10.0,4.800000190734863,1.0,122.0,62.0,16.0
468050.0,5491.355421543121,6670.0,10.0,5.0,1.0,122.0,64.4,16.0
468100.0,5491.945193052292,6671.0,10.0,5.800000190734863,2.0,122.0,73.2,34.0
468150.0,5492.535734415054,6672.0,10.0,6.199999809265137,3.0,122.0,76.4,40.0
468200.0,5493.120130062103,6673.0,9.0,5.0,3.0,110.0,62.0,40.0
468250.0,5493.703542232513,6674.0,5.0,4.0,3.0,60.0,50.0,40.0
468300.0,5494.285128593445,6675.0,5.0,4.199999809265137,4.0,60.0,52.0,50.0
468350.0,5494.868026018143,6675.0,5.0,4.199999809265137,4.0,60.0,52.0,50.0
468400.0,5495.460502147675,6676.0,7.0,4.599999904632568,4.0,90.0,58.0,50.0
468450.0,5496.0537078380585,6677.0,7.0,4.599999904632568,4.0,90.0,58.0,50.0
468500.0,5496.633496284485,6678.0,7.0,4.599999904632568,4.0,90.0,58.0,50.0
468550.0,5497.2149448394775,6679.0,7.0,4.599999904632568,4.0,90.0,58.0,50.0
468600.0,5497.8039762973785,6680.0,7.0,4.800000190734863,4.0,90.0,60.0,50.0
468650.0,5498.388163328171,6681.0,5.0,4.0,3.0,60.0,50.0,40.0
468700.0,5498.967733621597,6682.0,5.0,4.199999809265137,3.0,60.0,52.0,40.0
468750.0,5499.546646356583,6683.0,5.0,4.199999809265137,3.0,60.0,52.0,40.0
468800.0,5500.131372690201,6684.0,5.0,4.199999809265137,3.0,60.0,52.0,40.0
468850.0,5500.7146117687225,6684.0,5.0,4.199999809265137,3.0,60.0,52.0,40.0
468900.0,5501.324452161789,6685.0,5.0,4.199999809265137,3.0,68.0,53.6,40.0
468950.0,5501.910268545151,6686.0,6.0,4.800000190734863,4.0,72.0,60.0,50.0
469000.0,5502.499943733215,6687.0,6.0,4.800000190734863,4.0,72.0,60.0,50.0
469050.0,5503.084657430649,6688.0,6.0,4.599999904632568,3.0,72.0,58.0,40.0
469100.0,5503.671320438385,6689.0,6.0,4.400000095367432,3.0,72.0,56.0,40.0
469150.0,5504.259585857391,6690.0,6.0,4.199999809265137,3.0,72.0,52.0,40.0
469200.0,5504.844044446945,6691.0,5.0,4.0,3.0,62.0,50.0,40.0
469250.0,5505.4238748550415,6692.0,5.0,3.799999952316284,3.0,62.0,48.0,40.0
469300.0,5506.004359006882,6693.0,5.0,4.199999809265137,3.0,62.0,52.0,40.0
469350.0,5506.5813529491425,6694.0,5.0,4.400000095367432,4.0,62.0,54.0,48.0
469400.0,5507.1624584198,6695.0,5.0,3.799999952316284,1.0,62.0,48.0,18.0
469450.0,5507.743638277054,6696.0,5.0,3.5999999046325684,1.0,60.0,45.6,18.0
469500.0,5508.320441961288,6697.0,7.0,4.199999809265137,1.0,84.0,52.4,18.0
469550.0,5508.930857181549,6698.0,7.0,3.4000000953674316,1.0,84.0,43.6,16.0
469600.0,5509.55987906456,6699.0,7.0,3.799999952316284,1.0,84.0,48.0,16.0
469650.0,5510.143636465073,6699.0,7.0,3.799999952316284,1.0,84.0,48.0,16.0
469700.0,5510.7209050655365,6699.0,7.0,3.799999952316284,1.0,84.0,48.0,16.0
469750.0,5511.306224822998,6700.0,13.0,6.199999809265137,1.0,160.0,76.4,16.0
469800.0,5511.886830091476,6700.0,13.0,6.199999809265137,1.0,160.0,76.4,16.0
469850.0,5512.463582992554,6700.0,13.0,6.199999809265137,1.0,160.0,76.4,16.0
469900.0,5513.048259973526,6700.0,13.0,6.199999809265137,1.0,160.0,76.4,16.0
469950.0,5513.632845401764,6700.0,13.0,6.199999809265137,1.0,160.0,76.4,16.0
470000.0,5514.2122304439545,6700.0,13.0,6.199999809265137,1.0,160.0,76.4,16.0
470050.0,5514.789977312088,6700.0,13.0,6.199999809265137,1.0,160.0,76.4,16.0
470100.0,5515.396325111389,6700.0,13.0,6.199999809265137,1.0,160.0,76.4,16.0
470150.0,5516.003730535507,6700.0,13.0,6.199999809265137,1.0,160.0,76.4,16.0
470200.0,5516.581072568893,6703.0,32.0,10.800000190734863,0.0,408.0,136.8,6.0
470250.0,5517.162794113159,6704.0,32.0,9.800000190734863,0.0,408.0,125.6,6.0
470300.0,5517.740036725998,6704.0,32.0,9.800000190734863,0.0,408.0,125.6,6.0
470350.0,5518.323834896088,6704.0,32.0,9.800000190734863,0.0,408.0,125.6,6.0
470400.0,5518.903659105301,6704.0,32.0,9.800000190734863,0.0,408.0,125.6,6.0
470450.0,5519.483854055405,6704.0,32.0,9.800000190734863,0.0,408.0,125.6,6.0
470500.0,5520.068091630936,6705.0,32.0,11.800000190734863,0.0,408.0,150.0,6.0
470550.0,5520.644295930862,6705.0,32.0,11.800000190734863,0.0,408.0,150.0,6.0
470600.0,5521.222230672836,6705.0,32.0,11.800000190734863,0.0,408.0,150.0,6.0
470650.0,5521.811677932739,6706.0,23.0,7.800000190734863,0.0,282.0,98.4,6.0
470700.0,5522.395802497864,6707.0,23.0,8.0,0.0,282.0,100.8,6.0
470750.0,5522.982618093491,6707.0,23.0,8.0,0.0,282.0,100.8,6.0
470800.0,5523.584807395935,6707.0,23.0,8.0,0.0,282.0,100.8,6.0
470850.0,5524.192711353302,6708.0,23.0,10.199999809265137,1.0,282.0,127.6,16.0
470900.0,5524.773329496384,6709.0,23.0,10.800000190734863,4.0,282.0,134.4,50.0
470950.0,5525.3385055065155,6710.0,12.0,7.199999809265137,4.0,150.0,90.0,50.0
471000.0,5525.913879871368,6711.0,11.0,5.400000095367432,3.0,140.0,68.0,40.0
471050.0,5526.486068248749,6712.0,11.0,5.599999904632568,3.0,140.0,70.0,40.0
471100.0,5527.063232421875,6713.0,5.0,4.0,3.0,60.0,50.0,40.0
471150.0,5527.629156589508,6714.0,5.0,4.0,3.0,60.0,50.0,40.0
471200.0,5528.196309566498,6715.0,5.0,4.0,3.0,60.0,50.0,40.0
471250.0,5528.775786161423,6716.0,5.0,4.199999809265137,3.0,60.0,52.0,40.0
471300.0,5529.359865903854,6717.0,5.0,4.0,3.0,60.0,50.4,40.0
471350.0,5529.937252998352,6717.0,5.0,4.0,3.0,60.0,50.4,40.0
471400.0,5530.513603210449,6718.0,7.0,4.800000190734863,4.0,88.0,60.0,50.0
471450.0,5531.089812755585,6719.0,7.0,5.0,4.0,88.0,62.0,50.0
471500.0,5531.661909818649,6720.0,7.0,4.800000190734863,4.0,88.0,60.0,50.0
471550.0,5532.241245031357,6721.0,7.0,4.199999809265137,1.0,88.0,53.6,18.0
471600.0,5532.823935270309,6722.0,7.0,4.800000190734863,1.0,88.0,59.6,18.0
471650.0,5533.41090130806,6723.0,7.0,4.199999809265137,1.0,82.0,52.0,18.0
471700.0,5533.991810798645,6724.0,7.0,3.799999952316284,1.0,82.0,48.0,18.0
471750.0,5534.565472126007,6725.0,7.0,4.0,1.0,82.0,50.0,18.0
471800.0,5535.143585205078,6726.0,7.0,4.400000095367432,3.0,82.0,54.4,40.0
471850.0,5535.716334819794,6726.0,7.0,4.400000095367432,3.0,82.0,54.4,40.0
471900.0,5536.291724681854,6726.0,7.0,4.400000095367432,3.0,82.0,54.4,40.0
471950.0,5536.87210392952,6727.0,13.0,5.599999904632568,3.0,160.0,70.0,40.0
472000.0,5537.450670719147,6727.0,13.0,5.599999904632568,3.0,160.0,70.0,40.0
472050.0,5538.029583454132,6728.0,13.0,6.199999809265137,3.0,160.0,78.0,40.0
472100.0,5538.6071190834045,6729.0,13.0,6.400000095367432,3.0,160.0,80.0,40.0
472150.0,5539.188015937805,6730.0,13.0,6.199999809265137,3.0,160.0,78.0,40.0
472200.0,5539.768119573593,6731.0,13.0,6.599999904632568,4.0,160.0,82.0,50.0
472250.0,5540.347576141357,6733.0,5.0,3.200000047683716,1.0,60.0,40.8,16.0
472300.0,5540.931490898132,6734.0,5.0,2.5999999046325684,1.0,60.0,35.6,16.0
472350.0,5541.516052007675,6735.0,7.0,3.200000047683716,1.0,82.0,42.0,16.0
472400.0,5542.09864115715,6736.0,7.0,3.0,1.0,82.0,40.0,16.0
472450.0,5542.6824514865875,6737.0,7.0,3.4000000953674316,1.0,82.0,44.4,16.0
472500.0,5543.265818119049,6737.0,7.0,3.4000000953674316,1.0,82.0,44.4,16.0
472550.0,5543.851219415665,6739.0,7.0,4.199999809265137,1.0,82.0,53.2,16.0
472600.0,5544.433037519455,6739.0,7.0,4.199999809265137,1.0,82.0,53.2,16.0
472650.0,5545.007634401321,6739.0,7.0,4.199999809265137,1.0,82.0,53.2,16.0
472700.0,5545.578230381012,6739.0,7.0,4.199999809265137,1.0,82.0,53.2,16.0
472750.0,5546.150157928467,6739.0,7.0,4.199999809265137,1.0,82.0,53.2,16.0
472800.0,5546.715783834457,6740.0,20.0,6.800000190734863,1.0,256.0,88.0,16.0
472850.0,5547.290629386902,6740.0,20.0,6.800000190734863,1.0,256.0,88.0,16.0
472900.0,5547.886908531189,6741.0,20.0,7.800000190734863,1.0,256.0,100.0,16.0
472950.0,5548.470489501953,6742.0,20.0,7.800000190734863,1.0,256.0,100.0,16.0
473000.0,5549.027909755707,6743.0,20.0,7.400000095367432,1.0,256.0,94.4,16.0
473050.0,5549.634644985199,6744.0,20.0,8.199999809265137,3.0,256.0,103.2,40.0
473100.0,5550.243945598602,6745.0,9.0,5.0,3.0,110.0,62.0,40.0
473150.0,5550.850822687149,6746.0,5.0,4.0,3.0,60.0,50.0,40.0
473200.0,5551.431960105896,6747.0,5.0,4.0,3.0,60.0,50.0,40.0
473250.0,5552.064649105072,6748.0,5.0,3.5999999046325684,1.0,60.0,45.6,18.0
473300.0,5552.839417457581,6748.0,5.0,3.5999999046325684,1.0,60.0,45.6,18.0
473350.0,5553.610188961029,6749.0,11.0,4.800000190734863,1.0,132.0,60.0,18.0
473400.0,5554.388055324554,6749.0,11.0,4.800000190734863,1.0,132.0,60.0,18.0
473450.0,5555.165949344635,6750.0,11.0,5.599999904632568,1.0,132.0,70.0,18.0
473500.0,5555.940924882889,6751.0,11.0,5.599999904632568,1.0,132.0,70.0,18.0
473550.0,5556.722072839737,6751.0,11.0,5.599999904632568,1.0,132.0,70.0,18.0
473600.0,5557.510715484619,6752.0,11.0,6.0,1.0,132.0,75.6,18.0
473650.0,5558.294315338135,6753.0,11.0,7.0,4.0,132.0,86.4,50.0
473700.0,5559.0735075473785,6754.0,8.0,5.599999904632568,4.0,100.0,70.0,50.0
473750.0,5559.748007774353,6755.0,6.0,4.599999904632568,3.0,78.0,58.0,40.0
473800.0,5560.319129943848,6755.0,6.0,4.599999904632568,3.0,78.0,58.0,40.0
473850.0,5560.90021777153,6756.0,9.0,5.599999904632568,3.0,112.0,70.4,40.0
473900.0,5561.489383220673,6757.0,9.0,5.199999809265137,3.0,112.0,64.4,40.0
473950.0,5562.074048995972,6758.0,9.0,4.599999904632568,3.0,112.0,58.0,40.0
474000.0,5562.6521692276,6759.0,9.0,4.400000095367432,3.0,112.0,55.6,38.0
474050.0,5563.22928404808,6760.0,9.0,4.800000190734863,3.0,112.0,60.0,38.0
474100.0,5563.811840772629,6761.0,5.0,3.799999952316284,3.0,62.0,47.6,38.0
474150.0,5564.387962579727,6762.0,5.0,4.0,3.0,62.0,50.0,38.0
474200.0,5564.960602521896,6763.0,5.0,4.199999809265137,3.0,62.0,52.0,38.0
474250.0,5565.547859430313,6764.0,5.0,4.400000095367432,4.0,62.0,54.4,50.0
474300.0,5566.128614902496,6765.0,5.0,4.0,3.0,60.0,50.0,40.0
474350.0,5566.699584007263,6766.0,5.0,3.799999952316284,3.0,60.0,47.6,38.0
474400.0,5567.279590606689,6767.0,6.0,4.0,3.0,72.0,50.0,38.0
474450.0,5567.85577750206,6767.0,6.0,4.0,3.0,72.0,50.0,38.0
474500.0,5568.423468351364,6768.0,8.0,4.800000190734863,3.0,100.0,60.0,38.0
474550.0,5568.995047330856,6769.0,8.0,4.599999904632568,3.0,100.0,58.0,38.0
474600.0,5569.571520805359,6769.0,8.0,4.599999904632568,3.0,100.0,58.0,38.0
474650.0,5570.1494817733765,6770.0,8.0,5.599999904632568,3.0,100.0,70.0,38.0
474700.0,5570.7255873680115,6770.0,8.0,5.599999904632568,3.0,100.0,70.0,38.0
474750.0,5571.305579423904,6771.0,9.0,6.800000190734863,3.0,110.0,84.4,40.0
474800.0,5571.884476900101,6772.0,9.0,6.199999809265137,3.0,110.0,78.0,40.0
474850.0,5572.459983348846,6773.0,9.0,5.599999904632568,3.0,110.0,70.0,40.0
474900.0,5573.052962779999,6774.0,9.0,5.800000190734863,3.0,110.0,72.0,40.0
474950.0,5573.635740280151,6775.0,9.0,4.400000095367432,1.0,110.0,55.6,18.0
475000.0,5574.215649843216,6776.0,7.0,4.0,1.0,82.0,50.0,18.0
475050.0,5574.791204690933,6776.0,7.0,4.0,1.0,82.0,50.0,18.0
475100.0,5575.366303443909,6777.0,8.0,5.0,1.0,100.0,62.0,18.0
475150.0,5575.940039157867,6778.0,8.0,4.400000095367432,1.0,100.0,55.6,18.0
475200.0,5576.522756814957,6779.0,8.0,4.599999904632568,1.0,100.0,58.0,18.0
475250.0,5577.099696159363,6780.0,8.0,5.400000095367432,2.0,100.0,66.4,28.0
475300.0,5577.678994417191,6780.0,8.0,5.400000095367432,2.0,100.0,66.4,28.0
475350.0,5578.259551286697,6781.0,8.0,5.199999809265137,2.0,100.0,65.6,28.0
475400.0,5578.834770202637,6782.0,6.0,4.800000190734863,2.0,78.0,60.0,28.0
475450.0,5579.4102663993835,6782.0,6.0,4.800000190734863,2.0,78.0,60.0,28.0
475500.0,5579.986160039902,6782.0,6.0,4.800000190734863,2.0,78.0,60.0,28.0
475550.0,5580.560683250427,6783.0,11.0,6.599999904632568,5.0,140.0,82.4,60.0
475600.0,5581.137084245682,6784.0,11.0,6.400000095367432,4.0,140.0,80.0,50.0
475650.0,5581.720370769501,6785.0,11.0,6.400000095367432,4.0,140.0,80.0,50.0
475700.0,5582.296400308609,6785.0,11.0,6.400000095367432,4.0,140.0,80.0,50.0
475750.0,5582.878129005432,6786.0,11.0,6.599999904632568,4.0,140.0,82.4,50.0
475800.0,5583.467157840729,6787.0,11.0,5.800000190734863,2.0,140.0,73.6,28.0
475850.0,5584.051541805267,6788.0,7.0,5.0,2.0,90.0,62.0,28.0
475900.0,5584.627294063568,6789.0,7.0,4.800000190734863,2.0,90.0,60.0,28.0
475950.0,5585.207451343536,6790.0,7.0,4.199999809265137,2.0,90.0,53.6,28.0
476000.0,5585.785826683044,6791.0,7.0,3.5999999046325684,2.0,82.0,45.6,28.0
476050.0,5586.359157562256,6791.0,7.0,3.5999999046325684,2.0,82.0,45.6,28.0
476100.0,5586.935496091843,6792.0,10.0,5.199999809265137,2.0,122.0,64.4,28.0
476150.0,5587.530389547348,6793.0,10.0,4.800000190734863,2.0,122.0,60.4,28.0
476200.0,5588.111667871475,6793.0,10.0,4.800000190734863,2.0,122.0,60.4,28.0
476250.0,5588.6933035850525,6793.0,10.0,4.800000190734863,2.0,122.0,60.4,28.0
476300.0,5589.2684960365295,6793.0,10.0,4.800000190734863,2.0,122.0,60.4,28.0
476350.0,5589.833658456802,6793.0,10.0,4.800000190734863,2.0,122.0,60.4,28.0
476400.0,5590.401755809784,6793.0,10.0,4.800000190734863,2.0,122.0,60.4,28.0
476450.0,5591.01230597496,6793.0,10.0,4.800000190734863,2.0,122.0,60.4,28.0
476500.0,5591.619546175003,6795.0,24.0,9.199999809265137,3.0,306.0,115.6,38.0
476550.0,5592.22415804863,6796.0,24.0,8.800000190734863,2.0,306.0,112.4,34.0
476600.0,5592.826933383942,6797.0,24.0,7.400000095367432,2.0,306.0,95.6,34.0
476650.0,5593.43192076683,6798.0,24.0,7.199999809265137,2.0,306.0,93.2,34.0
476700.0,5594.040266275406,6799.0,7.0,3.799999952316284,2.0,82.0,48.4,34.0
476750.0,5594.642676353455,6800.0,7.0,3.799999952316284,2.0,82.0,48.8,34.0
476800.0,5595.347052812576,6800.0,7.0,3.799999952316284,2.0,82.0,48.8,34.0
476850.0,5596.130907535553,6801.0,8.0,5.0,3.0,100.0,62.0,38.0
476900.0,5596.915150165558,6802.0,8.0,5.400000095367432,3.0,100.0,66.4,40.0
476950.0,5597.681994199753,6803.0,8.0,5.199999809265137,3.0,100.0,64.4,40.0
477000.0,5598.450608968735,6803.0,8.0,5.199999809265137,3.0,100.0,64.4,40.0
477050.0,5599.235870838165,6803.0,8.0,5.199999809265137,3.0,100.0,64.4,40.0
477100.0,5600.005832195282,6803.0,8.0,5.199999809265137,3.0,100.0,64.4,40.0
477150.0,5600.78778219223,6806.0,14.0,4.800000190734863,0.0,178.0,62.4,6.0
477200.0,5601.575039625168,6807.0,14.0,4.0,0.0,178.0,53.6,6.0
477250.0,5602.367240428925,6808.0,14.0,4.800000190734863,0.0,178.0,62.0,6.0
477300.0,5603.153771877289,6809.0,7.0,2.799999952316284,0.0,82.0,36.4,6.0
477350.0,5603.947946548462,6809.0,7.0,2.799999952316284,0.0,82.0,36.4,6.0
477400.0,5604.734938144684,6810.0,8.0,4.0,0.0,100.0,50.8,6.0
477450.0,5605.521077632904,6811.0,8.0,4.800000190734863,1.0,100.0,59.6,16.0
477500.0,5606.3098320961,6813.0,8.0,3.799999952316284,1.0,100.0,48.8,16.0
477550.0,5607.095885276794,6814.0,8.0,3.799999952316284,1.0,100.0,50.0,16.0
477600.0,5607.884515047073,6815.0,4.0,3.0,1.0,56.0,40.0,16.0
477650.0,5608.669379711151,6815.0,4.0,3.0,1.0,56.0,40.0,16.0
477700.0,5609.451652050018,6816.0,7.0,3.5999999046325684,1.0,90.0,48.0,16.0
477750.0,5610.235454797745,6817.0,7.0,4.199999809265137,1.0,90.0,54.4,16.0
477800.0,5611.014738082886,6818.0,7.0,4.599999904632568,3.0,90.0,59.2,40.0
477850.0,5611.794395446777,6819.0,7.0,4.599999904632568,3.0,90.0,58.0,40.0
477900.0,5612.58588886261,6821.0,5.0,3.200000047683716,0.0,60.0,41.2,6.0
477950.0,5613.378463506699,6821.0,5.0,3.200000047683716,0.0,60.0,41.2,6.0
478000.0,5614.155047893524,6822.0,8.0,3.799999952316284,0.0,104.0,50.0,6.0
478050.0,5614.918209314346,6822.0,8.0,3.799999952316284,0.0,104.0,50.0,6.0
478100.0,5615.695653438568,6823.0,8.0,4.800000190734863,0.0,104.0,62.0,6.0
478150.0,5616.481995105743,6823.0,8.0,4.800000190734863,0.0,104.0,62.0,6.0
478200.0,5617.2775456905365,6823.0,8.0,4.800000190734863,0.0,104.0,62.0,6.0
478250.0,5617.967700958252,6825.0,10.0,5.400000095367432,0.0,130.0,71.2,6.0
478300.0,5618.551643610001,6826.0,10.0,6.0,1.0,130.0,78.8,16.0
478350.0,5619.155613422394,6827.0,10.0,5.400000095367432,1.0,130.0,70.0,16.0
478400.0,5619.768935918808,6827.0,10.0,5.400000095367432,1.0,130.0,70.0,16.0
478450.0,5620.3644251823425,6828.0,10.0,5.400000095367432,1.0,130.0,70.0,16.0
478500.0,5620.94163942337,6829.0,8.0,4.0,1.0,100.0,52.0,16.0
478550.0,5621.517462968826,6829.0,8.0,4.0,1.0,100.0,52.0,16.0
478600.0,5622.094863653183,6830.0,9.0,5.599999904632568,3.0,112.0,71.2,40.0
478650.0,5622.671416282654,6831.0,9.0,5.599999904632568,3.0,112.0,70.0,38.0
478700.0,5623.24681186676,6832.0,9.0,5.599999904632568,3.0,112.0,70.0,38.0
478750.0,5623.8185777664185,6833.0,9.0,4.599999904632568,3.0,112.0,58.0,38.0
478800.0,5624.396737575531,6834.0,9.0,5.0,3.0,112.0,62.0,38.0
478850.0,5624.974572181702,6835.0,5.0,3.4000000953674316,1.0,60.0,43.2,18.0
478900.0,5625.55655503273,6835.0,5.0,3.4000000953674316,1.0,60.0,43.2,18.0
478950.0,5626.135771512985,6836.0,8.0,4.400000095367432,1.0,100.0,55.6,18.0
479000.0,5626.706404685974,6837.0,8.0,4.599999904632568,1.0,100.0,58.0,18.0
479050.0,5627.277540206909,6838.0,8.0,4.800000190734863,1.0,100.0,60.0,18.0
479100.0,5627.852075576782,6839.0,8.0,4.599999904632568,1.0,100.0,58.0,18.0
479150.0,5628.425348043442,6840.0,8.0,5.199999809265137,4.0,100.0,64.4,50.0
479200.0,5629.000382423401,6841.0,6.0,4.599999904632568,4.0,72.0,56.4,50.0
479250.0,5629.575811624527,6842.0,5.0,3.5999999046325684,1.0,60.0,45.6,18.0
479300.0,5630.149742364883,6843.0,5.0,3.5999999046325684,1.0,60.0,45.6,18.0
479350.0,5630.71782040596,6844.0,5.0,3.5999999046325684,1.0,60.0,45.6,18.0
479400.0,5631.289898395538,6845.0,6.0,4.0,1.0,72.0,50.0,18.0
479450.0,5631.863379478455,6845.0,6.0,4.0,1.0,72.0,50.0,18.0
479500.0,5632.437198400497,6846.0,8.0,4.599999904632568,1.0,100.0,58.0,18.0
479550.0,5633.017583847046,6847.0,8.0,5.400000095367432,4.0,100.0,66.4,50.0
479600.0,5633.598469734192,6848.0,8.0,4.800000190734863,1.0,100.0,60.0,18.0
479650.0,5634.1766657829285,6849.0,8.0,5.199999809265137,1.0,100.0,64.4,18.0
479700.0,5634.76207447052,6850.0,8.0,4.800000190734863,1.0,100.0,60.0,18.0
479750.0,5635.337745666504,6851.0,6.0,4.0,1.0,72.0,50.0,18.0
479800.0,5635.901805639267,6852.0,6.0,3.799999952316284,1.0,72.0,48.0,18.0
479850.0,5636.469254255295,6853.0,6.0,4.400000095367432,4.0,72.0,54.4,50.0
479900.0,5637.040941476822,6854.0,4.0,4.0,4.0,50.0,50.0,50.0
479950.0,5637.613825559616,6855.0,4.0,4.0,4.0,50.0,50.0,50.0
480000.0,5638.187931776047,6856.0,4.0,3.799999952316284,3.0,50.0,47.6,38.0
480050.0,5638.765525341034,6857.0,4.0,3.4000000953674316,2.0,66.0,50.8,38.0
480100.0,5639.343375205994,6857.0,4.0,3.4000000953674316,2.0,66.0,50.8,38.0
480150.0,5639.915722131729,6858.0,4.0,2.799999952316284,1.0,93.0,59.4,38.0
480200.0,5640.490252256393,6858.0,4.0,2.799999952316284,1.0,93.0,59.4,38.0
480250.0,5641.0640296936035,6858.0,4.0,2.799999952316284,1.0,93.0,59.4,38.0
480300.0,5641.638947486877,6859.0,4.0,2.0,0.0,153.0,80.0,38.0
480350.0,5642.219421625137,6859.0,4.0,2.0,0.0,153.0,80.0,38.0
480400.0,5642.805442810059,6859.0,4.0,2.0,0.0,153.0,80.0,38.0
480450.0,5643.380764722824,6860.0,3.0,1.2000000476837158,0.0,153.0,100.2,38.0
480500.0,5643.956433296204,6860.0,3.0,1.2000000476837158,0.0,153.0,100.2,38.0
480550.0,5644.538272380829,6860.0,3.0,1.2000000476837158,0.0,153.0,100.2,38.0
480600.0,5645.115140914917,6861.0,2.0,0.800000011920929,0.0,153.0,120.0,66.0
480650.0,5645.693437337875,6861.0,2.0,0.800000011920929,0.0,153.0,120.0,66.0
480700.0,5646.2679970264435,6862.0,1.0,0.4000000059604645,0.0,153.0,125.8,93.0
480750.0,5646.843796491623,6863.0,1.0,0.20000000298023224,0.0,153.0,118.2,55.0
480800.0,5647.418403863907,6864.0,1.0,0.20000000298023224,0.0,151.0,96.8,46.0
480850.0,5647.995944023132,6864.0,1.0,0.20000000298023224,0.0,151.0,96.8,46.0
480900.0,5648.573574066162,6864.0,1.0,0.20000000298023224,0.0,151.0,96.8,46.0
480950.0,5649.147783994675,6864.0,1.0,0.20000000298023224,0.0,151.0,96.8,46.0
481000.0,5649.7172594070435,6865.0,1.0,0.20000000298023224,0.0,211.0,108.8,46.0
481050.0,5650.279496431351,6865.0,1.0,0.20000000298023224,0.0,211.0,108.8,46.0
481100.0,5650.8515157699585,6865.0,1.0,0.20000000298023224,0.0,211.0,108.8,46.0
481150.0,5651.4237241744995,6865.0,1.0,0.20000000298023224,0.0,211.0,108.8,46.0
481200.0,5651.999294281006,6866.0,0.0,0.0,0.0,211.0,118.6,46.0
481250.0,5652.566894054413,6867.0,0.0,0.0,0.0,211.0,112.2,46.0
481300.0,5653.134166479111,6868.0,0.0,0.0,0.0,211.0,110.4,46.0
481350.0,5653.715512275696,6868.0,0.0,0.0,0.0,211.0,110.4,46.0
481400.0,5654.291676998138,6868.0,0.0,0.0,0.0,211.0,110.4,46.0
481450.0,5654.874560117722,6868.0,0.0,0.0,0.0,211.0,110.4,46.0
481500.0,5655.455551862717,6868.0,0.0,0.0,0.0,211.0,110.4,46.0
481550.0,5656.029851198196,6868.0,0.0,0.0,0.0,211.0,110.4,46.0
481600.0,5656.604820251465,6868.0,0.0,0.0,0.0,211.0,110.4,46.0
481650.0,5657.184129238129,6869.0,1.0,0.20000000298023224,0.0,360.0,173.2,46.0
481700.0,5657.769267320633,6870.0,1.0,0.20000000298023224,0.0,360.0,139.6,43.0
481750.0,5658.3421313762665,6870.0,1.0,0.20000000298023224,0.0,360.0,139.6,43.0
481800.0,5658.915841579437,6871.0,1.0,0.20000000298023224,0.0,360.0,121.4,43.0
481850.0,5659.490645647049,6871.0,1.0,0.20000000298023224,0.0,360.0,121.4,43.0
481900.0,5660.066592693329,6872.0,1.0,0.20000000298023224,0.0,360.0,129.0,43.0
481950.0,5660.641513824463,6872.0,1.0,0.20000000298023224,0.0,360.0,129.0,43.0
482000.0,5661.216055631638,6873.0,1.0,0.4000000059604645,0.0,360.0,142.6,43.0
482050.0,5661.79270195961,6873.0,1.0,0.4000000059604645,0.0,360.0,142.6,43.0
482100.0,5662.3693199157715,6874.0,1.0,0.4000000059604645,0.0,114.0,88.6,43.0
482150.0,5662.952498674393,6874.0,1.0,0.4000000059604645,0.0,114.0,88.6,43.0
482200.0,5663.529984235764,6874.0,1.0,0.4000000059604645,0.0,114.0,88.6,43.0
482250.0,5664.109862565994,6875.0,1.0,0.6000000238418579,0.0,145.0,109.0,90.0
482300.0,5664.688955307007,6876.0,1.0,0.6000000238418579,0.0,145.0,104.0,70.0
482350.0,5665.276048183441,6876.0,1.0,0.6000000238418579,0.0,145.0,104.0,70.0
482400.0,5665.8731145858765,6876.0,1.0,0.6000000238418579,0.0,145.0,104.0,70.0
482450.0,5666.457453727722,6876.0,1.0,0.6000000238418579,0.0,145.0,104.0,70.0
482500.0,5667.043658733368,6876.0,1.0,0.6000000238418579,0.0,145.0,104.0,70.0
482550.0,5667.631184101105,6876.0,1.0,0.6000000238418579,0.0,145.0,104.0,70.0
482600.0,5668.225308895111,6876.0,1.0,0.6000000238418579,0.0,145.0,104.0,70.0
482650.0,5668.8150906562805,6876.0,1.0,0.6000000238418579,0.0,145.0,104.0,70.0
482700.0,5669.402399301529,6876.0,1.0,0.6000000238418579,0.0,145.0,104.0,70.0
482750.0,5669.991407632828,6876.0,1.0,0.6000000238418579,0.0,145.0,104.0,70.0
482800.0,5670.582451343536,6876.0,1.0,0.6000000238418579,0.0,145.0,104.0,70.0
482850.0,5671.1599934101105,6876.0,1.0,0.6000000238418579,0.0,145.0,104.0,70.0
482900.0,5671.74201130867,6876.0,1.0,0.6000000238418579,0.0,145.0,104.0,70.0
482950.0,5672.3130469322205,6876.0,1.0,0.6000000238418579,0.0,145.0,104.0,70.0
483000.0,5672.889845371246,6877.0,3.0,1.2000000476837158,0.0,685.0,220.8,70.0
483050.0,5673.470810174942,6877.0,3.0,1.2000000476837158,0.0,685.0,220.8,70.0
483100.0,5674.049577474594,6877.0,3.0,1.2000000476837158,0.0,685.0,220.8,70.0
483150.0,5674.631702184677,6877.0,3.0,1.2000000476837158,0.0,685.0,220.8,70.0
483200.0,5675.222848415375,6877.0,3.0,1.2000000476837158,0.0,685.0,220.8,70.0
483250.0,5675.803749799728,6877.0,3.0,1.2000000476837158,0.0,685.0,220.8,70.0
483300.0,5676.379260778427,6877.0,3.0,1.2000000476837158,0.0,685.0,220.8,70.0
483350.0,5676.94912648201,6877.0,3.0,1.2000000476837158,0.0,685.0,220.8,70.0
483400.0,5677.5261771678925,6878.0,3.0,1.0,0.0,685.0,281.0,70.0
483450.0,5678.106131076813,6879.0,3.0,0.800000011920929,0.0,685.0,271.0,40.0
483500.0,5678.6884841918945,6879.0,3.0,0.800000011920929,0.0,685.0,271.0,40.0
483550.0,5679.259460449219,6879.0,3.0,0.800000011920929,0.0,685.0,271.0,40.0
483600.0,5679.826746463776,6879.0,3.0,0.800000011920929,0.0,685.0,271.0,40.0
483650.0,5680.401448726654,6879.0,3.0,0.800000011920929,0.0,685.0,271.0,40.0
483700.0,5680.976762771606,6880.0,3.0,0.6000000238418579,0.0,685.0,294.0,40.0
483750.0,5681.552908420563,6880.0,3.0,0.6000000238418579,0.0,685.0,294.0,40.0
483800.0,5682.132471323013,6880.0,3.0,0.6000000238418579,0.0,685.0,294.0,40.0
483850.0,5682.706721782684,6880.0,3.0,0.6000000238418579,0.0,685.0,294.0,40.0
483900.0,5683.2880227565765,6880.0,3.0,0.6000000238418579,0.0,685.0,294.0,40.0
483950.0,5683.871929168701,6880.0,3.0,0.6000000238418579,0.0,685.0,294.0,40.0
484000.0,5684.466846466064,6880.0,3.0,0.6000000238418579,0.0,685.0,294.0,40.0
484050.0,5685.040424823761,6881.0,3.0,1.2000000476837158,0.0,685.0,348.0,40.0
484100.0,5685.644409418106,6881.0,3.0,1.2000000476837158,0.0,685.0,348.0,40.0
484150.0,5686.230687379837,6881.0,3.0,1.2000000476837158,0.0,685.0,348.0,40.0
484200.0,5686.813275814056,6881.0,3.0,1.2000000476837158,0.0,685.0,348.0,40.0
484250.0,5687.391872167587,6882.0,3.0,0.800000011920929,0.0,415.0,251.0,40.0
484300.0,5687.972018480301,6882.0,3.0,0.800000011920929,0.0,415.0,251.0,40.0
484350.0,5688.55132651329,6882.0,3.0,0.800000011920929,0.0,415.0,251.0,40.0
484400.0,5689.1283223629,6883.0,3.0,0.800000011920929,0.0,340.0,199.6,40.0
484450.0,5689.7055678367615,6884.0,3.0,0.800000011920929,0.0,340.0,201.0,47.0
484500.0,5690.280122995377,6884.0,3.0,0.800000011920929,0.0,340.0,201.0,47.0
484550.0,5690.855417251587,6885.0,3.0,1.0,0.0,340.0,169.6,47.0
484600.0,5691.421757221222,6885.0,3.0,1.0,0.0,340.0,169.6,47.0
484650.0,5692.003484249115,6885.0,3.0,1.0,0.0,340.0,169.6,47.0
484700.0,5692.592451810837,6885.0,3.0,1.0,0.0,340.0,169.6,47.0
484750.0,5693.173145055771,6885.0,3.0,1.0,0.0,340.0,169.6,47.0
484800.0,5693.754816770554,6885.0,3.0,1.0,0.0,340.0,169.6,47.0
484850.0,5694.338416099548,6885.0,3.0,1.0,0.0,340.0,169.6,47.0
484900.0,5694.913254976273,6886.0,3.0,1.0,0.0,336.0,168.8,47.0
484950.0,5695.477056503296,6886.0,3.0,1.0,0.0,336.0,168.8,47.0
485000.0,5696.057580471039,6886.0,3.0,1.0,0.0,336.0,168.8,47.0
485050.0,5696.632457494736,6886.0,3.0,1.0,0.0,336.0,168.8,47.0
485100.0,5697.209408760071,6886.0,3.0,1.0,0.0,336.0,168.8,47.0
485150.0,5697.787806272507,6886.0,3.0,1.0,0.0,336.0,168.8,47.0
485200.0,5698.372584581375,6886.0,3.0,1.0,0.0,336.0,168.8,47.0
485250.0,5698.95497918129,6886.0,3.0,1.0,0.0,336.0,168.8,47.0
485300.0,5699.530678272247,6886.0,3.0,1.0,0.0,336.0,168.8,47.0
485350.0,5700.109412908554,6886.0,3.0,1.0,0.0,336.0,168.8,47.0
485400.0,5700.6955189704895,6886.0,3.0,1.0,0.0,336.0,168.8,47.0
485450.0,5701.275853633881,6886.0,3.0,1.0,0.0,336.0,168.8,47.0
485500.0,5701.876114606857,6887.0,3.0,1.399999976158142,0.0,602.0,249.2,47.0
485550.0,5702.488758563995,6887.0,3.0,1.399999976158142,0.0,602.0,249.2,47.0
485600.0,5703.086972236633,6887.0,3.0,1.399999976158142,0.0,602.0,249.2,47.0
485650.0,5703.684109926224,6888.0,3.0,1.600000023841858,0.0,602.0,248.4,47.0
485700.0,5704.277498245239,6888.0,3.0,1.600000023841858,0.0,602.0,248.4,47.0
485750.0,5704.867243051529,6888.0,3.0,1.600000023841858,0.0,602.0,248.4,47.0
485800.0,5705.461795091629,6888.0,3.0,1.600000023841858,0.0,602.0,248.4,47.0
485850.0,5706.054184436798,6888.0,3.0,1.600000023841858,0.0,602.0,248.4,47.0
485900.0,5706.634818315506,6888.0,3.0,1.600000023841858,0.0,602.0,248.4,47.0
485950.0,5707.212277412415,6889.0,3.0,1.7999999523162842,1.0,602.0,299.6,103.0
486000.0,5707.79286980629,6889.0,3.0,1.7999999523162842,1.0,602.0,299.6,103.0
486050.0,5708.369833946228,6890.0,3.0,1.600000023841858,0.0,602.0,297.4,92.0
486100.0,5708.949408531189,6890.0,3.0,1.600000023841858,0.0,602.0,297.4,92.0
486150.0,5709.530234336853,6890.0,3.0,1.600000023841858,0.0,602.0,297.4,92.0
486200.0,5710.117075204849,6891.0,3.0,1.0,0.0,602.0,260.2,92.0
486250.0,5710.699636220932,6891.0,3.0,1.0,0.0,602.0,260.2,92.0
486300.0,5711.279901981354,6891.0,3.0,1.0,0.0,602.0,260.2,92.0
486350.0,5711.869169950485,6893.0,1.0,0.4000000059604645,0.0,303.0,142.4,17.0
486400.0,5712.475780963898,6893.0,1.0,0.4000000059604645,0.0,303.0,142.4,17.0
486450.0,5713.070021152496,6893.0,1.0,0.4000000059604645,0.0,303.0,142.4,17.0
486500.0,5713.67241692543,6894.0,1.0,0.4000000059604645,0.0,150.0,106.4,17.0
486550.0,5714.26856803894,6895.0,1.0,0.4000000059604645,0.0,150.0,102.0,17.0
486600.0,5714.84988951683,6896.0,1.0,0.4000000059604645,0.0,150.0,82.0,17.0
486650.0,5715.421851158142,6896.0,1.0,0.4000000059604645,0.0,150.0,82.0,17.0
486700.0,5716.013468980789,6896.0,1.0,0.4000000059604645,0.0,150.0,82.0,17.0
486750.0,5716.611679792404,6896.0,1.0,0.4000000059604645,0.0,150.0,82.0,17.0
486800.0,5717.205452919006,6897.0,1.0,0.4000000059604645,0.0,170.0,86.0,17.0
486850.0,5717.785239696503,6898.0,1.0,0.4000000059604645,0.0,170.0,92.6,50.0
486900.0,5718.356137275696,6898.0,1.0,0.4000000059604645,0.0,170.0,92.6,50.0
486950.0,5718.919255018234,6899.0,1.0,0.20000000298023224,0.0,170.0,88.6,50.0
487000.0,5719.489639520645,6899.0,1.0,0.20000000298023224,0.0,170.0,88.6,50.0
487050.0,5720.068724393845,6899.0,1.0,0.20000000298023224,0.0,170.0,88.6,50.0
487100.0,5720.6554317474365,6899.0,1.0,0.20000000298023224,0.0,170.0,88.6,50.0
487150.0,5721.250426769257,6899.0,1.0,0.20000000298023224,0.0,170.0,88.6,50.0
487200.0,5721.8361139297485,6901.0,1.0,0.20000000298023224,0.0,254.0,117.8,12.0
487250.0,5722.413343191147,6901.0,1.0,0.20000000298023224,0.0,254.0,117.8,12.0
487300.0,5723.009560108185,6901.0,1.0,0.20000000298023224,0.0,254.0,117.8,12.0
487350.0,5723.60404419899,6901.0,1.0,0.20000000298023224,0.0,254.0,117.8,12.0
487400.0,5724.200973033905,6901.0,1.0,0.20000000298023224,0.0,254.0,117.8,12.0
487450.0,5724.79270362854,6902.0,0.0,0.0,0.0,254.0,134.0,12.0
487500.0,5725.385771512985,6902.0,0.0,0.0,0.0,254.0,134.0,12.0
487550.0,5725.969135284424,6902.0,0.0,0.0,0.0,254.0,134.0,12.0
487600.0,5726.5598685741425,6902.0,0.0,0.0,0.0,254.0,134.0,12.0
487650.0,5727.136885166168,6902.0,0.0,0.0,0.0,254.0,134.0,12.0
487700.0,5727.715129375458,6903.0,0.0,0.0,0.0,254.0,170.0,12.0
487750.0,5728.294592618942,6903.0,0.0,0.0,0.0,254.0,170.0,12.0
487800.0,5728.881264209747,6903.0,0.0,0.0,0.0,254.0,170.0,12.0
487850.0,5729.4624717235565,6903.0,0.0,0.0,0.0,254.0,170.0,12.0
487900.0,5730.043584108353,6903.0,0.0,0.0,0.0,254.0,170.0,12.0
487950.0,5730.621991634369,6903.0,0.0,0.0,0.0,254.0,170.0,12.0
488000.0,5731.201980113983,6903.0,0.0,0.0,0.0,254.0,170.0,12.0
488050.0,5731.783506155014,6903.0,0.0,0.0,0.0,254.0,170.0,12.0
488100.0,5732.373665809631,6903.0,0.0,0.0,0.0,254.0,170.0,12.0
488150.0,5732.9691751003265,6904.0,2.0,0.4000000059604645,0.0,460.0,241.4,12.0
488200.0,5733.570384263992,6904.0,2.0,0.4000000059604645,0.0,460.0,241.4,12.0
488250.0,5734.163852930069,6904.0,2.0,0.4000000059604645,0.0,460.0,241.4,12.0
488300.0,5734.752685785294,6904.0,2.0,0.4000000059604645,0.0,460.0,241.4,12.0
488350.0,5735.341891288757,6905.0,2.0,0.4000000059604645,0.0,460.0,231.0,12.0
488400.0,5735.928803682327,6905.0,2.0,0.4000000059604645,0.0,460.0,231.0,12.0
488450.0,5736.507750749588,6905.0,2.0,0.4000000059604645,0.0,460.0,231.0,12.0
488500.0,5737.098577737808,6905.0,2.0,0.4000000059604645,0.0,460.0,231.0,12.0
488550.0,5737.68368768692,6906.0,2.0,0.6000000238418579,0.0,460.0,272.2,202.0
488600.0,5738.280441999435,6907.0,2.0,0.6000000238418579,0.0,460.0,228.0,30.0
488650.0,5738.876338720322,6907.0,2.0,0.6000000238418579,0.0,460.0,228.0,30.0
488700.0,5739.461732149124,6907.0,2.0,0.6000000238418579,0.0,460.0,228.0,30.0
488750.0,5740.03404712677,6907.0,2.0,0.6000000238418579,0.0,460.0,228.0,30.0
488800.0,5740.614655017853,6907.0,2.0,0.6000000238418579,0.0,460.0,228.0,30.0
488850.0,5741.192840337753,6907.0,2.0,0.6000000238418579,0.0,460.0,228.0,30.0
488900.0,5741.78329873085,6907.0,2.0,0.6000000238418579,0.0,460.0,228.0,30.0
488950.0,5742.389195919037,6907.0,2.0,0.6000000238418579,0.0,460.0,228.0,30.0
489000.0,5742.987588882446,6908.0,2.0,0.6000000238418579,0.0,460.0,264.0,30.0
489050.0,5743.588042020798,6908.0,2.0,0.6000000238418579,0.0,460.0,264.0,30.0
489100.0,5744.183376789093,6908.0,2.0,0.6000000238418579,0.0,460.0,264.0,30.0
489150.0,5744.772428750992,6909.0,1.0,0.20000000298023224,0.0,410.0,204.0,30.0
489200.0,5745.360235214233,6909.0,1.0,0.20000000298023224,0.0,410.0,204.0,30.0
489250.0,5745.943486690521,6910.0,1.0,0.20000000298023224,0.0,410.0,177.6,30.0
489300.0,5746.52610206604,6910.0,1.0,0.20000000298023224,0.0,410.0,177.6,30.0
489350.0,5747.122706651688,6910.0,1.0,0.20000000298023224,0.0,410.0,177.6,30.0
489400.0,5747.7088503837585,6910.0,1.0,0.20000000298023224,0.0,410.0,177.6,30.0
489450.0,5748.2922530174255,6910.0,1.0,0.20000000298023224,0.0,410.0,177.6,30.0
489500.0,5748.876939058304,6910.0,1.0,0.20000000298023224,0.0,410.0,177.6,30.0
489550.0,5749.459965705872,6910.0,1.0,0.20000000298023224,0.0,410.0,177.6,30.0
489600.0,5750.043850898743,6910.0,1.0,0.20000000298023224,0.0,410.0,177.6,30.0
489650.0,5750.624292373657,6910.0,1.0,0.20000000298023224,0.0,410.0,177.6,30.0
489700.0,5751.206366300583,6911.0,0.0,0.0,0.0,470.0,228.0,30.0
489750.0,5751.788460254669,6911.0,0.0,0.0,0.0,470.0,228.0,30.0
489800.0,5752.369831562042,6911.0,0.0,0.0,0.0,470.0,228.0,30.0
489850.0,5752.972006559372,6911.0,0.0,0.0,0.0,470.0,228.0,30.0
489900.0,5753.56588101387,6911.0,0.0,0.0,0.0,470.0,228.0,30.0
489950.0,5754.15450501442,6912.0,0.0,0.0,0.0,470.0,270.0,70.0
490000.0,5754.735875368118,6913.0,0.0,0.0,0.0,470.0,200.0,60.0
490050.0,5755.320391654968,6913.0,0.0,0.0,0.0,470.0,200.0,60.0
490100.0,5755.900606632233,6913.0,0.0,0.0,0.0,470.0,200.0,60.0
490150.0,5756.482576608658,6913.0,0.0,0.0,0.0,470.0,200.0,60.0
490200.0,5757.077300071716,6913.0,0.0,0.0,0.0,470.0,200.0,60.0
490250.0,5757.6646773815155,6913.0,0.0,0.0,0.0,470.0,200.0,60.0
490300.0,5758.25201010704,6913.0,0.0,0.0,0.0,470.0,200.0,60.0
490350.0,5758.8368310928345,6913.0,0.0,0.0,0.0,470.0,200.0,60.0
490400.0,5759.419418334961,6913.0,0.0,0.0,0.0,470.0,200.0,60.0
490450.0,5760.002458333969,6913.0,0.0,0.0,0.0,470.0,200.0,60.0
490500.0,5760.58096241951,6913.0,0.0,0.0,0.0,470.0,200.0,60.0
490550.0,5761.159764766693,6914.0,0.0,0.0,0.0,560.0,280.0,60.0
490600.0,5761.742697954178,6915.0,0.0,0.0,0.0,560.0,270.0,20.0
490650.0,5762.332243442535,6915.0,0.0,0.0,0.0,560.0,270.0,20.0
490700.0,5762.920689582825,6915.0,0.0,0.0,0.0,560.0,270.0,20.0
490750.0,5763.504797458649,6915.0,0.0,0.0,0.0,560.0,270.0,20.0
490800.0,5764.085096359253,6915.0,0.0,0.0,0.0,560.0,270.0,20.0
490850.0,5764.69210267067,6915.0,0.0,0.0,0.0,560.0,270.0,20.0
490900.0,5765.295099258423,6916.0,2.0,0.4000000059604645,0.0,560.0,242.0,20.0
490950.0,5765.9033370018005,6916.0,2.0,0.4000000059604645,0.0,560.0,242.0,20.0
491000.0,5766.512665271759,6916.0,2.0,0.4000000059604645,0.0,560.0,242.0,20.0
491050.0,5767.143181562424,6917.0,2.0,0.4000000059604645,0.0,560.0,222.2,20.0
491100.0,5767.774999141693,6918.0,2.0,0.4000000059604645,0.0,560.0,223.4,20.0
491150.0,5768.408656597137,6919.0,2.0,0.4000000059604645,0.0,330.0,114.0,13.0
491200.0,5769.0367975234985,6919.0,2.0,0.4000000059604645,0.0,330.0,114.0,13.0
491250.0,5769.667968034744,6919.0,2.0,0.4000000059604645,0.0,330.0,114.0,13.0
491300.0,5770.292047023773,6919.0,2.0,0.4000000059604645,0.0,330.0,114.0,13.0
491350.0,5770.923032045364,6919.0,2.0,0.4000000059604645,0.0,330.0,114.0,13.0
491400.0,5771.563611745834,6919.0,2.0,0.4000000059604645,0.0,330.0,114.0,13.0
491450.0,5772.1880893707275,6919.0,2.0,0.4000000059604645,0.0,330.0,114.0,13.0
491500.0,5772.817398548126,6919.0,2.0,0.4000000059604645,0.0,330.0,114.0,13.0
491550.0,5773.442845582962,6919.0,2.0,0.4000000059604645,0.0,330.0,114.0,13.0
491600.0,5774.081421613693,6920.0,4.0,1.2000000476837158,0.0,455.0,201.0,13.0
491650.0,5774.728275299072,6921.0,4.0,0.800000011920929,0.0,455.0,144.0,13.0
491700.0,5775.4275097846985,6921.0,4.0,0.800000011920929,0.0,455.0,144.0,13.0
491750.0,5776.093521118164,6921.0,4.0,0.800000011920929,0.0,455.0,144.0,13.0
491800.0,5776.719179153442,6922.0,4.0,0.800000011920929,0.0,455.0,151.8,13.0
491850.0,5777.360622406006,6922.0,4.0,0.800000011920929,0.0,455.0,151.8,13.0
491900.0,5777.996460437775,6922.0,4.0,0.800000011920929,0.0,455.0,151.8,13.0
491950.0,5778.632696866989,6923.0,4.0,0.800000011920929,0.0,455.0,164.6,13.0
492000.0,5779.259840488434,6923.0,4.0,0.800000011920929,0.0,455.0,164.6,13.0
492050.0,5779.892951965332,6923.0,4.0,0.800000011920929,0.0,455.0,164.6,13.0
492100.0,5780.5278108119965,6923.0,4.0,0.800000011920929,0.0,455.0,164.6,13.0
492150.0,5781.164948940277,6923.0,4.0,0.800000011920929,0.0,455.0,164.6,13.0
492200.0,5781.810865163803,6923.0,4.0,0.800000011920929,0.0,455.0,164.6,13.0
492250.0,5782.453142404556,6923.0,4.0,0.800000011920929,0.0,455.0,164.6,13.0
492300.0,5783.091593265533,6924.0,4.0,1.0,0.0,455.0,232.0,45.0
492350.0,5783.720367908478,6924.0,4.0,1.0,0.0,455.0,232.0,45.0
492400.0,5784.350684165955,6924.0,4.0,1.0,0.0,455.0,232.0,45.0
492450.0,5784.980743408203,6925.0,1.0,0.20000000298023224,0.0,350.0,174.8,45.0
492500.0,5785.576283693314,6925.0,1.0,0.20000000298023224,0.0,350.0,174.8,45.0
492550.0,5786.143269538879,6925.0,1.0,0.20000000298023224,0.0,350.0,174.8,45.0
492600.0,5786.7244391441345,6925.0,1.0,0.20000000298023224,0.0,350.0,174.8,45.0
492650.0,5787.329956769943,6925.0,1.0,0.20000000298023224,0.0,350.0,174.8,45.0
492700.0,5787.956406354904,6925.0,1.0,0.20000000298023224,0.0,350.0,174.8,45.0
492750.0,5788.575342655182,6925.0,1.0,0.20000000298023224,0.0,350.0,174.8,45.0
492800.0,5789.16809630394,6926.0,1.0,0.4000000059604645,0.0,359.0,237.6,130.0
492850.0,5789.7632648944855,6926.0,1.0,0.4000000059604645,0.0,359.0,237.6,130.0
492900.0,5790.3689086437225,6926.0,1.0,0.4000000059604645,0.0,359.0,237.6,130.0
492950.0,5790.955992221832,6926.0,1.0,0.4000000059604645,0.0,359.0,237.6,130.0
493000.0,5791.559319972992,6926.0,1.0,0.4000000059604645,0.0,359.0,237.6,130.0
493050.0,5792.145114660263,6926.0,1.0,0.4000000059604645,0.0,359.0,237.6,130.0
493100.0,5792.732281446457,6926.0,1.0,0.4000000059604645,0.0,359.0,237.6,130.0
493150.0,5793.323024272919,6926.0,1.0,0.4000000059604645,0.0,359.0,237.6,130.0
493200.0,5793.959405422211,6926.0,1.0,0.4000000059604645,0.0,359.0,237.6,130.0
493250.0,5794.588330984116,6927.0,1.0,0.6000000238418579,0.0,442.0,290.0,130.0
493300.0,5795.213112592697,6928.0,1.0,0.6000000238418579,0.0,442.0,270.2,31.0
493350.0,5795.802612066269,6928.0,1.0,0.6000000238418579,0.0,442.0,270.2,31.0
493400.0,5796.391192436218,6928.0,1.0,0.6000000238418579,0.0,442.0,270.2,31.0
493450.0,5796.97865319252,6928.0,1.0,0.6000000238418579,0.0,442.0,270.2,31.0
493500.0,5797.566512346268,6928.0,1.0,0.6000000238418579,0.0,442.0,270.2,31.0
493550.0,5798.1741235256195,6928.0,1.0,0.6000000238418579,0.0,442.0,270.2,31.0
493600.0,5798.758470773697,6928.0,1.0,0.6000000238418579,0.0,442.0,270.2,31.0
493650.0,5799.348464488983,6928.0,1.0,0.6000000238418579,0.0,442.0,270.2,31.0
493700.0,5799.937497138977,6928.0,1.0,0.6000000238418579,0.0,442.0,270.2,31.0
493750.0,5800.548780679703,6928.0,1.0,0.6000000238418579,0.0,442.0,270.2,31.0
493800.0,5801.143432855606,6928.0,1.0,0.6000000238418579,0.0,442.0,270.2,31.0
493850.0,5801.729776620865,6929.0,2.0,0.800000011920929,0.0,545.0,309.2,31.0
493900.0,5802.3326008319855,6929.0,2.0,0.800000011920929,0.0,545.0,309.2,31.0
493950.0,5802.923672676086,6929.0,2.0,0.800000011920929,0.0,545.0,309.2,31.0
494000.0,5803.544386148453,6929.0,2.0,0.800000011920929,0.0,545.0,309.2,31.0
494050.0,5804.173797130585,6929.0,2.0,0.800000011920929,0.0,545.0,309.2,31.0
494100.0,5804.780745744705,6929.0,2.0,0.800000011920929,0.0,545.0,309.2,31.0
494150.0,5805.360749721527,6929.0,2.0,0.800000011920929,0.0,545.0,309.2,31.0
494200.0,5805.94398856163,6929.0,2.0,0.800000011920929,0.0,545.0,309.2,31.0
494250.0,5806.5396463871,6930.0,2.0,1.0,0.0,545.0,360.2,31.0
494300.0,5807.138583421707,6930.0,2.0,1.0,0.0,545.0,360.2,31.0
494350.0,5807.728636980057,6932.0,2.0,0.6000000238418579,0.0,545.0,219.4,25.0
494400.0,5808.342861413956,6932.0,2.0,0.6000000238418579,0.0,545.0,219.4,25.0
494450.0,5808.985002040863,6932.0,2.0,0.6000000238418579,0.0,545.0,219.4,25.0
494500.0,5809.621087551117,6932.0,2.0,0.6000000238418579,0.0,545.0,219.4,25.0
494550.0,5810.207505464554,6932.0,2.0,0.6000000238418579,0.0,545.0,219.4,25.0
494600.0,5810.7845458984375,6932.0,2.0,0.6000000238418579,0.0,545.0,219.4,25.0
494650.0,5811.371967077255,6932.0,2.0,0.6000000238418579,0.0,545.0,219.4,25.0
494700.0,5811.964556217194,6932.0,2.0,0.6000000238418579,0.0,545.0,219.4,25.0
494750.0,5812.550657749176,6932.0,2.0,0.6000000238418579,0.0,545.0,219.4,25.0
494800.0,5813.156177282333,6932.0,2.0,0.6000000238418579,0.0,545.0,219.4,25.0
494850.0,5813.763206958771,6933.0,2.0,0.6000000238418579,0.0,545.0,309.8,25.0
494900.0,5814.412130117416,6933.0,2.0,0.6000000238418579,0.0,545.0,309.8,25.0
494950.0,5815.05303812027,6933.0,2.0,0.6000000238418579,0.0,545.0,309.8,25.0
495000.0,5815.657381772995,6933.0,2.0,0.6000000238418579,0.0,545.0,309.8,25.0
495050.0,5816.247885227203,6934.0,1.0,0.4000000059604645,0.0,483.0,242.8,25.0
495100.0,5816.837882757187,6934.0,1.0,0.4000000059604645,0.0,483.0,242.8,25.0
495150.0,5817.4345779418945,6934.0,1.0,0.4000000059604645,0.0,483.0,242.8,25.0
495200.0,5818.023903846741,6934.0,1.0,0.4000000059604645,0.0,483.0,242.8,25.0
495250.0,5818.64031291008,6935.0,1.0,0.4000000059604645,0.0,483.0,194.0,25.0
495300.0,5819.284994125366,6935.0,1.0,0.4000000059604645,0.0,483.0,194.0,25.0
495350.0,5819.910542964935,6935.0,1.0,0.4000000059604645,0.0,483.0,194.0,25.0
495400.0,5820.541221857071,6935.0,1.0,0.4000000059604645,0.0,483.0,194.0,25.0
495450.0,5821.140812158585,6935.0,1.0,0.4000000059604645,0.0,483.0,194.0,25.0
495500.0,5821.748342752457,6935.0,1.0,0.4000000059604645,0.0,483.0,194.0,25.0
495550.0,5822.380602121353,6935.0,1.0,0.4000000059604645,0.0,483.0,194.0,25.0
495600.0,5823.004132986069,6935.0,1.0,0.4000000059604645,0.0,483.0,194.0,25.0
495650.0,5823.631753206253,6937.0,1.0,0.6000000238418579,0.0,483.0,262.0,21.0
495700.0,5824.265050649643,6937.0,1.0,0.6000000238418579,0.0,483.0,262.0,21.0
495750.0,5824.889127492905,6938.0,1.0,0.6000000238418579,0.0,416.0,181.2,21.0
495800.0,5825.516473770142,6938.0,1.0,0.6000000238418579,0.0,416.0,181.2,21.0
495850.0,5826.152241945267,6938.0,1.0,0.6000000238418579,0.0,416.0,181.2,21.0
495900.0,5826.788611412048,6938.0,1.0,0.6000000238418579,0.0,416.0,181.2,21.0
495950.0,5827.420729875565,6938.0,1.0,0.6000000238418579,0.0,416.0,181.2,21.0
496000.0,5828.055828094482,6938.0,1.0,0.6000000238418579,0.0,416.0,181.2,21.0
496050.0,5828.675343990326,6938.0,1.0,0.6000000238418579,0.0,416.0,181.2,21.0
496100.0,5829.311561584473,6938.0,1.0,0.6000000238418579,0.0,416.0,181.2,21.0
496150.0,5829.948866844177,6939.0,1.0,0.6000000238418579,0.0,416.0,220.0,21.0
496200.0,5830.568247556686,6940.0,1.0,0.4000000059604645,0.0,416.0,193.0,21.0
496250.0,5831.189987897873,6940.0,1.0,0.4000000059604645,0.0,416.0,193.0,21.0
496300.0,5831.800637245178,6940.0,1.0,0.4000000059604645,0.0,416.0,193.0,21.0
496350.0,5832.38359951973,6941.0,1.0,0.20000000298023224,0.0,404.0,138.8,21.0
496400.0,5832.98942732811,6941.0,1.0,0.20000000298023224,0.0,404.0,138.8,21.0
496450.0,5833.599170684814,6941.0,1.0,0.20000000298023224,0.0,404.0,138.8,21.0
496500.0,5834.231427669525,6941.0,1.0,0.20000000298023224,0.0,404.0,138.8,21.0
496550.0,5834.86103105545,6941.0,1.0,0.20000000298023224,0.0,404.0,138.8,21.0
496600.0,5835.478228330612,6941.0,1.0,0.20000000298023224,0.0,404.0,138.8,21.0
496650.0,5836.094122886658,6941.0,1.0,0.20000000298023224,0.0,404.0,138.8,21.0
496700.0,5836.692196369171,6942.0,1.0,0.20000000298023224,0.0,404.0,204.6,45.0
496750.0,5837.293253421783,6943.0,1.0,0.20000000298023224,0.0,404.0,199.6,45.0
496800.0,5837.903068065643,6944.0,0.0,0.0,0.0,350.0,128.0,45.0
496850.0,5838.498204469681,6944.0,0.0,0.0,0.0,350.0,128.0,45.0
496900.0,5839.104562997818,6944.0,0.0,0.0,0.0,350.0,128.0,45.0
496950.0,5839.74079823494,6944.0,0.0,0.0,0.0,350.0,128.0,45.0
497000.0,5840.38433432579,6944.0,0.0,0.0,0.0,350.0,128.0,45.0
497050.0,5841.003957986832,6944.0,0.0,0.0,0.0,350.0,128.0,45.0
497100.0,5841.579903125763,6945.0,1.0,0.20000000298023224,0.0,350.0,179.8,46.0
497150.0,5842.151771306992,6946.0,1.0,0.20000000298023224,0.0,350.0,164.2,46.0
497200.0,5842.732150316238,6947.0,1.0,0.20000000298023224,0.0,304.0,104.0,46.0
497250.0,5843.323476791382,6947.0,1.0,0.20000000298023224,0.0,304.0,104.0,46.0
497300.0,5843.929321050644,6948.0,1.0,0.20000000298023224,0.0,304.0,112.0,46.0
497350.0,5844.547719240189,6948.0,1.0,0.20000000298023224,0.0,304.0,112.0,46.0
497400.0,5845.136737108231,6949.0,1.0,0.20000000298023224,0.0,304.0,121.6,49.0
497450.0,5845.743701219559,6950.0,0.0,0.0,0.0,94.0,71.6,49.0
497500.0,5846.3117570877075,6951.0,0.0,0.0,0.0,94.0,70.4,49.0
497550.0,5846.878221750259,6952.0,0.0,0.0,0.0,94.0,68.6,40.0
497600.0,5847.461678743362,6952.0,0.0,0.0,0.0,94.0,68.6,40.0
497650.0,5848.040246009827,6953.0,0.0,0.0,0.0,94.0,67.8,40.0
497700.0,5848.612145423889,6953.0,0.0,0.0,0.0,94.0,67.8,40.0
497750.0,5849.195416212082,6954.0,1.0,0.20000000298023224,0.0,99.0,68.8,40.0
497800.0,5849.782598495483,6955.0,1.0,0.20000000298023224,0.0,99.0,68.6,40.0
497850.0,5850.376930713654,6955.0,1.0,0.20000000298023224,0.0,99.0,68.6,40.0
497900.0,5850.990416765213,6955.0,1.0,0.20000000298023224,0.0,99.0,68.6,40.0
497950.0,5851.608935594559,6955.0,1.0,0.20000000298023224,0.0,99.0,68.6,40.0
498000.0,5852.23598074913,6955.0,1.0,0.20000000298023224,0.0,99.0,68.6,40.0
498050.0,5852.860862970352,6956.0,2.0,0.6000000238418579,0.0,265.0,109.4,40.0
498100.0,5853.492809534073,6956.0,2.0,0.6000000238418579,0.0,265.0,109.4,40.0
498150.0,5854.124472856522,6956.0,2.0,0.6000000238418579,0.0,265.0,109.4,40.0
498200.0,5854.740610599518,6956.0,2.0,0.6000000238418579,0.0,265.0,109.4,40.0
498250.0,5855.332261323929,6956.0,2.0,0.6000000238418579,0.0,265.0,109.4,40.0
498300.0,5855.948737859726,6956.0,2.0,0.6000000238418579,0.0,265.0,109.4,40.0
498350.0,5856.572745323181,6957.0,2.0,0.6000000238418579,0.0,281.0,157.6,53.0
498400.0,5857.198112487793,6958.0,2.0,0.6000000238418579,0.0,281.0,152.6,53.0
498450.0,5857.809999465942,6958.0,2.0,0.6000000238418579,0.0,281.0,152.6,53.0
498500.0,5858.424576759338,6958.0,2.0,0.6000000238418579,0.0,281.0,152.6,53.0
498550.0,5859.040637254715,6958.0,2.0,0.6000000238418579,0.0,281.0,152.6,53.0
498600.0,5859.652041912079,6959.0,2.0,0.800000011920929,0.0,281.0,172.8,53.0
498650.0,5860.260046482086,6960.0,2.0,0.800000011920929,0.0,281.0,173.0,54.0
498700.0,5860.850732088089,6960.0,2.0,0.800000011920929,0.0,281.0,173.0,54.0
498750.0,5861.435685157776,6960.0,2.0,0.800000011920929,0.0,281.0,173.0,54.0
498800.0,5862.019530057907,6961.0,2.0,0.4000000059604645,0.0,281.0,150.0,54.0
498850.0,5862.607122659683,6962.0,2.0,0.4000000059604645,0.0,200.0,103.8,50.0
498900.0,5863.187248945236,6963.0,2.0,0.4000000059604645,0.0,200.0,97.8,35.0
498950.0,5863.786586761475,6963.0,2.0,0.4000000059604645,0.0,200.0,97.8,35.0
499000.0,5864.365546703339,6963.0,2.0,0.4000000059604645,0.0,200.0,97.8,35.0
499050.0,5864.948131322861,6963.0,2.0,0.4000000059604645,0.0,200.0,97.8,35.0
499100.0,5865.53205704689,6963.0,2.0,0.4000000059604645,0.0,200.0,97.8,35.0
499150.0,5866.110180854797,6963.0,2.0,0.4000000059604645,0.0,200.0,97.8,35.0
499200.0,5866.692529678345,6964.0,1.0,0.20000000298023224,0.0,295.0,116.8,35.0
499250.0,5867.277099370956,6965.0,1.0,0.20000000298023224,0.0,295.0,121.2,35.0
499300.0,5867.861864805222,6965.0,1.0,0.20000000298023224,0.0,295.0,121.2,35.0
499350.0,5868.439408540726,6966.0,1.0,0.4000000059604645,0.0,295.0,110.8,35.0
499400.0,5869.019726037979,6966.0,1.0,0.4000000059604645,0.0,295.0,110.8,35.0
499450.0,5869.603797197342,6967.0,1.0,0.4000000059604645,0.0,295.0,116.0,35.0
499500.0,5870.196581602097,6967.0,1.0,0.4000000059604645,0.0,295.0,116.0,35.0
499550.0,5870.780646562576,6967.0,1.0,0.4000000059604645,0.0,295.0,116.0,35.0
499600.0,5871.361128091812,6967.0,1.0,0.4000000059604645,0.0,295.0,116.0,35.0
499650.0,5871.9443991184235,6968.0,3.0,1.0,0.0,295.0,149.0,76.0
499700.0,5872.52791762352,6969.0,3.0,0.800000011920929,0.0,200.0,105.2,76.0
499750.0,5873.105330944061,6970.0,3.0,0.800000011920929,0.0,200.0,94.4,22.0
499800.0,5873.687155723572,6970.0,3.0,0.800000011920929,0.0,200.0,94.4,22.0
499850.0,5874.264534711838,6971.0,3.0,0.6000000238418579,0.0,200.0,100.4,22.0
499900.0,5874.834031820297,6971.0,3.0,0.6000000238418579,0.0,200.0,100.4,22.0
499950.0,5875.415594816208,6972.0,3.0,0.800000011920929,0.0,200.0,100.2,22.0
500000.0,5875.994612693787,6972.0,3.0,0.800000011920929,0.0,200.0,100.2,22.0
500050.0,5876.581510305405,6972.0,3.0,0.800000011920929,0.0,200.0,100.2,22.0
500100.0,5877.163347244263,6972.0,3.0,0.800000011920929,0.0,200.0,100.2,22.0
500150.0,5877.746764659882,6972.0,3.0,0.800000011920929,0.0,200.0,100.2,22.0
500200.0,5878.330012798309,6973.0,1.0,0.4000000059604645,0.0,252.0,110.6,22.0
500250.0,5878.9095668792725,6974.0,1.0,0.4000000059604645,0.0,252.0,105.4,22.0
500300.0,5879.492399930954,6974.0,1.0,0.4000000059604645,0.0,252.0,105.4,22.0
500350.0,5880.071502447128,6975.0,1.0,0.4000000059604645,0.0,252.0,118.4,50.0
500400.0,5880.6378293037415,6975.0,1.0,0.4000000059604645,0.0,252.0,118.4,50.0
500450.0,5881.206837892532,6975.0,1.0,0.4000000059604645,0.0,252.0,118.4,50.0
500500.0,5881.780036211014,6975.0,1.0,0.4000000059604645,0.0,252.0,118.4,50.0
500550.0,5882.355087280273,6976.0,1.0,0.4000000059604645,0.0,252.0,136.8,50.0
500600.0,5882.947965621948,6977.0,1.0,0.4000000059604645,0.0,252.0,134.8,50.0
500650.0,5883.535895824432,6977.0,1.0,0.4000000059604645,0.0,252.0,134.8,50.0
500700.0,5884.115809202194,6977.0,1.0,0.4000000059604645,0.0,252.0,134.8,50.0
500750.0,5884.70383644104,6977.0,1.0,0.4000000059604645,0.0,252.0,134.8,50.0
500800.0,5885.34351849556,6977.0,1.0,0.4000000059604645,0.0,252.0,134.8,50.0
500850.0,5885.98365521431,6978.0,1.0,0.4000000059604645,0.0,232.0,130.8,50.0
500900.0,5886.564256429672,6978.0,1.0,0.4000000059604645,0.0,232.0,130.8,50.0
500950.0,5887.1417191028595,6979.0,1.0,0.4000000059604645,0.0,232.0,143.4,65.0
501000.0,5887.721343755722,6979.0,1.0,0.4000000059604645,0.0,232.0,143.4,65.0
501050.0,5888.299602508545,6979.0,1.0,0.4000000059604645,0.0,232.0,143.4,65.0
501100.0,5888.877676725388,6979.0,1.0,0.4000000059604645,0.0,232.0,143.4,65.0
501150.0,5889.457121133804,6979.0,1.0,0.4000000059604645,0.0,232.0,143.4,65.0
501200.0,5890.048523187637,6979.0,1.0,0.4000000059604645,0.0,232.0,143.4,65.0
501250.0,5890.677260637283,6979.0,1.0,0.4000000059604645,0.0,232.0,143.4,65.0
501300.0,5891.261400938034,6979.0,1.0,0.4000000059604645,0.0,232.0,143.4,65.0
501350.0,5891.835340499878,6980.0,5.0,1.399999976158142,0.0,388.0,203.6,65.0
501400.0,5892.396506786346,6980.0,5.0,1.399999976158142,0.0,388.0,203.6,65.0
501450.0,5892.97075009346,6981.0,5.0,1.600000023841858,0.0,388.0,180.0,65.0
501500.0,5893.556453704834,6981.0,5.0,1.600000023841858,0.0,388.0,180.0,65.0
501550.0,5894.134887456894,6982.0,5.0,1.399999976158142,0.0,388.0,185.4,92.0
501600.0,5894.72345995903,6983.0,5.0,1.2000000476837158,0.0,388.0,151.0,60.0
501650.0,5895.340715646744,6983.0,5.0,1.2000000476837158,0.0,388.0,151.0,60.0
501700.0,5895.980213403702,6984.0,5.0,1.399999976158142,0.0,388.0,144.8,60.0
501750.0,5896.597145557404,6984.0,5.0,1.399999976158142,0.0,388.0,144.8,60.0
501800.0,5897.20001912117,6985.0,1.0,0.4000000059604645,0.0,102.0,86.4,60.0
501850.0,5897.787838459015,6985.0,1.0,0.4000000059604645,0.0,102.0,86.4,60.0
501900.0,5898.372071027756,6985.0,1.0,0.4000000059604645,0.0,102.0,86.4,60.0
501950.0,5898.966535329819,6985.0,1.0,0.4000000059604645,0.0,102.0,86.4,60.0
502000.0,5899.564926862717,6985.0,1.0,0.4000000059604645,0.0,102.0,86.4,60.0
502050.0,5900.208009004593,6986.0,1.0,0.20000000298023224,0.0,281.0,122.2,60.0
502100.0,5900.847857475281,6986.0,1.0,0.20000000298023224,0.0,281.0,122.2,60.0
502150.0,5901.4749591350555,6987.0,1.0,0.20000000298023224,0.0,281.0,124.6,60.0
502200.0,5902.056163311005,6987.0,1.0,0.20000000298023224,0.0,281.0,124.6,60.0
502250.0,5902.628969907761,6987.0,1.0,0.20000000298023224,0.0,281.0,124.6,60.0
502300.0,5903.198570728302,6987.0,1.0,0.20000000298023224,0.0,281.0,124.6,60.0
502350.0,5903.778081655502,6987.0,1.0,0.20000000298023224,0.0,281.0,124.6,60.0
502400.0,5904.383631467819,6987.0,1.0,0.20000000298023224,0.0,281.0,124.6,60.0
502450.0,5905.009213924408,6987.0,1.0,0.20000000298023224,0.0,281.0,124.6,60.0
502500.0,5905.601892948151,6988.0,1.0,0.4000000059604645,0.0,348.0,182.2,82.0
502550.0,5906.198178291321,6989.0,1.0,0.20000000298023224,0.0,348.0,171.2,27.0
502600.0,5906.783816814423,6989.0,1.0,0.20000000298023224,0.0,348.0,171.2,27.0
502650.0,5907.375723838806,6989.0,1.0,0.20000000298023224,0.0,348.0,171.2,27.0
502700.0,5907.959834575653,6989.0,1.0,0.20000000298023224,0.0,348.0,171.2,27.0
502750.0,5908.551321983337,6989.0,1.0,0.20000000298023224,0.0,348.0,171.2,27.0
502800.0,5909.167328119278,6989.0,1.0,0.20000000298023224,0.0,348.0,171.2,27.0
502850.0,5909.782187223434,6989.0,1.0,0.20000000298023224,0.0,348.0,171.2,27.0
502900.0,5910.3772258758545,6989.0,1.0,0.20000000298023224,0.0,348.0,171.2,27.0
502950.0,5910.98445224762,6989.0,1.0,0.20000000298023224,0.0,348.0,171.2,27.0
503000.0,5911.584308385849,6990.0,1.0,0.20000000298023224,0.0,440.0,240.0,27.0
503050.0,5912.184665679932,6990.0,1.0,0.20000000298023224,0.0,440.0,240.0,27.0
503100.0,5912.774203300476,6990.0,1.0,0.20000000298023224,0.0,440.0,240.0,27.0
503150.0,5913.371018409729,6990.0,1.0,0.20000000298023224,0.0,440.0,240.0,27.0
503200.0,5913.985457897186,6990.0,1.0,0.20000000298023224,0.0,440.0,240.0,27.0
503250.0,5914.608384847641,6990.0,1.0,0.20000000298023224,0.0,440.0,240.0,27.0
503300.0,5915.207845211029,6990.0,1.0,0.20000000298023224,0.0,440.0,240.0,27.0
503350.0,5915.811299324036,6990.0,1.0,0.20000000298023224,0.0,440.0,240.0,27.0
503400.0,5916.387912511826,6990.0,1.0,0.20000000298023224,0.0,440.0,240.0,27.0
503450.0,5916.996536970139,6990.0,1.0,0.20000000298023224,0.0,440.0,240.0,27.0
503500.0,5917.581814050674,6990.0,1.0,0.20000000298023224,0.0,440.0,240.0,27.0
503550.0,5918.168040752411,6990.0,1.0,0.20000000298023224,0.0,440.0,240.0,27.0
503600.0,5918.751762151718,6990.0,1.0,0.20000000298023224,0.0,440.0,240.0,27.0
503650.0,5919.354809761047,6990.0,1.0,0.20000000298023224,0.0,440.0,240.0,27.0
503700.0,5919.939956665039,6990.0,1.0,0.20000000298023224,0.0,440.0,240.0,27.0
503750.0,5920.517401456833,6990.0,1.0,0.20000000298023224,0.0,440.0,240.0,27.0
503800.0,5921.099892377853,6990.0,1.0,0.20000000298023224,0.0,440.0,240.0,27.0
503850.0,5921.685817480087,6990.0,1.0,0.20000000298023224,0.0,440.0,240.0,27.0
503900.0,5922.267175197601,6990.0,1.0,0.20000000298023224,0.0,440.0,240.0,27.0
503950.0,5922.8489818573,6990.0,1.0,0.20000000298023224,0.0,440.0,240.0,27.0
504000.0,5923.428311109543,6990.0,1.0,0.20000000298023224,0.0,440.0,240.0,27.0
504050.0,5923.9990911483765,6990.0,1.0,0.20000000298023224,0.0,440.0,240.0,27.0
504100.0,5924.575429201126,6990.0,1.0,0.20000000298023224,0.0,440.0,240.0,27.0
504150.0,5925.153443813324,6990.0,1.0,0.20000000298023224,0.0,440.0,240.0,27.0
504200.0,5925.735488653183,6991.0,2.0,0.6000000238418579,0.0,1200.0,423.8,27.0
504250.0,5926.315529346466,6991.0,2.0,0.6000000238418579,0.0,1200.0,423.8,27.0
504300.0,5926.893330812454,6992.0,2.0,0.6000000238418579,0.0,1200.0,423.0,27.0
504350.0,5927.475506067276,6993.0,2.0,0.4000000059604645,0.0,1200.0,369.4,27.0
504400.0,5928.056411266327,6993.0,2.0,0.4000000059604645,0.0,1200.0,369.4,27.0
504450.0,5928.646005630493,6993.0,2.0,0.4000000059604645,0.0,1200.0,369.4,27.0
504500.0,5929.2247977256775,6994.0,2.0,0.4000000059604645,0.0,1200.0,392.0,80.0
504550.0,5929.805025815964,6994.0,2.0,0.4000000059604645,0.0,1200.0,392.0,80.0
504600.0,5930.384346008301,6994.0,2.0,0.4000000059604645,0.0,1200.0,392.0,80.0
504650.0,5930.960685491562,6994.0,2.0,0.4000000059604645,0.0,1200.0,392.0,80.0
504700.0,5931.548368930817,6994.0,2.0,0.4000000059604645,0.0,1200.0,392.0,80.0
504750.0,5932.127382040024,6994.0,2.0,0.4000000059604645,0.0,1200.0,392.0,80.0
504800.0,5932.7094984054565,6994.0,2.0,0.4000000059604645,0.0,1200.0,392.0,80.0
504850.0,5933.29061126709,6994.0,2.0,0.4000000059604645,0.0,1200.0,392.0,80.0
504900.0,5933.871330976486,6994.0,2.0,0.4000000059604645,0.0,1200.0,392.0,80.0
504950.0,5934.449760437012,6995.0,3.0,1.0,0.0,1200.0,394.0,80.0
505000.0,5935.025632619858,6996.0,3.0,0.6000000238418579,0.0,450.0,162.0,40.0
505050.0,5935.6049683094025,6996.0,3.0,0.6000000238418579,0.0,450.0,162.0,40.0
505100.0,5936.183997392654,6996.0,3.0,0.6000000238418579,0.0,450.0,162.0,40.0
505150.0,5936.761337995529,6997.0,3.0,0.6000000238418579,0.0,450.0,176.0,40.0
505200.0,5937.3400321006775,6997.0,3.0,0.6000000238418579,0.0,450.0,176.0,40.0
505250.0,5937.923436880112,6997.0,3.0,0.6000000238418579,0.0,450.0,176.0,40.0
505300.0,5938.50416469574,6998.0,3.0,0.6000000238418579,0.0,450.0,190.0,40.0
505350.0,5939.094501256943,6998.0,3.0,0.6000000238418579,0.0,450.0,190.0,40.0
505400.0,5939.675835132599,6998.0,3.0,0.6000000238418579,0.0,450.0,190.0,40.0
505450.0,5940.256619215012,6998.0,3.0,0.6000000238418579,0.0,450.0,190.0,40.0
505500.0,5940.8610162734985,6998.0,3.0,0.6000000238418579,0.0,450.0,190.0,40.0
505550.0,5941.503343343735,6998.0,3.0,0.6000000238418579,0.0,450.0,190.0,40.0
505600.0,5942.123764514923,6998.0,3.0,0.6000000238418579,0.0,450.0,190.0,40.0
505650.0,5942.705213308334,6998.0,3.0,0.6000000238418579,0.0,450.0,190.0,40.0
505700.0,5943.2884068489075,6999.0,3.0,0.6000000238418579,0.0,450.0,238.0,40.0
505750.0,5943.872092485428,6999.0,3.0,0.6000000238418579,0.0,450.0,238.0,40.0
505800.0,5944.462556600571,6999.0,3.0,0.6000000238418579,0.0,450.0,238.0,40.0
505850.0,5945.056947231293,6999.0,3.0,0.6000000238418579,0.0,450.0,238.0,40.0
505900.0,5945.671219825745,6999.0,3.0,0.6000000238418579,0.0,450.0,238.0,40.0
505950.0,5946.284845352173,6999.0,3.0,0.6000000238418579,0.0,450.0,238.0,40.0
506000.0,5946.908408164978,7000.0,1.0,0.20000000298023224,0.0,380.0,208.0,40.0
506050.0,5947.50234913826,7000.0,1.0,0.20000000298023224,0.0,380.0,208.0,40.0
506100.0,5948.08676815033,7000.0,1.0,0.20000000298023224,0.0,380.0,208.0,40.0
506150.0,5948.668167829514,7001.0,1.0,0.20000000298023224,0.0,380.0,232.4,150.0
506200.0,5949.261684179306,7001.0,1.0,0.20000000298023224,0.0,380.0,232.4,150.0
506250.0,5949.889374256134,7002.0,1.0,0.20000000298023224,0.0,380.0,220.0,108.0
506300.0,5950.48742890358,7002.0,1.0,0.20000000298023224,0.0,380.0,220.0,108.0
506350.0,5951.08363699913,7002.0,1.0,0.20000000298023224,0.0,380.0,220.0,108.0
506400.0,5951.7194917202,7002.0,1.0,0.20000000298023224,0.0,380.0,220.0,108.0
506450.0,5952.3531930446625,7002.0,1.0,0.20000000298023224,0.0,380.0,220.0,108.0
506500.0,5952.990961313248,7002.0,1.0,0.20000000298023224,0.0,380.0,220.0,108.0
506550.0,5953.6322412490845,7002.0,1.0,0.20000000298023224,0.0,380.0,220.0,108.0
506600.0,5954.279170036316,7003.0,2.0,0.6000000238418579,0.0,380.0,260.0,108.0
506650.0,5954.92232298851,7003.0,2.0,0.6000000238418579,0.0,380.0,260.0,108.0
506700.0,5955.5606479644775,7003.0,2.0,0.6000000238418579,0.0,380.0,260.0,108.0
506750.0,5956.204337120056,7003.0,2.0,0.6000000238418579,0.0,380.0,260.0,108.0
506800.0,5956.844119548798,7004.0,2.0,0.6000000238418579,0.0,350.0,222.0,108.0
506850.0,5957.4681940078735,7004.0,2.0,0.6000000238418579,0.0,350.0,222.0,108.0
506900.0,5958.084253072739,7005.0,2.0,0.4000000059604645,0.0,350.0,184.0,108.0
506950.0,5958.659992456436,7006.0,2.0,0.4000000059604645,0.0,350.0,157.6,30.0
507000.0,5959.256466388702,7006.0,2.0,0.4000000059604645,0.0,350.0,157.6,30.0
507050.0,5959.880809783936,7006.0,2.0,0.4000000059604645,0.0,350.0,157.6,30.0
507100.0,5960.465755224228,7008.0,0.0,0.0,0.0,190.0,98.2,21.0
507150.0,5961.08399438858,7009.0,0.0,0.0,0.0,140.0,72.0,21.0
507200.0,5961.663894414902,7009.0,0.0,0.0,0.0,140.0,72.0,21.0
507250.0,5962.292121887207,7009.0,0.0,0.0,0.0,140.0,72.0,21.0
507300.0,5962.924700260162,7009.0,0.0,0.0,0.0,140.0,72.0,21.0
507350.0,5963.627494096756,7010.0,0.0,0.0,0.0,180.0,86.0,21.0
507400.0,5964.264127969742,7011.0,0.0,0.0,0.0,180.0,92.0,21.0
507450.0,5964.888718366623,7011.0,0.0,0.0,0.0,180.0,92.0,21.0
507500.0,5965.50800204277,7011.0,0.0,0.0,0.0,180.0,92.0,21.0
507550.0,5966.152971029282,7012.0,0.0,0.0,0.0,180.0,93.4,21.0
507600.0,5966.8007600307465,7013.0,0.0,0.0,0.0,180.0,101.8,59.0
507650.0,5967.468513011932,7013.0,0.0,0.0,0.0,180.0,101.8,59.0
507700.0,5968.076850652695,7013.0,0.0,0.0,0.0,180.0,101.8,59.0
507750.0,5968.662133932114,7013.0,0.0,0.0,0.0,180.0,101.8,59.0
507800.0,5969.248373508453,7014.0,0.0,0.0,0.0,199.0,129.8,60.0
507850.0,5969.841152667999,7014.0,0.0,0.0,0.0,199.0,129.8,60.0
507900.0,5970.420081615448,7014.0,0.0,0.0,0.0,199.0,129.8,60.0
507950.0,5971.01008105278,7015.0,0.0,0.0,0.0,199.0,122.2,60.0
508000.0,5971.611457109451,7015.0,0.0,0.0,0.0,199.0,122.2,60.0
508050.0,5972.213760375977,7016.0,1.0,0.20000000298023224,0.0,199.0,130.8,63.0
508100.0,5972.820914983749,7016.0,1.0,0.20000000298023224,0.0,199.0,130.8,63.0
508150.0,5973.436373233795,7016.0,1.0,0.20000000298023224,0.0,199.0,130.8,63.0
508200.0,5974.0487859249115,7016.0,1.0,0.20000000298023224,0.0,199.0,130.8,63.0
508250.0,5974.652433872223,7018.0,1.0,0.20000000298023224,0.0,199.0,130.8,22.0
508300.0,5975.261523008347,7018.0,1.0,0.20000000298023224,0.0,199.0,130.8,22.0
508350.0,5975.877724885941,7018.0,1.0,0.20000000298023224,0.0,199.0,130.8,22.0
508400.0,5976.490782499313,7019.0,1.0,0.20000000298023224,0.0,188.0,121.0,22.0
508450.0,5977.1162939071655,7019.0,1.0,0.20000000298023224,0.0,188.0,121.0,22.0
508500.0,5977.726693153381,7019.0,1.0,0.20000000298023224,0.0,188.0,121.0,22.0
508550.0,5978.3380217552185,7020.0,1.0,0.20000000298023224,0.0,188.0,120.8,22.0
508600.0,5978.952902317047,7020.0,1.0,0.20000000298023224,0.0,188.0,120.8,22.0
508650.0,5979.55938577652,7022.0,1.0,0.20000000298023224,0.0,150.0,82.6,21.0
508700.0,5980.174187660217,7022.0,1.0,0.20000000298023224,0.0,150.0,82.6,21.0
508750.0,5980.772663831711,7022.0,1.0,0.20000000298023224,0.0,150.0,82.6,21.0
508800.0,5981.3808081150055,7022.0,1.0,0.20000000298023224,0.0,150.0,82.6,21.0
508850.0,5981.979805469513,7022.0,1.0,0.20000000298023224,0.0,150.0,82.6,21.0
508900.0,5982.585443973541,7022.0,1.0,0.20000000298023224,0.0,150.0,82.6,21.0
508950.0,5983.180295705795,7022.0,1.0,0.20000000298023224,0.0,150.0,82.6,21.0
509000.0,5983.753902196884,7022.0,1.0,0.20000000298023224,0.0,150.0,82.6,21.0
509050.0,5984.328033924103,7023.0,1.0,0.4000000059604645,0.0,405.0,159.2,21.0
509100.0,5984.932765483856,7023.0,1.0,0.4000000059604645,0.0,405.0,159.2,21.0
509150.0,5985.539378166199,7023.0,1.0,0.4000000059604645,0.0,405.0,159.2,21.0
509200.0,5986.135251283646,7023.0,1.0,0.4000000059604645,0.0,405.0,159.2,21.0
509250.0,5986.731099128723,7023.0,1.0,0.4000000059604645,0.0,405.0,159.2,21.0
509300.0,5987.333026409149,7023.0,1.0,0.4000000059604645,0.0,405.0,159.2,21.0
509350.0,5987.942731142044,7023.0,1.0,0.4000000059604645,0.0,405.0,159.2,21.0
509400.0,5988.560268640518,7023.0,1.0,0.4000000059604645,0.0,405.0,159.2,21.0
509450.0,5989.1954073905945,7023.0,1.0,0.4000000059604645,0.0,405.0,159.2,21.0
509500.0,5989.820604562759,7023.0,1.0,0.4000000059604645,0.0,405.0,159.2,21.0
509550.0,5990.437529087067,7024.0,1.0,0.6000000238418579,0.0,506.0,230.4,21.0
509600.0,5991.049382686615,7025.0,1.0,0.6000000238418579,0.0,506.0,205.2,15.0
509650.0,5991.669221162796,7025.0,1.0,0.6000000238418579,0.0,506.0,205.2,15.0
509700.0,5992.291075468063,7025.0,1.0,0.6000000238418579,0.0,506.0,205.2,15.0
509750.0,5992.908508777618,7025.0,1.0,0.6000000238418579,0.0,506.0,205.2,15.0
509800.0,5993.538728237152,7026.0,1.0,0.4000000059604645,0.0,506.0,235.0,15.0
509850.0,5994.180862188339,7026.0,1.0,0.4000000059604645,0.0,506.0,235.0,15.0
509900.0,5994.832146644592,7027.0,1.0,0.4000000059604645,0.0,506.0,245.6,15.0
509950.0,5995.456023693085,7027.0,1.0,0.4000000059604645,0.0,506.0,245.6,15.0
510000.0,5996.059155464172,7027.0,1.0,0.4000000059604645,0.0,506.0,245.6,15.0
510050.0,5996.664865255356,7028.0,1.0,0.20000000298023224,0.0,506.0,195.2,15.0
510100.0,5997.274655342102,7029.0,2.0,0.4000000059604645,0.0,228.0,104.0,15.0
510150.0,5997.883423089981,7030.0,2.0,0.6000000238418579,0.0,228.0,115.0,50.0
510200.0,5998.479565858841,7031.0,2.0,0.6000000238418579,0.0,153.0,79.4,50.0
510250.0,5999.073999643326,7032.0,2.0,0.800000011920929,0.0,153.0,74.6,50.0
510300.0,5999.666560649872,7033.0,2.0,0.800000011920929,0.0,70.0,50.0,30.0
510350.0,6000.260176897049,7034.0,2.0,0.800000011920929,0.0,70.0,54.0,30.0
510400.0,6000.854905605316,7035.0,2.0,0.800000011920929,0.0,70.0,50.0,30.0
510450.0,6001.451541900635,7036.0,2.0,1.0,0.0,70.0,50.0,30.0
510500.0,6002.04402923584,7036.0,2.0,1.0,0.0,70.0,50.0,30.0
510550.0,6002.6377964019775,7037.0,8.0,2.4000000953674316,0.0,80.0,56.0,30.0
510600.0,6003.228854417801,7037.0,8.0,2.4000000953674316,0.0,80.0,56.0,30.0
510650.0,6003.815849304199,7038.0,13.0,5.0,1.0,129.0,75.8,50.0
510700.0,6004.390158414841,7039.0,13.0,5.400000095367432,1.0,129.0,71.8,50.0
510750.0,6004.977422237396,7040.0,13.0,5.800000190734863,1.0,129.0,70.2,42.0
510800.0,6005.5829067230225,7041.0,13.0,6.199999809265137,3.0,129.0,70.0,42.0
510850.0,6006.172511100769,7042.0,13.0,5.599999904632568,3.0,129.0,65.8,42.0
510900.0,6006.784746646881,7043.0,5.0,4.0,3.0,59.0,48.6,42.0
510950.0,6007.387563943863,7043.0,5.0,4.0,3.0,59.0,48.6,42.0
511000.0,6007.996923446655,7043.0,5.0,4.0,3.0,59.0,48.6,42.0
511050.0,6008.595780849457,7044.0,13.0,5.800000190734863,3.0,149.0,68.4,42.0
511100.0,6009.206420660019,7045.0,13.0,6.400000095367432,3.0,149.0,71.8,43.0
511150.0,6009.807941675186,7046.0,13.0,7.0,5.0,149.0,72.0,43.0
511200.0,6010.401607513428,7046.0,13.0,7.0,5.0,149.0,72.0,43.0
511250.0,6011.004896879196,7046.0,13.0,7.0,5.0,149.0,72.0,43.0
511300.0,6011.641135931015,7046.0,13.0,7.0,5.0,149.0,72.0,43.0
511350.0,6012.249120950699,7046.0,13.0,7.0,5.0,149.0,72.0,43.0
511400.0,6012.835775375366,7047.0,32.0,12.399999618530273,5.0,230.0,106.2,43.0
511450.0,6013.457638978958,7047.0,32.0,12.399999618530273,5.0,230.0,106.2,43.0
511500.0,6014.063721656799,7048.0,32.0,14.399999618530273,6.0,230.0,115.8,50.0
511550.0,6014.675913572311,7048.0,32.0,14.399999618530273,6.0,230.0,115.8,50.0
511600.0,6015.266599655151,7048.0,32.0,14.399999618530273,6.0,230.0,115.8,50.0
511650.0,6015.850124597549,7048.0,32.0,14.399999618530273,6.0,230.0,115.8,50.0
511700.0,6016.435890674591,7049.0,33.0,18.399999618530273,6.0,230.0,129.8,50.0
511750.0,6017.022749900818,7051.0,33.0,17.600000381469727,3.0,230.0,117.8,18.0
511800.0,6017.6046640872955,7052.0,33.0,13.0,3.0,219.0,82.0,18.0
511850.0,6018.192215204239,7052.0,33.0,13.0,3.0,219.0,82.0,18.0
511900.0,6018.778335094452,7052.0,33.0,13.0,3.0,219.0,82.0,18.0
511950.0,6019.370987892151,7052.0,33.0,13.0,3.0,219.0,82.0,18.0
512000.0,6019.955337047577,7052.0,33.0,13.0,3.0,219.0,82.0,18.0
512050.0,6020.541273832321,7052.0,33.0,13.0,3.0,219.0,82.0,18.0
512100.0,6021.123337030411,7052.0,33.0,13.0,3.0,219.0,82.0,18.0
512150.0,6021.700361967087,7052.0,33.0,13.0,3.0,219.0,82.0,18.0
512200.0,6022.277376413345,7052.0,33.0,13.0,3.0,219.0,82.0,18.0
512250.0,6022.86861205101,7052.0,33.0,13.0,3.0,219.0,82.0,18.0
512300.0,6023.466559886932,7052.0,33.0,13.0,3.0,219.0,82.0,18.0
512350.0,6024.044841766357,7052.0,33.0,13.0,3.0,219.0,82.0,18.0
512400.0,6024.620730876923,7052.0,33.0,13.0,3.0,219.0,82.0,18.0
512450.0,6025.234567165375,7052.0,33.0,13.0,3.0,219.0,82.0,18.0
512500.0,6025.832089662552,7052.0,33.0,13.0,3.0,219.0,82.0,18.0
512550.0,6026.422461032867,7052.0,33.0,13.0,3.0,219.0,82.0,18.0
512600.0,6027.035781383514,7052.0,33.0,13.0,3.0,219.0,82.0,18.0
512650.0,6027.632159233093,7052.0,33.0,13.0,3.0,219.0,82.0,18.0
512700.0,6028.233809709549,7052.0,33.0,13.0,3.0,219.0,82.0,18.0
512750.0,6028.843947172165,7052.0,33.0,13.0,3.0,219.0,82.0,18.0
512800.0,6029.557228565216,7052.0,33.0,13.0,3.0,219.0,82.0,18.0
512850.0,6030.348505973816,7053.0,171.0,44.20000076293945,3.0,1050.0,273.8,18.0
512900.0,6031.142790317535,7055.0,171.0,38.400001525878906,3.0,1050.0,235.4,18.0
512950.0,6031.934309959412,7057.0,171.0,37.599998474121094,3.0,1050.0,232.0,23.0
513000.0,6032.735263109207,7058.0,6.0,4.599999904632568,3.0,40.0,30.0,23.0
513050.0,6033.533443212509,7059.0,10.0,5.599999904632568,3.0,62.0,36.2,23.0
513100.0,6034.320016860962,7059.0,10.0,5.599999904632568,3.0,62.0,36.2,23.0
513150.0,6035.109873533249,7059.0,10.0,5.599999904632568,3.0,62.0,36.2,23.0
513200.0,6035.893980979919,7059.0,10.0,5.599999904632568,3.0,62.0,36.2,23.0
513250.0,6036.661861896515,7060.0,32.0,11.199999809265137,3.0,197.0,70.2,23.0
513300.0,6037.437277555466,7061.0,32.0,12.0,5.0,197.0,73.8,29.0
513350.0,6038.207138299942,7061.0,32.0,12.0,5.0,197.0,73.8,29.0
513400.0,6038.9832355976105,7062.0,32.0,14.199999809265137,6.0,197.0,88.0,40.0
513450.0,6039.857526540756,7063.0,32.0,15.199999809265137,7.0,197.0,92.4,41.0
513500.0,6040.657961130142,7064.0,32.0,14.800000190734863,7.0,197.0,89.4,41.0
513550.0,6041.466106891632,7064.0,32.0,14.800000190734863,7.0,197.0,89.4,41.0
513600.0,6042.27025437355,7065.0,16.0,11.600000381469727,7.0,101.0,70.2,41.0
513650.0,6043.07208275795,7066.0,16.0,11.800000190734863,8.0,101.0,72.4,47.0
513700.0,6043.874580144882,7066.0,16.0,11.800000190734863,8.0,101.0,72.4,47.0
513750.0,6044.767637491226,7066.0,16.0,11.800000190734863,8.0,101.0,72.4,47.0
513800.0,6045.568097829819,7066.0,16.0,11.800000190734863,8.0,101.0,72.4,47.0
513850.0,6046.37068605423,7066.0,16.0,11.800000190734863,8.0,101.0,72.4,47.0
513900.0,6047.183266401291,7067.0,37.0,16.0,8.0,228.0,98.0,47.0
513950.0,6047.995806455612,7067.0,37.0,16.0,8.0,228.0,98.0,47.0
514000.0,6048.797190904617,7067.0,37.0,16.0,8.0,228.0,98.0,47.0
514050.0,6049.603422880173,7067.0,37.0,16.0,8.0,228.0,98.0,47.0
514100.0,6050.411493301392,7067.0,37.0,16.0,8.0,228.0,98.0,47.0
514150.0,6051.207747936249,7067.0,37.0,16.0,8.0,228.0,98.0,47.0
514200.0,6052.006792783737,7067.0,37.0,16.0,8.0,228.0,98.0,47.0
514250.0,6052.811972618103,7068.0,61.0,26.0,8.0,369.0,159.4,47.0
514300.0,6053.618824005127,7068.0,61.0,26.0,8.0,369.0,159.4,47.0
514350.0,6054.428697347641,7068.0,61.0,26.0,8.0,369.0,159.4,47.0
514400.0,6055.246437549591,7068.0,61.0,26.0,8.0,369.0,159.4,47.0
514450.0,6056.072915792465,7068.0,61.0,26.0,8.0,369.0,159.4,47.0
514500.0,6056.871577739716,7068.0,61.0,26.0,8.0,369.0,159.4,47.0
514550.0,6057.683353900909,7069.0,61.0,35.0,8.0,369.0,210.2,52.0
514600.0,6058.4910364151,7069.0,61.0,35.0,8.0,369.0,210.2,52.0
514650.0,6059.2973091602325,7069.0,61.0,35.0,8.0,369.0,210.2,52.0
514700.0,6060.103910684586,7069.0,61.0,35.0,8.0,369.0,210.2,52.0
514750.0,6060.914847373962,7069.0,61.0,35.0,8.0,369.0,210.2,52.0
514800.0,6061.715354204178,7070.0,61.0,40.400001525878906,8.0,369.0,238.0,52.0
514850.0,6062.526675224304,7070.0,61.0,40.400001525878906,8.0,369.0,238.0,52.0
514900.0,6063.330211400986,7070.0,61.0,40.400001525878906,8.0,369.0,238.0,52.0
514950.0,6064.140580415726,7071.0,61.0,43.400001525878906,23.0,369.0,253.8,131.0
515000.0,6064.945179462433,7072.0,61.0,38.79999923706055,14.0,369.0,223.8,78.0
515050.0,6065.745809316635,7072.0,61.0,38.79999923706055,14.0,369.0,223.8,78.0
515100.0,6066.554537534714,7072.0,61.0,38.79999923706055,14.0,369.0,223.8,78.0
515150.0,6067.363278865814,7072.0,61.0,38.79999923706055,14.0,369.0,223.8,78.0
515200.0,6068.173602104187,7072.0,61.0,38.79999923706055,14.0,369.0,223.8,78.0
515250.0,6068.983921289444,7072.0,61.0,38.79999923706055,14.0,369.0,223.8,78.0
515300.0,6069.793909788132,7072.0,61.0,38.79999923706055,14.0,369.0,223.8,78.0
515350.0,6070.66570186615,7072.0,61.0,38.79999923706055,14.0,369.0,223.8,78.0
515400.0,6071.46608376503,7072.0,61.0,38.79999923706055,14.0,369.0,223.8,78.0
515450.0,6072.270978927612,7072.0,61.0,38.79999923706055,14.0,369.0,223.8,78.0
515500.0,6073.087436914444,7072.0,61.0,38.79999923706055,14.0,369.0,223.8,78.0
515550.0,6073.882282972336,7072.0,61.0,38.79999923706055,14.0,369.0,223.8,78.0
515600.0,6074.683555841446,7073.0,97.0,46.0,14.0,572.0,264.4,78.0
515650.0,6075.4889595508575,7073.0,97.0,46.0,14.0,572.0,264.4,78.0
515700.0,6076.291130542755,7073.0,97.0,46.0,14.0,572.0,264.4,78.0
515750.0,6077.075480699539,7073.0,97.0,46.0,14.0,572.0,264.4,78.0
515800.0,6077.8702573776245,7073.0,97.0,46.0,14.0,572.0,264.4,78.0
515850.0,6078.66329741478,7073.0,97.0,46.0,14.0,572.0,264.4,78.0
515900.0,6079.4520473480225,7073.0,97.0,46.0,14.0,572.0,264.4,78.0
515950.0,6080.279955148697,7073.0,97.0,46.0,14.0,572.0,264.4,78.0
516000.0,6081.084320783615,7073.0,97.0,46.0,14.0,572.0,264.4,78.0
516050.0,6081.869385004044,7073.0,97.0,46.0,14.0,572.0,264.4,78.0
516100.0,6082.6667947769165,7074.0,97.0,52.0,14.0,572.0,308.6,78.0
516150.0,6083.468017578125,7074.0,97.0,52.0,14.0,572.0,308.6,78.0
516200.0,6084.2708196640015,7074.0,97.0,52.0,14.0,572.0,308.6,78.0
516250.0,6085.098247289658,7074.0,97.0,52.0,14.0,572.0,308.6,78.0
516300.0,6085.89571595192,7074.0,97.0,52.0,14.0,572.0,308.6,78.0
516350.0,6086.687953948975,7074.0,97.0,52.0,14.0,572.0,308.6,78.0
516400.0,6087.478456497192,7074.0,97.0,52.0,14.0,572.0,308.6,78.0
516450.0,6088.265304327011,7075.0,97.0,52.599998474121094,14.0,572.0,328.0,78.0
516500.0,6089.059737920761,7075.0,97.0,52.599998474121094,14.0,572.0,328.0,78.0
516550.0,6089.852291584015,7075.0,97.0,52.599998474121094,14.0,572.0,328.0,78.0
516600.0,6090.682974815369,7075.0,97.0,52.599998474121094,14.0,572.0,328.0,78.0
516650.0,6091.469623088837,7075.0,97.0,52.599998474121094,14.0,572.0,328.0,78.0
516700.0,6092.255971431732,7075.0,97.0,52.599998474121094,14.0,572.0,328.0,78.0
516750.0,6093.054926156998,7075.0,97.0,52.599998474121094,14.0,572.0,328.0,78.0
516800.0,6093.8560519218445,7076.0,97.0,57.400001525878906,14.0,572.0,374.2,78.0
516850.0,6094.640008211136,7076.0,97.0,57.400001525878906,14.0,572.0,374.2,78.0
516900.0,6095.43097114563,7076.0,97.0,57.400001525878906,14.0,572.0,374.2,78.0
516950.0,6096.205048799515,7076.0,97.0,57.400001525878906,14.0,572.0,374.2,78.0
517000.0,6096.987075328827,7077.0,97.0,60.20000076293945,28.0,572.0,400.2,208.0
517050.0,6097.774526834488,7077.0,97.0,60.20000076293945,28.0,572.0,400.2,208.0
517100.0,6098.577644109726,7077.0,97.0,60.20000076293945,28.0,572.0,400.2,208.0
517150.0,6099.378028392792,7077.0,97.0,60.20000076293945,28.0,572.0,400.2,208.0
517200.0,6100.17845582962,7077.0,97.0,60.20000076293945,28.0,572.0,400.2,208.0
517250.0,6100.960872173309,7077.0,97.0,60.20000076293945,28.0,572.0,400.2,208.0
517300.0,6101.75847697258,7078.0,83.0,47.79999923706055,28.0,522.0,346.0,208.0
517350.0,6102.559484243393,7079.0,47.0,31.600000381469727,2.0,362.0,245.4,19.0
517400.0,6103.177356719971,7079.0,47.0,31.600000381469727,2.0,362.0,245.4,19.0
517450.0,6103.798960924149,7079.0,47.0,31.600000381469727,2.0,362.0,245.4,19.0
517500.0,6104.4210040569305,7079.0,47.0,31.600000381469727,2.0,362.0,245.4,19.0
517550.0,6105.048986673355,7080.0,47.0,28.200000762939453,2.0,362.0,223.8,19.0
517600.0,6105.635709524155,7080.0,47.0,28.200000762939453,2.0,362.0,223.8,19.0
517650.0,6106.226886510849,7080.0,47.0,28.200000762939453,2.0,362.0,223.8,19.0
517700.0,6106.801465749741,7081.0,35.0,22.200000762939453,2.0,301.0,179.6,19.0
517750.0,6107.384095668793,7081.0,35.0,22.200000762939453,2.0,301.0,179.6,19.0
517800.0,6107.977442979813,7081.0,35.0,22.200000762939453,2.0,301.0,179.6,19.0
517850.0,6108.562916755676,7082.0,35.0,20.600000381469727,2.0,301.0,169.8,19.0
517900.0,6109.152250289917,7082.0,35.0,20.600000381469727,2.0,301.0,169.8,19.0
517950.0,6109.740350961685,7082.0,35.0,20.600000381469727,2.0,301.0,169.8,19.0
518000.0,6110.32959318161,7083.0,29.0,16.200000762939453,2.0,229.0,133.8,19.0
518050.0,6110.916127443314,7085.0,20.0,12.199999809265137,4.0,159.0,99.6,27.0
518100.0,6111.505256652832,7085.0,20.0,12.199999809265137,4.0,159.0,99.6,27.0
518150.0,6112.099456787109,7086.0,20.0,12.0,4.0,159.0,92.2,27.0
518200.0,6112.692118167877,7086.0,20.0,12.0,4.0,159.0,92.2,27.0
518250.0,6113.28475189209,7086.0,20.0,12.0,4.0,159.0,92.2,27.0
518300.0,6113.882256746292,7087.0,16.0,11.199999809265137,4.0,121.0,84.2,27.0
518350.0,6114.463770151138,7088.0,16.0,11.0,4.0,119.0,75.8,27.0
518400.0,6115.0508506298065,7089.0,16.0,11.0,4.0,119.0,76.4,27.0
518450.0,6115.637949705124,7089.0,16.0,11.0,4.0,119.0,76.4,27.0
518500.0,6116.226455211639,7089.0,16.0,11.0,4.0,119.0,76.4,27.0
518550.0,6116.8019926548,7089.0,16.0,11.0,4.0,119.0,76.4,27.0
518600.0,6117.377184867859,7090.0,24.0,15.0,7.0,188.0,108.6,53.0
518650.0,6117.963538646698,7090.0,24.0,15.0,7.0,188.0,108.6,53.0
518700.0,6118.5412583351135,7090.0,24.0,15.0,7.0,188.0,108.6,53.0
518750.0,6119.125936985016,7091.0,24.0,15.800000190734863,7.0,188.0,119.6,53.0
518800.0,6119.720731496811,7091.0,24.0,15.800000190734863,7.0,188.0,119.6,53.0
518850.0,6120.315942287445,7091.0,24.0,15.800000190734863,7.0,188.0,119.6,53.0
518900.0,6120.915347576141,7092.0,24.0,17.0,7.0,188.0,126.2,53.0
518950.0,6121.511486291885,7092.0,24.0,17.0,7.0,188.0,126.2,53.0
519000.0,6122.1091549396515,7092.0,24.0,17.0,7.0,188.0,126.2,53.0
519050.0,6122.712729930878,7092.0,24.0,17.0,7.0,188.0,126.2,53.0
519100.0,6123.318596839905,7092.0,24.0,17.0,7.0,188.0,126.2,53.0
519150.0,6123.910592556,7092.0,24.0,17.0,7.0,188.0,126.2,53.0
519200.0,6124.500953197479,7092.0,24.0,17.0,7.0,188.0,126.2,53.0
519250.0,6125.08647108078,7092.0,24.0,17.0,7.0,188.0,126.2,53.0
519300.0,6125.6872889995575,7092.0,24.0,17.0,7.0,188.0,126.2,53.0
519350.0,6126.2869708538055,7093.0,48.0,24.200000762939453,7.0,429.0,196.2,53.0
519400.0,6126.879615068436,7093.0,48.0,24.200000762939453,7.0,429.0,196.2,53.0
519450.0,6127.4646525383,7094.0,48.0,25.600000381469727,14.0,429.0,205.6,100.0
519500.0,6128.052094221115,7095.0,48.0,22.600000381469727,9.0,429.0,180.2,61.0
519550.0,6128.650199890137,7095.0,48.0,22.600000381469727,9.0,429.0,180.2,61.0
519600.0,6129.241219043732,7095.0,48.0,22.600000381469727,9.0,429.0,180.2,61.0
519650.0,6129.833501338959,7095.0,48.0,22.600000381469727,9.0,429.0,180.2,61.0
519700.0,6130.419518709183,7096.0,48.0,24.0,9.0,429.0,184.2,61.0
519750.0,6130.997401475906,7096.0,48.0,24.0,9.0,429.0,184.2,61.0
519800.0,6131.595479011536,7097.0,48.0,23.399999618530273,9.0,429.0,179.6,61.0
519850.0,6132.18150138855,7098.0,27.0,15.199999809265137,7.0,179.0,104.0,51.0
519900.0,6132.772556304932,7099.0,27.0,13.600000381469727,6.0,179.0,92.0,40.0
519950.0,6133.376512765884,7100.0,27.0,13.0,6.0,179.0,87.8,40.0
520000.0,6133.9687485694885,7100.0,27.0,13.0,6.0,179.0,87.8,40.0
520050.0,6134.560559988022,7101.0,19.0,10.800000190734863,6.0,129.0,76.2,40.0
520100.0,6135.148129701614,7102.0,16.0,7.800000190734863,4.0,121.0,56.2,29.0
520150.0,6135.735111474991,7103.0,16.0,8.199999809265137,4.0,121.0,58.0,29.0
520200.0,6136.332312583923,7103.0,16.0,8.199999809265137,4.0,121.0,58.0,29.0
520250.0,6136.917606830597,7103.0,16.0,8.199999809265137,4.0,121.0,58.0,29.0
520300.0,6137.50582242012,7104.0,23.0,11.600000381469727,4.0,160.0,82.0,29.0
520350.0,6138.098678588867,7105.0,23.0,12.0,4.0,160.0,83.8,29.0
520400.0,6138.685605049133,7106.0,23.0,10.199999809265137,4.0,160.0,67.8,29.0
520450.0,6139.272781133652,7106.0,23.0,10.199999809265137,4.0,160.0,67.8,29.0
520500.0,6139.860764980316,7106.0,23.0,10.199999809265137,4.0,160.0,67.8,29.0
520550.0,6140.44825053215,7107.0,23.0,13.800000190734863,7.0,160.0,90.0,41.0
520600.0,6141.033382177353,7107.0,23.0,13.800000190734863,7.0,160.0,90.0,41.0
520650.0,6141.620939016342,7107.0,23.0,13.800000190734863,7.0,160.0,90.0,41.0
520700.0,6142.207984685898,7107.0,23.0,13.800000190734863,7.0,160.0,90.0,41.0
520750.0,6142.793616533279,7108.0,35.0,19.0,7.0,222.0,122.4,41.0
520800.0,6143.384570598602,7108.0,35.0,19.0,7.0,222.0,122.4,41.0
520850.0,6143.978885650635,7109.0,35.0,17.200000762939453,7.0,222.0,108.0,41.0
520900.0,6144.560538291931,7109.0,35.0,17.200000762939453,7.0,222.0,108.0,41.0
520950.0,6145.135693073273,7109.0,35.0,17.200000762939453,7.0,222.0,108.0,41.0
521000.0,6145.723633766174,7109.0,35.0,17.200000762939453,7.0,222.0,108.0,41.0
521050.0,6146.310316085815,7109.0,35.0,17.200000762939453,7.0,222.0,108.0,41.0
521100.0,6146.902888536453,7109.0,35.0,17.200000762939453,7.0,222.0,108.0,41.0
521150.0,6147.49498295784,7109.0,35.0,17.200000762939453,7.0,222.0,108.0,41.0
521200.0,6148.09313416481,7110.0,62.0,28.0,7.0,362.0,170.6,41.0
521250.0,6148.683058023453,7111.0,62.0,28.200000762939453,8.0,362.0,172.4,50.0
521300.0,6149.28125667572,7111.0,62.0,28.200000762939453,8.0,362.0,172.4,50.0
521350.0,6149.888866186142,7111.0,62.0,28.200000762939453,8.0,362.0,172.4,50.0
521400.0,6150.496073484421,7111.0,62.0,28.200000762939453,8.0,362.0,172.4,50.0
521450.0,6151.100496053696,7111.0,62.0,28.200000762939453,8.0,362.0,172.4,50.0
521500.0,6151.700788259506,7111.0,62.0,28.200000762939453,8.0,362.0,172.4,50.0
521550.0,6152.357983112335,7112.0,62.0,32.79999923706055,8.0,362.0,198.2,50.0
521600.0,6152.972183465958,7113.0,62.0,28.399999618530273,8.0,362.0,168.0,50.0
521650.0,6153.578708648682,7114.0,62.0,26.399999618530273,4.0,362.0,156.2,29.0
521700.0,6154.168570995331,7114.0,62.0,26.399999618530273,4.0,362.0,156.2,29.0
521750.0,6154.763125419617,7116.0,45.0,16.399999618530273,3.0,269.0,97.4,18.0
521800.0,6155.3485271930695,7116.0,45.0,16.399999618530273,3.0,269.0,97.4,18.0
521850.0,6155.935784578323,7116.0,45.0,16.399999618530273,3.0,269.0,97.4,18.0
521900.0,6156.56032371521,7117.0,28.0,13.0,3.0,163.0,76.2,18.0
521950.0,6157.145636558533,7118.0,28.0,11.0,3.0,163.0,65.8,18.0
522000.0,6157.7361760139465,7118.0,28.0,11.0,3.0,163.0,65.8,18.0
522050.0,6158.321762561798,7118.0,28.0,11.0,3.0,163.0,65.8,18.0
522100.0,6158.899609088898,7118.0,28.0,11.0,3.0,163.0,65.8,18.0
522150.0,6159.485948562622,7118.0,28.0,11.0,3.0,163.0,65.8,18.0
522200.0,6160.080223083496,7119.0,43.0,18.799999237060547,3.0,269.0,113.8,18.0
522250.0,6160.670347690582,7120.0,43.0,17.600000381469727,3.0,269.0,105.6,18.0
522300.0,6161.27366065979,7120.0,43.0,17.600000381469727,3.0,269.0,105.6,18.0
522350.0,6161.863684415817,7120.0,43.0,17.600000381469727,3.0,269.0,105.6,18.0
522400.0,6162.460645675659,7120.0,43.0,17.600000381469727,3.0,269.0,105.6,18.0
522450.0,6163.065207958221,7120.0,43.0,17.600000381469727,3.0,269.0,105.6,18.0
522500.0,6163.671081781387,7121.0,43.0,25.200000762939453,3.0,269.0,152.4,19.0
522550.0,6164.266808271408,7121.0,43.0,25.200000762939453,3.0,269.0,152.4,19.0
522600.0,6164.854185581207,7121.0,43.0,25.200000762939453,3.0,269.0,152.4,19.0
522650.0,6165.443913221359,7121.0,43.0,25.200000762939453,3.0,269.0,152.4,19.0
522700.0,6166.036356687546,7122.0,43.0,26.200000762939453,3.0,269.0,157.6,19.0
522750.0,6166.628439664841,7123.0,43.0,27.399999618530273,9.0,269.0,163.8,50.0
522800.0,6167.223595380783,7124.0,41.0,19.799999237060547,5.0,252.0,116.2,31.0
522850.0,6167.807460308075,7125.0,41.0,19.200000762939453,5.0,252.0,114.4,31.0
522900.0,6168.385360240936,7125.0,41.0,19.200000762939453,5.0,252.0,114.4,31.0
522950.0,6168.976697206497,7126.0,33.0,15.600000381469727,5.0,189.0,90.2,31.0
523000.0,6169.572782754898,7126.0,33.0,15.600000381469727,5.0,189.0,90.2,31.0
523050.0,6170.165402173996,7126.0,33.0,15.600000381469727,5.0,189.0,90.2,31.0
523100.0,6170.748001813889,7126.0,33.0,15.600000381469727,5.0,189.0,90.2,31.0
523150.0,6171.333624124527,7127.0,35.0,16.0,5.0,198.0,92.0,31.0
523200.0,6171.9275279045105,7127.0,35.0,16.0,5.0,198.0,92.0,31.0
523250.0,6172.519690275192,7127.0,35.0,16.0,5.0,198.0,92.0,31.0
523300.0,6173.1164400577545,7127.0,35.0,16.0,5.0,198.0,92.0,31.0
523350.0,6173.70840716362,7127.0,35.0,16.0,5.0,198.0,92.0,31.0
523400.0,6174.29363155365,7127.0,35.0,16.0,5.0,198.0,92.0,31.0
523450.0,6174.877792835236,7127.0,35.0,16.0,5.0,198.0,92.0,31.0
523500.0,6175.454792022705,7127.0,35.0,16.0,5.0,198.0,92.0,31.0
523550.0,6176.033339500427,7127.0,35.0,16.0,5.0,198.0,92.0,31.0
523600.0,6176.621483802795,7127.0,35.0,16.0,5.0,198.0,92.0,31.0
523650.0,6177.196964263916,7127.0,35.0,16.0,5.0,198.0,92.0,31.0
523700.0,6177.785600662231,7128.0,92.0,32.599998474121094,5.0,551.0,192.2,31.0
523750.0,6178.37531208992,7129.0,92.0,33.400001525878906,8.0,551.0,196.2,50.0
523800.0,6178.9642815589905,7129.0,92.0,33.400001525878906,8.0,551.0,196.2,50.0
523850.0,6179.559855699539,7130.0,92.0,34.79999923706055,9.0,551.0,203.8,51.0
523900.0,6180.148656606674,7130.0,92.0,34.79999923706055,9.0,551.0,203.8,51.0
523950.0,6180.7478723526,7130.0,92.0,34.79999923706055,9.0,551.0,203.8,51.0
524000.0,6181.375956296921,7130.0,92.0,34.79999923706055,9.0,551.0,203.8,51.0
524050.0,6181.972208976746,7130.0,92.0,34.79999923706055,9.0,551.0,203.8,51.0
524100.0,6182.567881345749,7131.0,92.0,38.79999923706055,9.0,551.0,227.6,51.0
524150.0,6183.155200004578,7132.0,92.0,33.599998474121094,9.0,551.0,199.8,51.0
524200.0,6183.740151882172,7132.0,92.0,33.599998474121094,9.0,551.0,199.8,51.0
524250.0,6184.325812339783,7133.0,43.0,18.399999618530273,9.0,250.0,110.0,51.0
524300.0,6184.914796113968,7133.0,43.0,18.399999618530273,9.0,250.0,110.0,51.0
524350.0,6185.512952566147,7134.0,43.0,19.399999618530273,9.0,250.0,117.6,59.0
524400.0,6186.101070165634,7134.0,43.0,19.399999618530273,9.0,250.0,117.6,59.0
524450.0,6186.680600166321,7134.0,43.0,19.399999618530273,9.0,250.0,117.6,59.0
524500.0,6187.265653371811,7135.0,43.0,21.200000762939453,9.0,250.0,130.0,59.0
524550.0,6187.859986782074,7135.0,43.0,21.200000762939453,9.0,250.0,130.0,59.0
524600.0,6188.459887742996,7135.0,43.0,21.200000762939453,9.0,250.0,130.0,59.0
524650.0,6189.0482006073,7135.0,43.0,21.200000762939453,9.0,250.0,130.0,59.0
524700.0,6189.632485151291,7135.0,43.0,21.200000762939453,9.0,250.0,130.0,59.0
524750.0,6190.268509864807,7135.0,43.0,21.200000762939453,9.0,250.0,130.0,59.0
524800.0,6190.898034572601,7135.0,43.0,21.200000762939453,9.0,250.0,130.0,59.0
524850.0,6191.493792057037,7136.0,57.0,24.0,9.0,350.0,150.0,59.0
524900.0,6192.108379125595,7136.0,57.0,24.0,9.0,350.0,150.0,59.0
524950.0,6192.738923788071,7136.0,57.0,24.0,9.0,350.0,150.0,59.0
525000.0,6193.356709718704,7136.0,57.0,24.0,9.0,350.0,150.0,59.0
525050.0,6193.982485532761,7136.0,57.0,24.0,9.0,350.0,150.0,59.0
525100.0,6194.7117240428925,7136.0,57.0,24.0,9.0,350.0,150.0,59.0
525150.0,6195.510592222214,7136.0,57.0,24.0,9.0,350.0,150.0,59.0
525200.0,6196.307314872742,7136.0,57.0,24.0,9.0,350.0,150.0,59.0
525250.0,6197.103480577469,7136.0,57.0,24.0,9.0,350.0,150.0,59.0
525300.0,6197.902378320694,7136.0,57.0,24.0,9.0,350.0,150.0,59.0
525350.0,6198.702547311783,7136.0,57.0,24.0,9.0,350.0,150.0,59.0
525400.0,6199.503155946732,7136.0,57.0,24.0,9.0,350.0,150.0,59.0
525450.0,6200.298868894577,7136.0,57.0,24.0,9.0,350.0,150.0,59.0
525500.0,6201.094192028046,7137.0,105.0,43.20000076293945,14.0,661.0,270.4,89.0
525550.0,6201.828183412552,7138.0,105.0,41.400001525878906,7.0,661.0,257.8,39.0
525600.0,6202.476807832718,7138.0,105.0,41.400001525878906,7.0,661.0,257.8,39.0
525650.0,6203.121319532394,7138.0,105.0,41.400001525878906,7.0,661.0,257.8,39.0
525700.0,6203.753203868866,7138.0,105.0,41.400001525878906,7.0,661.0,257.8,39.0
525750.0,6204.379339933395,7138.0,105.0,41.400001525878906,7.0,661.0,257.8,39.0
525800.0,6205.008360624313,7138.0,105.0,41.400001525878906,7.0,661.0,257.8,39.0
525850.0,6205.643593072891,7138.0,105.0,41.400001525878906,7.0,661.0,257.8,39.0
525900.0,6206.251777410507,7139.0,105.0,50.0,7.0,661.0,308.0,39.0
525950.0,6206.872020244598,7139.0,105.0,50.0,7.0,661.0,308.0,39.0
526000.0,6207.498968601227,7139.0,105.0,50.0,7.0,661.0,308.0,39.0
526050.0,6208.157145738602,7139.0,105.0,50.0,7.0,661.0,308.0,39.0
526100.0,6208.803110361099,7140.0,105.0,52.0,7.0,661.0,322.2,39.0
526150.0,6209.448735713959,7141.0,105.0,41.79999923706055,6.0,661.0,260.0,39.0
526200.0,6210.095222234726,7142.0,57.0,22.600000381469727,6.0,340.0,139.6,39.0
526250.0,6210.732788801193,7143.0,57.0,22.399999618530273,6.0,340.0,140.2,39.0
526300.0,6211.383388519287,7143.0,57.0,22.399999618530273,6.0,340.0,140.2,39.0
526350.0,6212.023598909378,7143.0,57.0,22.399999618530273,6.0,340.0,140.2,39.0
526400.0,6212.682864904404,7144.0,34.0,15.600000381469727,6.0,221.0,104.2,39.0
526450.0,6213.328555345535,7144.0,34.0,15.600000381469727,6.0,221.0,104.2,39.0
526500.0,6213.964831352234,7145.0,23.0,11.199999809265137,6.0,160.0,75.8,39.0
526550.0,6214.612223148346,7146.0,23.0,11.800000190734863,6.0,160.0,81.8,42.0
526600.0,6215.253382444382,7146.0,23.0,11.800000190734863,6.0,160.0,81.8,42.0
526650.0,6215.902405738831,7146.0,23.0,11.800000190734863,6.0,160.0,81.8,42.0
526700.0,6216.5530297756195,7147.0,23.0,14.199999809265137,6.0,160.0,100.0,42.0
526750.0,6217.197169303894,7148.0,23.0,14.199999809265137,6.0,160.0,99.8,41.0
526800.0,6217.84460067749,7148.0,23.0,14.199999809265137,6.0,160.0,99.8,41.0
526850.0,6218.496952056885,7148.0,23.0,14.199999809265137,6.0,160.0,99.8,41.0
526900.0,6219.142101049423,7149.0,21.0,13.800000190734863,6.0,150.0,95.8,41.0
526950.0,6219.784037351608,7149.0,21.0,13.800000190734863,6.0,150.0,95.8,41.0
527000.0,6220.428309202194,7149.0,21.0,13.800000190734863,6.0,150.0,95.8,41.0
527050.0,6221.071735858917,7149.0,21.0,13.800000190734863,6.0,150.0,95.8,41.0
527100.0,6221.719743013382,7149.0,21.0,13.800000190734863,6.0,150.0,95.8,41.0
527150.0,6222.357005596161,7149.0,21.0,13.800000190734863,6.0,150.0,95.8,41.0
527200.0,6223.006669044495,7149.0,21.0,13.800000190734863,6.0,150.0,95.8,41.0
527250.0,6223.656695365906,7149.0,21.0,13.800000190734863,6.0,150.0,95.8,41.0
527300.0,6224.2894105911255,7150.0,52.0,21.799999237060547,6.0,413.0,162.6,41.0
527350.0,6224.915841341019,7150.0,52.0,21.799999237060547,6.0,413.0,162.6,41.0
527400.0,6225.544623851776,7150.0,52.0,21.799999237060547,6.0,413.0,162.6,41.0
527450.0,6226.184316635132,7151.0,52.0,24.399999618530273,6.0,413.0,178.2,41.0
527500.0,6226.820080280304,7151.0,52.0,24.399999618530273,6.0,413.0,178.2,41.0
527550.0,6227.452342748642,7151.0,52.0,24.399999618530273,6.0,413.0,178.2,41.0
527600.0,6228.05995965004,7152.0,52.0,25.200000762939453,6.0,413.0,178.4,41.0
527650.0,6228.677574157715,7153.0,52.0,26.0,10.0,413.0,182.2,60.0
527700.0,6229.273939847946,7153.0,52.0,26.0,10.0,413.0,182.2,60.0
527750.0,6229.863118648529,7153.0,52.0,26.0,10.0,413.0,182.2,60.0
527800.0,6230.4500613212585,7153.0,52.0,26.0,10.0,413.0,182.2,60.0
527850.0,6231.051981925964,7154.0,52.0,26.799999237060547,10.0,413.0,188.0,60.0
527900.0,6231.637859582901,7154.0,52.0,26.799999237060547,10.0,413.0,188.0,60.0
527950.0,6232.2214612960815,7154.0,52.0,26.799999237060547,10.0,413.0,188.0,60.0
528000.0,6232.813377380371,7155.0,28.0,22.0,10.0,169.0,137.4,60.0
528050.0,6233.416291713715,7155.0,28.0,22.0,10.0,169.0,137.4,60.0
528100.0,6234.011534452438,7155.0,28.0,22.0,10.0,169.0,137.4,60.0
528150.0,6234.602427721024,7155.0,28.0,22.0,10.0,169.0,137.4,60.0
528200.0,6235.194472074509,7155.0,28.0,22.0,10.0,169.0,137.4,60.0
528250.0,6235.779720067978,7156.0,46.0,26.799999237060547,10.0,269.0,161.8,60.0
528300.0,6236.363393545151,7156.0,46.0,26.799999237060547,10.0,269.0,161.8,60.0
528350.0,6236.94044137001,7156.0,46.0,26.799999237060547,10.0,269.0,161.8,60.0
528400.0,6237.51432466507,7156.0,46.0,26.799999237060547,10.0,269.0,161.8,60.0
528450.0,6238.091872215271,7156.0,46.0,26.799999237060547,10.0,269.0,161.8,60.0
528500.0,6238.702470541,7156.0,46.0,26.799999237060547,10.0,269.0,161.8,60.0
528550.0,6239.276971578598,7156.0,46.0,26.799999237060547,10.0,269.0,161.8,60.0
528600.0,6239.855999469757,7156.0,46.0,26.799999237060547,10.0,269.0,161.8,60.0
528650.0,6240.440502882004,7157.0,68.0,35.400001525878906,10.0,393.0,210.2,60.0
528700.0,6241.023694753647,7158.0,68.0,35.20000076293945,9.0,393.0,209.6,57.0
528750.0,6241.6039617061615,7158.0,68.0,35.20000076293945,9.0,393.0,209.6,57.0
528800.0,6242.185553312302,7158.0,68.0,35.20000076293945,9.0,393.0,209.6,57.0
528850.0,6242.782261371613,7158.0,68.0,35.20000076293945,9.0,393.0,209.6,57.0
528900.0,6243.390342473984,7158.0,68.0,35.20000076293945,9.0,393.0,209.6,57.0
528950.0,6243.989502191544,7158.0,68.0,35.20000076293945,9.0,393.0,209.6,57.0
529000.0,6244.596471786499,7158.0,68.0,35.20000076293945,9.0,393.0,209.6,57.0
529050.0,6245.20658826828,7159.0,68.0,42.79999923706055,9.0,393.0,246.4,57.0
529100.0,6245.815458059311,7159.0,68.0,42.79999923706055,9.0,393.0,246.4,57.0
529150.0,6246.405267715454,7160.0,68.0,40.20000076293945,9.0,393.0,232.0,57.0
529200.0,6247.035052537918,7160.0,68.0,40.20000076293945,9.0,393.0,232.0,57.0
529250.0,6247.627210855484,7161.0,68.0,33.599998474121094,9.0,393.0,194.4,57.0
529300.0,6248.211474657059,7162.0,63.0,22.600000381469727,9.0,353.0,129.6,57.0
529350.0,6248.84553027153,7162.0,63.0,22.600000381469727,9.0,353.0,129.6,57.0
529400.0,6249.47459769249,7162.0,63.0,22.600000381469727,9.0,353.0,129.6,57.0
529450.0,6250.099380970001,7163.0,63.0,26.200000762939453,13.0,353.0,148.2,69.0
529500.0,6250.740546941757,7164.0,27.0,15.600000381469727,10.0,150.0,89.4,59.0
529550.0,6251.480278253555,7164.0,27.0,15.600000381469727,10.0,150.0,89.4,59.0
529600.0,6252.279946088791,7165.0,27.0,16.200000762939453,10.0,150.0,91.8,59.0
529650.0,6253.084109544754,7165.0,27.0,16.200000762939453,10.0,150.0,91.8,59.0
529700.0,6253.893038511276,7165.0,27.0,16.200000762939453,10.0,150.0,91.8,59.0
529750.0,6254.69721198082,7165.0,27.0,16.200000762939453,10.0,150.0,91.8,59.0
529800.0,6255.49574637413,7165.0,27.0,16.200000762939453,10.0,150.0,91.8,59.0
529850.0,6256.295758724213,7166.0,40.0,21.600000381469727,10.0,231.0,121.8,59.0
529900.0,6257.0958116054535,7166.0,40.0,21.600000381469727,10.0,231.0,121.8,59.0
529950.0,6257.8924243450165,7166.0,40.0,21.600000381469727,10.0,231.0,121.8,59.0
530000.0,6258.693964958191,7166.0,40.0,21.600000381469727,10.0,231.0,121.8,59.0
530050.0,6259.485872030258,7167.0,40.0,26.200000762939453,10.0,231.0,150.0,59.0
530100.0,6260.280858755112,7167.0,40.0,26.200000762939453,10.0,231.0,150.0,59.0
530150.0,6261.080591917038,7167.0,40.0,26.200000762939453,10.0,231.0,150.0,59.0
530200.0,6261.886238574982,7167.0,40.0,26.200000762939453,10.0,231.0,150.0,59.0
530250.0,6262.6962213516235,7167.0,40.0,26.200000762939453,10.0,231.0,150.0,59.0
530300.0,6263.506060838699,7167.0,40.0,26.200000762939453,10.0,231.0,150.0,59.0
530350.0,6264.308929204941,7167.0,40.0,26.200000762939453,10.0,231.0,150.0,59.0
530400.0,6265.107959508896,7168.0,64.0,33.599998474121094,10.0,362.0,192.4,59.0
530450.0,6265.911178350449,7168.0,64.0,33.599998474121094,10.0,362.0,192.4,59.0
530500.0,6266.565285921097,7168.0,64.0,33.599998474121094,10.0,362.0,192.4,59.0
530550.0,6267.204635620117,7169.0,64.0,36.599998474121094,18.0,362.0,210.4,100.0
530600.0,6267.844110250473,7169.0,64.0,36.599998474121094,18.0,362.0,210.4,100.0
530650.0,6268.484074831009,7169.0,64.0,36.599998474121094,18.0,362.0,210.4,100.0
530700.0,6269.099212884903,7169.0,64.0,36.599998474121094,18.0,362.0,210.4,100.0
530750.0,6269.720503807068,7169.0,64.0,36.599998474121094,18.0,362.0,210.4,100.0
530800.0,6270.3561000823975,7169.0,64.0,36.599998474121094,18.0,362.0,210.4,100.0
530850.0,6270.996887207031,7170.0,64.0,44.20000076293945,25.0,362.0,250.0,149.0
530900.0,6271.621786117554,7171.0,64.0,38.0,9.0,362.0,213.8,50.0
530950.0,6272.236391067505,7171.0,64.0,38.0,9.0,362.0,213.8,50.0
531000.0,6272.872524499893,7171.0,64.0,38.0,9.0,362.0,213.8,50.0
531050.0,6273.496782302856,7172.0,64.0,36.0,9.0,362.0,200.4,50.0
531100.0,6274.1369643211365,7172.0,64.0,36.0,9.0,362.0,200.4,50.0
531150.0,6274.769105434418,7173.0,56.0,26.799999237060547,9.0,298.0,149.4,50.0
531200.0,6275.401308774948,7173.0,56.0,26.799999237060547,9.0,298.0,149.4,50.0
531250.0,6276.03085899353,7173.0,56.0,26.799999237060547,9.0,298.0,149.4,50.0
531300.0,6276.65899014473,7173.0,56.0,26.799999237060547,9.0,298.0,149.4,50.0
531350.0,6277.283119678497,7173.0,56.0,26.799999237060547,9.0,298.0,149.4,50.0
531400.0,6277.897248983383,7173.0,56.0,26.799999237060547,9.0,298.0,149.4,50.0
531450.0,6278.505010128021,7173.0,56.0,26.799999237060547,9.0,298.0,149.4,50.0
531500.0,6279.144937992096,7173.0,56.0,26.799999237060547,9.0,298.0,149.4,50.0
531550.0,6279.77184176445,7173.0,56.0,26.799999237060547,9.0,298.0,149.4,50.0
531600.0,6280.394453525543,7173.0,56.0,26.799999237060547,9.0,298.0,149.4,50.0
531650.0,6281.00683259964,7173.0,56.0,26.799999237060547,9.0,298.0,149.4,50.0
531700.0,6281.624915838242,7173.0,56.0,26.799999237060547,9.0,298.0,149.4,50.0
531750.0,6282.236885070801,7174.0,107.0,43.20000076293945,9.0,601.0,239.8,50.0
531800.0,6282.867507457733,7174.0,107.0,43.20000076293945,9.0,601.0,239.8,50.0
531850.0,6283.480878353119,7174.0,107.0,43.20000076293945,9.0,601.0,239.8,50.0
531900.0,6284.117839574814,7174.0,107.0,43.20000076293945,9.0,601.0,239.8,50.0
531950.0,6284.747003316879,7174.0,107.0,43.20000076293945,9.0,601.0,239.8,50.0
532000.0,6285.357540845871,7175.0,107.0,40.599998474121094,9.0,601.0,228.2,50.0
532050.0,6285.9588458538055,7175.0,107.0,40.599998474121094,9.0,601.0,228.2,50.0
532100.0,6286.545320272446,7175.0,107.0,40.599998474121094,9.0,601.0,228.2,50.0
532150.0,6287.152875423431,7175.0,107.0,40.599998474121094,9.0,601.0,228.2,50.0
532200.0,6287.744265079498,7176.0,107.0,46.599998474121094,18.0,601.0,260.0,107.0
532250.0,6288.335227966309,7176.0,107.0,46.599998474121094,18.0,601.0,260.0,107.0
532300.0,6288.934700965881,7176.0,107.0,46.599998474121094,18.0,601.0,260.0,107.0
532350.0,6289.545448064804,7177.0,107.0,46.599998474121094,18.0,601.0,261.8,107.0
532400.0,6290.187966823578,7177.0,107.0,46.599998474121094,18.0,601.0,261.8,107.0
532450.0,6290.809937477112,7178.0,107.0,46.0,15.0,601.0,258.2,89.0
532500.0,6291.430198907852,7178.0,107.0,46.0,15.0,601.0,258.2,89.0
532550.0,6292.055563688278,7178.0,107.0,46.0,15.0,601.0,258.2,89.0
532600.0,6292.696933031082,7178.0,107.0,46.0,15.0,601.0,258.2,89.0
532650.0,6293.337169408798,7178.0,107.0,46.0,15.0,601.0,258.2,89.0
532700.0,6293.984565258026,7179.0,43.0,32.20000076293945,15.0,260.0,190.0,89.0
532750.0,6294.61146402359,7179.0,43.0,32.20000076293945,15.0,260.0,190.0,89.0
532800.0,6295.235347270966,7179.0,43.0,32.20000076293945,15.0,260.0,190.0,89.0
532850.0,6295.864618062973,7179.0,43.0,32.20000076293945,15.0,260.0,190.0,89.0
532900.0,6296.492826700211,7180.0,39.0,29.600000381469727,15.0,260.0,181.8,89.0
532950.0,6297.126169204712,7180.0,39.0,29.600000381469727,15.0,260.0,181.8,89.0
533000.0,6297.759006500244,7181.0,38.0,24.399999618530273,13.0,260.0,158.2,89.0
533050.0,6298.3561198711395,7181.0,38.0,24.399999618530273,13.0,260.0,158.2,89.0
533100.0,6298.948224782944,7182.0,38.0,22.799999237060547,13.0,260.0,149.6,89.0
533150.0,6299.528030633926,7182.0,38.0,22.799999237060547,13.0,260.0,149.6,89.0
533200.0,6300.126363515854,7182.0,38.0,22.799999237060547,13.0,260.0,149.6,89.0
533250.0,6300.7273716926575,7182.0,38.0,22.799999237060547,13.0,260.0,149.6,89.0
533300.0,6301.324293136597,7182.0,38.0,22.799999237060547,13.0,260.0,149.6,89.0
533350.0,6301.912271976471,7182.0,38.0,22.799999237060547,13.0,260.0,149.6,89.0
533400.0,6302.492969989777,7182.0,38.0,22.799999237060547,13.0,260.0,149.6,89.0
533450.0,6303.130404949188,7182.0,38.0,22.799999237060547,13.0,260.0,149.6,89.0
533500.0,6303.752641916275,7183.0,65.0,32.79999923706055,13.0,393.0,210.4,91.0
533550.0,6304.379442930222,7183.0,65.0,32.79999923706055,13.0,393.0,210.4,91.0
533600.0,6305.014496803284,7183.0,65.0,32.79999923706055,13.0,393.0,210.4,91.0
533650.0,6305.6315405368805,7184.0,65.0,30.399999618530273,13.0,393.0,188.0,91.0
533700.0,6306.247866392136,7184.0,65.0,30.399999618530273,13.0,393.0,188.0,91.0
533750.0,6306.904669284821,7184.0,65.0,30.399999618530273,13.0,393.0,188.0,91.0
533800.0,6307.672374248505,7184.0,65.0,30.399999618530273,13.0,393.0,188.0,91.0
533850.0,6308.4657826423645,7184.0,65.0,30.399999618530273,13.0,393.0,188.0,91.0
533900.0,6309.268007993698,7184.0,65.0,30.399999618530273,13.0,393.0,188.0,91.0
533950.0,6310.058210134506,7185.0,65.0,34.79999923706055,13.0,393.0,210.6,91.0
534000.0,6310.85506439209,7186.0,65.0,33.599998474121094,7.0,393.0,200.4,40.0
534050.0,6311.647952795029,7186.0,65.0,33.599998474121094,7.0,393.0,200.4,40.0
534100.0,6312.448135375977,7186.0,65.0,33.599998474121094,7.0,393.0,200.4,40.0
534150.0,6313.257460355759,7186.0,65.0,33.599998474121094,7.0,393.0,200.4,40.0
534200.0,6314.058633804321,7186.0,65.0,33.599998474121094,7.0,393.0,200.4,40.0
534250.0,6314.741118431091,7186.0,65.0,33.599998474121094,7.0,393.0,200.4,40.0
534300.0,6315.380371570587,7187.0,65.0,40.0,7.0,393.0,238.2,40.0
534350.0,6316.026663780212,7187.0,65.0,40.0,7.0,393.0,238.2,40.0
534400.0,6316.652349948883,7187.0,65.0,40.0,7.0,393.0,238.2,40.0
534450.0,6317.277962207794,7187.0,65.0,40.0,7.0,393.0,238.2,40.0
534500.0,6317.912129640579,7187.0,65.0,40.0,7.0,393.0,238.2,40.0
534550.0,6318.548572301865,7187.0,65.0,40.0,7.0,393.0,238.2,40.0
534600.0,6319.18200802803,7187.0,65.0,40.0,7.0,393.0,238.2,40.0
534650.0,6319.824830770493,7187.0,65.0,40.0,7.0,393.0,238.2,40.0
534700.0,6320.469060659409,7187.0,65.0,40.0,7.0,393.0,238.2,40.0
534750.0,6321.111672639847,7187.0,65.0,40.0,7.0,393.0,238.2,40.0
534800.0,6321.757663965225,7187.0,65.0,40.0,7.0,393.0,238.2,40.0
534850.0,6322.400628328323,7187.0,65.0,40.0,7.0,393.0,238.2,40.0
534900.0,6323.04877281189,7187.0,65.0,40.0,7.0,393.0,238.2,40.0
534950.0,6323.6997764110565,7187.0,65.0,40.0,7.0,393.0,238.2,40.0
535000.0,6324.341024398804,7187.0,65.0,40.0,7.0,393.0,238.2,40.0
535050.0,6324.987992525101,7188.0,132.0,53.400001525878906,7.0,760.0,311.6,40.0
535100.0,6325.632850408554,7188.0,132.0,53.400001525878906,7.0,760.0,311.6,40.0
535150.0,6326.278956413269,7188.0,132.0,53.400001525878906,7.0,760.0,311.6,40.0
535200.0,6326.926807641983,7188.0,132.0,53.400001525878906,7.0,760.0,311.6,40.0
535250.0,6327.57702422142,7188.0,132.0,53.400001525878906,7.0,760.0,311.6,40.0
535300.0,6328.2238874435425,7188.0,132.0,53.400001525878906,7.0,760.0,311.6,40.0
535350.0,6328.856693983078,7188.0,132.0,53.400001525878906,7.0,760.0,311.6,40.0
535400.0,6329.487455129623,7189.0,132.0,59.599998474121094,7.0,760.0,346.2,40.0
535450.0,6330.131343126297,7189.0,132.0,59.599998474121094,7.0,760.0,346.2,40.0
535500.0,6330.7868502140045,7189.0,132.0,59.599998474121094,7.0,760.0,346.2,40.0
535550.0,6331.424226999283,7189.0,132.0,59.599998474121094,7.0,760.0,346.2,40.0
535600.0,6332.064987421036,7189.0,132.0,59.599998474121094,7.0,760.0,346.2,40.0
535650.0,6332.704968929291,7190.0,132.0,59.0,7.0,760.0,339.6,40.0
535700.0,6333.349368810654,7191.0,132.0,59.20000076293945,8.0,760.0,341.4,49.0
535750.0,6333.995066642761,7191.0,132.0,59.20000076293945,8.0,760.0,341.4,49.0
535800.0,6334.642211198807,7192.0,132.0,52.400001525878906,8.0,760.0,300.0,49.0
535850.0,6335.284947156906,7192.0,132.0,52.400001525878906,8.0,760.0,300.0,49.0
535900.0,6335.919513463974,7192.0,132.0,52.400001525878906,8.0,760.0,300.0,49.0
535950.0,6336.531580686569,7192.0,132.0,52.400001525878906,8.0,760.0,300.0,49.0
536000.0,6337.168575048447,7192.0,132.0,52.400001525878906,8.0,760.0,300.0,49.0
536050.0,6337.784485816956,7192.0,132.0,52.400001525878906,8.0,760.0,300.0,49.0
536100.0,6338.39578127861,7192.0,132.0,52.400001525878906,8.0,760.0,300.0,49.0
536150.0,6339.012479543686,7193.0,63.0,38.599998474121094,8.0,350.0,218.0,49.0
536200.0,6339.6076567173,7193.0,63.0,38.599998474121094,8.0,350.0,218.0,49.0
536250.0,6340.189151287079,7193.0,63.0,38.599998474121094,8.0,350.0,218.0,49.0
536300.0,6340.775046348572,7193.0,63.0,38.599998474121094,8.0,350.0,218.0,49.0
536350.0,6341.359898328781,7194.0,63.0,33.599998474121094,8.0,350.0,190.0,49.0
536400.0,6341.94420337677,7194.0,63.0,33.599998474121094,8.0,350.0,190.0,49.0
536450.0,6342.528749704361,7195.0,63.0,28.0,8.0,350.0,158.2,49.0
536500.0,6343.117763757706,7196.0,63.0,28.200000762939453,9.0,350.0,158.2,49.0
536550.0,6343.708783626556,7196.0,63.0,28.200000762939453,9.0,350.0,158.2,49.0
536600.0,6344.298841714859,7196.0,63.0,28.200000762939453,9.0,350.0,158.2,49.0
536650.0,6344.884964942932,7197.0,63.0,30.600000381469727,9.0,350.0,171.8,49.0
536700.0,6345.463935852051,7197.0,63.0,30.600000381469727,9.0,350.0,171.8,49.0
536750.0,6346.036622285843,7197.0,63.0,30.600000381469727,9.0,350.0,171.8,49.0
536800.0,6346.616324901581,7197.0,63.0,30.600000381469727,9.0,350.0,171.8,49.0
536850.0,6347.204628944397,7198.0,34.0,24.799999237060547,9.0,200.0,141.8,49.0
536900.0,6347.789791584015,7198.0,34.0,24.799999237060547,9.0,200.0,141.8,49.0
536950.0,6348.380405664444,7198.0,34.0,24.799999237060547,9.0,200.0,141.8,49.0
537000.0,6348.960377454758,7198.0,34.0,24.799999237060547,9.0,200.0,141.8,49.0
537050.0,6349.543536424637,7198.0,34.0,24.799999237060547,9.0,200.0,141.8,49.0
537100.0,6350.131283998489,7199.0,44.0,27.200000762939453,9.0,250.0,155.6,49.0
537150.0,6350.721380233765,7199.0,44.0,27.200000762939453,9.0,250.0,155.6,49.0
537200.0,6351.309417963028,7199.0,44.0,27.200000762939453,9.0,250.0,155.6,49.0
537250.0,6351.89512181282,7199.0,44.0,27.200000762939453,9.0,250.0,155.6,49.0
537300.0,6352.477574825287,7199.0,44.0,27.200000762939453,9.0,250.0,155.6,49.0
537350.0,6353.067587852478,7200.0,44.0,31.799999237060547,9.0,250.0,181.6,49.0
537400.0,6353.661972284317,7201.0,44.0,31.399999618530273,7.0,250.0,180.0,41.0
537450.0,6354.248899936676,7201.0,44.0,31.399999618530273,7.0,250.0,180.0,41.0
537500.0,6354.836006164551,7201.0,44.0,31.399999618530273,7.0,250.0,180.0,41.0
537550.0,6355.4229118824005,7201.0,44.0,31.399999618530273,7.0,250.0,180.0,41.0
537600.0,6356.007344484329,7201.0,44.0,31.399999618530273,7.0,250.0,180.0,41.0
537650.0,6356.590623140335,7201.0,44.0,31.399999618530273,7.0,250.0,180.0,41.0
537700.0,6357.172488689423,7201.0,44.0,31.399999618530273,7.0,250.0,180.0,41.0
537750.0,6357.757387876511,7201.0,44.0,31.399999618530273,7.0,250.0,180.0,41.0
537800.0,6358.351475954056,7201.0,44.0,31.399999618530273,7.0,250.0,180.0,41.0
537850.0,6358.925052881241,7201.0,44.0,31.399999618530273,7.0,250.0,180.0,41.0
537900.0,6359.506906032562,7201.0,44.0,31.399999618530273,7.0,250.0,180.0,41.0
537950.0,6360.084164381027,7201.0,44.0,31.399999618530273,7.0,250.0,180.0,41.0
538000.0,6360.655819416046,7201.0,44.0,31.399999618530273,7.0,250.0,180.0,41.0
538050.0,6361.2326836586,7202.0,116.0,49.0,7.0,662.0,280.6,41.0
538100.0,6361.823591470718,7202.0,116.0,49.0,7.0,662.0,280.6,41.0
538150.0,6362.415580272675,7202.0,116.0,49.0,7.0,662.0,280.6,41.0
538200.0,6363.012138128281,7202.0,116.0,49.0,7.0,662.0,280.6,41.0
538250.0,6363.6128718853,7202.0,116.0,49.0,7.0,662.0,280.6,41.0
538300.0,6364.204456329346,7202.0,116.0,49.0,7.0,662.0,280.6,41.0
538350.0,6364.7977113723755,7202.0,116.0,49.0,7.0,662.0,280.6,41.0
538400.0,6365.3940234184265,7202.0,116.0,49.0,7.0,662.0,280.6,41.0
538450.0,6365.979206562042,7202.0,116.0,49.0,7.0,662.0,280.6,41.0
538500.0,6366.5639564991,7202.0,116.0,49.0,7.0,662.0,280.6,41.0
538550.0,6367.1474685668945,7202.0,116.0,49.0,7.0,662.0,280.6,41.0
538600.0,6367.7342665195465,7202.0,116.0,49.0,7.0,662.0,280.6,41.0
538650.0,6368.322448730469,7202.0,116.0,49.0,7.0,662.0,280.6,41.0
538700.0,6368.91965174675,7202.0,116.0,49.0,7.0,662.0,280.6,41.0
538750.0,6369.505463838577,7202.0,116.0,49.0,7.0,662.0,280.6,41.0
538800.0,6370.088541507721,7203.0,126.0,67.4000015258789,7.0,738.0,388.2,41.0
538850.0,6370.672703742981,7203.0,126.0,67.4000015258789,7.0,738.0,388.2,41.0
538900.0,6371.248433589935,7203.0,126.0,67.4000015258789,7.0,738.0,388.2,41.0
538950.0,6371.820292472839,7203.0,126.0,67.4000015258789,7.0,738.0,388.2,41.0
539000.0,6372.395868778229,7204.0,126.0,65.5999984741211,7.0,738.0,380.0,41.0
539050.0,6372.989686965942,7204.0,126.0,65.5999984741211,7.0,738.0,380.0,41.0
539100.0,6373.586095571518,7204.0,126.0,65.5999984741211,7.0,738.0,380.0,41.0
539150.0,6374.176924705505,7204.0,126.0,65.5999984741211,7.0,738.0,380.0,41.0
539200.0,6374.760185480118,7204.0,126.0,65.5999984741211,7.0,738.0,380.0,41.0
539250.0,6375.342182159424,7204.0,126.0,65.5999984741211,7.0,738.0,380.0,41.0
539300.0,6375.9315350055695,7204.0,126.0,65.5999984741211,7.0,738.0,380.0,41.0
539350.0,6376.5159459114075,7204.0,126.0,65.5999984741211,7.0,738.0,380.0,41.0
539400.0,6377.102814435959,7204.0,126.0,65.5999984741211,7.0,738.0,380.0,41.0
539450.0,6377.6888201236725,7204.0,126.0,65.5999984741211,7.0,738.0,380.0,41.0
539500.0,6378.258993148804,7204.0,126.0,65.5999984741211,7.0,738.0,380.0,41.0
539550.0,6378.849048137665,7204.0,126.0,65.5999984741211,7.0,738.0,380.0,41.0
539600.0,6379.437530040741,7204.0,126.0,65.5999984741211,7.0,738.0,380.0,41.0
539650.0,6380.027431488037,7204.0,126.0,65.5999984741211,7.0,738.0,380.0,41.0
539700.0,6380.617570877075,7204.0,126.0,65.5999984741211,7.0,738.0,380.0,41.0
539750.0,6381.201294660568,7205.0,126.0,79.80000305175781,7.0,738.0,474.4,41.0
539800.0,6381.800798892975,7205.0,126.0,79.80000305175781,7.0,738.0,474.4,41.0
539850.0,6382.383983135223,7205.0,126.0,79.80000305175781,7.0,738.0,474.4,41.0
539900.0,6382.968050479889,7205.0,126.0,79.80000305175781,7.0,738.0,474.4,41.0
539950.0,6383.555557966232,7206.0,126.0,85.80000305175781,35.0,738.0,508.4,209.0
540000.0,6384.144880056381,7206.0,126.0,85.80000305175781,35.0,738.0,508.4,209.0
